behavior_score,amortization_term,recovery_amount,ead,lgd,recovery_origin_code,collateral_type_code,survival_time_1,survival_time_2
24.98,222,26712.13,4360.65,0.9401622161,3,2,7,36
91.0,300,44614.01,44747.42,0.0029814009,4,2,22,4
2.0,360,0.0,137134.22,1.0,5,2,17,1
24.98,240,70919.2,60342.22,0.0,1,2,80,12
22.0,240,0.0,64248.48,1.0,4,2,28,1
6.0,240,76787.0,67711.43,0.0,5,2,12,20
1.0,240,0.0,46642.11,1.0,4,2,20,14
28.0,240,59838.74,55610.31,0.8718198091,4,2,32,53
1.0,300,0.0,11963.39,0.7591908972,5,2,17,19
4.0,234,14892.43,15052.98,0.0106656622,3,2,60,20
2.0,240,10516.45,8980.38,0.0,3,4,35,18
26.0,300,49792.95,49399.98,0.0,4,2,12,2
8.0,240,75549.14,75294.29,0.0,4,2,34,1
0.0,300,0.0,40665.63,1.0,4,2,20,10
1.0,360,0.0,86622.7,1.0,5,2,14,9
18.0,262,153365.16,148294.43,0.0,5,2,16,3
28.0,300,56713.91,55740.42,0.0,4,2,9,3
4.0,300,0.0,63401.43,1.0,4,2,19,9
24.98,300,0.0,53851.45,1.0,4,2,9,7
24.98,240,34728.97,37541.0,0.0,1,2,77,10
9.0,360,50595.07,206820.93,0.7553677474,5,2,9,13
24.98,120,61833.33,61642.31,0.0,5,2,22,0
5.0,240,0.0,75197.54,1.0,5,2,48,2
24.0,312,0.0,131509.86,1.0,5,2,16,2
24.98,240,71671.33,70532.0,0.0,4,2,36,2
1.0,300,93286.22,90237.25,0.0,4,2,12,14
8.0,120,63410.15,78067.17,0.1877488322,5,2,32,6
24.98,240,18211.82,18657.35,0.9290955039,3,2,20,35
24.98,240,54339.2,58060.8,0.0,5,2,40,22
24.98,240,26316.67,26439.98,0.9850714713,3,4,22,33
33.0,180,39704.23,39184.57,0.0,5,2,11,10
66.0,300,0.0,39458.26,1.0,4,2,17,1
83.0,240,29617.27,29706.92,0.0,4,2,21,1
9.0,360,0.0,142892.64,1.0,5,2,22,1
1.0,240,0.0,57904.02,0.7688984911,4,2,18,19
4.0,204,34892.46,39419.27,0.0,4,3,27,17
94.0,224,14956.45,17840.36,0.8987206536,3,2,17,55
94.0,204,8657.4,9983.36,0.1328170075,3,4,59,1
24.98,240,147884.24,155445.73,0.0,5,2,7,16
1.0,360,105585.75,100034.09,0.0,5,2,18,6
0.0,360,178632.86,193827.21,0.0783912125,5,2,7,15
3.0,300,73352.18,72953.64,0.0,4,2,7,3
1.0,231,7856.3,10110.73,0.8872712455,3,2,23,55
30.0,360,0.0,234195.92,1.0,5,2,18,8
1.0,240,0.0,237121.59,0.7096632691,5,2,16,10
94.0,120,39257.77,91391.71,0.6183955248,5,2,14,63
0.0,240,51468.3,50336.29,0.0,5,2,15,8
1.0,240,39951.65,42891.83,0.068548719,5,2,15,16
28.0,240,0.0,67701.1,0.0,5,2,11,13
94.0,240,61458.19,63106.97,0.0,5,2,15,6
24.98,180,61390.11,67053.1,0.0,1,2,39,20
1.0,240,16829.91,18590.75,0.0947159206,3,2,69,16
26.0,360,0.0,257024.3,1.0,5,2,24,4
24.98,240,73249.72,78985.35,0.0726163776,5,2,25,7
94.0,180,148084.42,154490.49,0.0,5,2,18,2
3.0,240,10527.25,11662.48,0.0973403599,3,2,37,17
24.98,240,48468.19,53717.73,0.0977245315,5,2,33,2
0.0,360,43742.71,42285.73,0.0,5,2,18,3
61.0,240,44599.14,44255.49,0.0,1,2,33,6
1.0,240,0.0,26671.76,1.0,4,2,22,10
5.0,222,13116.06,4751.08,0.9604132113,3,2,22,49
1.0,200,9512.9,10623.44,0.9689761509,3,4,21,58
21.0,240,0.0,78382.94,1.0,5,2,49,3
1.0,240,0.0,76021.75,1.0,5,2,42,4
16.0,360,0.0,97213.95,1.0,5,2,20,3
29.0,236,20713.59,13213.84,0.931905487,3,2,7,66
6.0,240,0.0,80042.69,1.0,5,2,50,1
1.0,240,10116.93,11395.99,0.1122377257,3,2,35,21
1.0,300,58022.63,53734.08,0.0,4,2,10,13
24.98,300,41149.01,43470.88,0.0534120772,4,2,13,4
1.0,240,10009.05,11904.45,0.9627819849,3,2,23,35
4.0,180,0.0,27930.5,1.0,5,2,59,3
94.0,240,12902.03,12677.93,0.0,4,2,45,8
1.0,218,28572.15,20854.19,0.9695193148,3,2,42,33
4.0,229,15163.5,17990.82,0.9108823278,3,2,23,60
1.0,250,0.0,158642.31,0.6657429995,5,2,13,8
93.0,216,6347.98,8192.11,0.0,3,4,37,19
24.98,240,111371.79,149164.14,0.1427838471,5,2,17,8
1.0,240,0.0,87676.36,1.0,5,2,44,2
1.0,313,222232.08,190816.02,0.0,5,2,14,13
1.0,240,0.0,76594.88,1.0,5,2,21,2
1.0,228,13571.75,15520.3,0.1255484752,3,4,57,20
1.0,360,0.0,79590.58,0.7503219288,5,2,11,2
8.0,240,0.0,82022.32,1.0,5,2,60,5
1.0,240,0.0,80722.65,1.0,5,2,45,13
94.0,180,29449.48,38370.13,0.733865123,4,2,18,30
13.0,187,20345.07,20507.75,0.0079326108,4,2,19,9
24.98,240,90182.51,100502.57,0.0,5,2,12,17
1.0,300,0.0,96691.36,1.0,4,2,14,4
5.0,240,10219.93,11416.57,0.0,3,2,35,19
24.98,240,0.0,79389.3,1.0,4,2,11,1
9.0,360,0.0,75228.25,1.0,5,2,14,1
2.0,360,0.0,123744.85,1.0,5,2,11,8
24.98,240,110913.77,105748.47,0.0,5,2,25,4
20.0,300,0.0,99892.77,1.0,4,2,21,5
52.0,218,32540.85,15765.76,0.8982757571,3,4,22,43
24.98,360,99980.76,106716.64,0.0631193036,5,2,18,2
1.0,240,0.0,44793.74,0.8395506889,4,2,7,28
31.0,240,15644.68,101077.69,0.7036316259,5,2,17,32
2.0,240,0.0,58292.3,1.0,4,2,39,13
12.0,240,0.0,129416.53,1.0,5,2,49,9
1.0,240,0.0,27648.02,0.9061994036,4,2,16,4
24.98,204,59431.33,66158.22,0.6883193488,4,3,24,25
24.98,165,37006.24,42287.62,0.5506098558,5,2,16,38
8.0,360,25848.89,105382.7,0.7547141039,5,2,14,9
24.98,236,10034.77,8857.65,0.0,3,2,24,20
24.98,240,147351.87,142545.34,0.0,5,2,17,2
24.98,240,64536.96,55203.2,0.0,4,2,18,20
24.98,240,12266.83,13630.66,0.0,4,2,37,10
24.98,240,120792.89,115631.49,0.0,5,2,27,4
65.0,240,55615.13,60500.61,0.0807509214,5,2,44,3
2.0,300,0.0,68207.81,1.0,4,2,20,12
7.0,360,0.0,258506.47,1.0,5,2,30,3
26.0,240,30048.82,29222.67,0.0,4,2,32,5
3.0,300,0.0,52665.75,1.0,4,2,10,3
1.0,240,17435.48,20733.5,0.9478177828,3,2,28,34
24.98,240,152652.24,137590.6,0.0,5,2,14,10
94.0,204,77305.03,77506.72,0.0,4,3,21,2
5.0,240,0.0,141292.43,1.0,5,2,60,5
94.0,180,21305.17,20322.74,0.0,1,2,60,5
1.0,240,41553.05,36605.79,0.0,4,2,30,16
83.0,360,163470.95,153245.05,0.0,5,2,9,7
2.0,300,0.0,59644.65,1.0,4,2,20,1
4.0,240,10515.71,8980.93,0.0,3,4,35,18
1.0,120,44998.67,86003.52,1.0,5,2,10,45
8.0,240,56644.73,56289.88,0.0,4,2,30,1
5.0,119,0.0,56235.22,1.0,5,2,46,4
1.0,240,8309.96,9801.32,0.8696114401,3,2,31,33
70.0,240,50419.14,49071.35,0.0,5,2,38,6
24.98,228,13810.07,16750.81,0.9148835191,3,4,39,38
46.0,180,17850.32,23209.23,0.8178266004,4,3,23,41
1.0,236,21260.47,10933.14,0.0,3,2,45,23
96.0,300,56233.68,55557.34,0.0,4,2,17,2
3.0,180,0.0,264421.67,1.0,5,2,52,5
1.0,204,0.0,37076.49,1.0,1,2,76,5
24.98,240,95650.47,104760.56,0.7572209365,5,2,12,26
1.0,300,0.0,60909.38,1.0,4,2,14,9
1.0,180,0.0,395239.63,1.0,5,2,29,0
24.98,360,0.0,285678.09,1.0,5,2,10,4
24.98,245,78443.38,85689.52,0.0017785847,5,2,21,2
24.98,331,131582.53,125179.47,0.0,5,2,7,5
5.0,240,81066.7,81586.18,0.0063672548,4,2,14,1
1.0,300,0.0,77116.7,1.0,4,2,18,2
52.0,240,15925.26,18445.09,0.9416473435,3,2,32,53
6.0,300,23524.34,51110.02,0.5397313482,4,2,13,7
24.98,240,50865.69,9148.64,0.0,4,2,7,35
9.0,240,0.0,45994.41,0.6777759456,5,2,18,9
3.0,240,105644.13,122297.59,0.0,5,2,26,24
1.0,222,8034.6,7672.63,1.0,3,2,39,30
2.0,236,16936.36,20201.98,0.9180362519,3,2,27,36
0.0,240,115958.69,85059.39,0.9478240498,5,2,10,32
4.0,300,0.0,52279.57,1.0,4,2,13,1
1.0,236,21260.47,10877.84,0.9448622153,3,2,39,29
89.0,100,0.0,22916.87,0.4666843026,5,2,26,1
94.0,232,15175.91,18183.33,0.9056745932,3,2,24,59
1.0,240,0.0,190180.19,1.0,5,2,56,2
1.0,240,26316.66,26495.58,1.0,3,4,22,33
24.98,180,90889.03,98777.79,0.0,5,2,24,14
64.0,240,89740.53,91854.48,0.0,5,2,39,2
1.0,300,0.0,83093.35,1.0,4,2,10,15
1.0,315,0.0,194035.12,1.0,5,2,18,5
2.0,360,0.0,77984.86,1.0,5,2,37,0
1.0,240,93659.96,90901.07,0.0,5,2,21,10
1.0,360,38881.31,43892.04,0.1141603352,4,2,51,8
24.98,240,115133.15,113580.39,0.0,5,2,15,7
24.98,300,66252.92,62632.22,0.0,4,2,9,9
11.0,300,0.0,61603.66,1.0,4,2,25,1
4.0,240,18211.81,18651.9,0.9578514789,3,2,20,35
1.0,300,0.0,39077.56,1.0,4,2,20,6
1.0,240,59535.76,51789.95,0.0,4,2,31,13
2.0,240,0.0,134361.25,0.6680279747,5,2,26,6
0.0,360,0.0,95697.49,1.0,5,2,12,5
1.0,360,0.0,122912.57,1.0,5,2,15,3
3.0,240,171415.99,169368.15,0.0,5,2,29,1
30.0,204,29774.24,45679.62,0.7575303802,4,3,21,53
15.0,360,0.0,73747.95,1.0,5,2,17,1
75.0,240,45712.95,101053.28,0.7633917576,4,2,26,30
0.0,300,0.0,68115.26,1.0,4,2,14,12
1.0,240,0.0,87853.11,1.0,5,2,19,4
96.0,360,0.0,174740.39,1.0,5,2,12,3
11.0,300,0.0,34694.06,0.8170798215,4,2,20,2
1.0,360,0.0,97632.55,1.0,5,2,28,11
20.0,240,0.0,73180.29,1.0,5,2,20,5
90.0,216,15665.91,20839.07,0.8981144552,3,4,10,44
94.0,300,0.0,34568.49,1.0,4,2,17,5
24.98,180,1717.37,2326.14,0.2617082377,5,2,47,9
56.0,240,19221.72,19805.08,0.9667489351,3,2,22,39
40.0,240,40823.27,40048.96,0.0,4,2,44,3
1.0,228,11917.83,16312.01,0.269383111,3,4,58,15
8.0,300,0.0,32829.1,1.0,4,2,27,3
22.0,216,8316.67,10563.36,0.9756639933,3,4,14,49
94.0,240,87915.51,86083.65,0.0,5,2,15,2
1.0,228,13211.32,12088.85,1.0,3,2,23,39
1.0,240,81399.69,47244.78,1.0,1,2,52,36
24.98,60,79229.38,65287.09,0.0,1,2,22,9
13.0,360,143914.75,143224.24,0.0,5,2,17,11
1.0,300,53708.33,55435.32,0.0311532431,4,2,15,15
24.98,120,12915.76,18457.41,0.040823952,1,2,47,13
96.0,360,104687.91,105397.35,0.006731099,5,2,18,1
1.0,234,18679.03,22150.93,0.952803336,3,4,38,27
24.98,240,19221.71,19908.82,0.9694713197,3,2,19,42
5.0,300,59884.7,60979.71,0.0179569565,4,2,7,20
4.0,300,0.0,40707.1,1.0,4,2,12,4
5.0,240,30642.41,35771.66,1.0,4,2,51,25
56.0,240,48994.16,47158.98,0.0,4,2,13,5
24.98,300,0.0,79351.38,1.0,4,2,11,4
1.0,360,81717.7,71827.79,0.0,5,2,19,20
4.0,240,0.0,27439.2,1.0,5,2,55,1
4.0,240,0.0,61076.59,1.0,5,2,57,7
4.0,360,91188.02,95714.33,0.0,5,2,11,6
24.98,240,188185.1,210364.43,0.0,5,2,11,9
94.0,240,43062.98,39987.7,0.0,4,2,13,16
20.0,240,98355.1,99137.71,0.0,4,2,11,0
31.0,150,0.0,123534.35,0.6445408107,5,2,29,16
0.0,120,0.0,41472.6,0.6669918793,5,2,13,19
25.0,240,0.0,50676.97,1.0,4,2,15,3
24.98,240,461415.86,361741.64,0.0,1,2,8,16
23.0,96,35733.14,51497.1,0.0,5,2,44,17
1.0,300,0.0,80473.47,1.0,4,2,14,4
93.0,236,15942.25,20090.81,0.9111967113,3,2,28,46
4.0,240,10009.05,11406.31,1.0,3,2,33,25
8.0,240,0.0,162309.56,1.0,5,2,14,6
93.0,230,7419.44,11425.6,0.9029390141,3,4,19,61
64.0,240,24738.18,26740.05,0.9645400813,3,4,16,43
0.0,300,0.0,93847.84,1.0,4,2,8,4
57.0,224,15026.83,17926.37,0.8861827576,3,2,17,55
94.0,300,0.0,52722.15,1.0,4,2,20,2
95.0,230,20374.99,22063.35,0.9169745302,3,2,28,31
77.0,300,0.0,55267.77,1.0,4,2,15,0
24.98,222,11973.36,5529.58,0.94012746,3,2,20,50
4.0,240,0.0,165417.34,1.0,5,2,38,4
4.0,131,0.0,47242.01,1.0,5,2,19,5
1.0,300,61212.32,61840.55,0.0101588683,4,2,17,3
4.0,240,0.0,77111.86,0.7529179618,5,2,39,2
37.0,240,124344.74,142623.78,0.0,5,2,32,19
40.0,240,0.0,57675.29,1.0,5,2,66,3
17.0,240,0.0,50132.99,1.0,5,2,70,3
24.98,150,107132.52,97578.32,0.0,5,2,28,9
1.0,214,156657.05,106635.7,1.0,5,2,10,32
24.98,218,28763.97,17827.17,0.9033570668,3,4,24,39
0.0,180,0.0,66447.67,1.0,5,2,49,7
24.98,240,39144.73,44632.78,0.0,4,2,29,22
1.0,240,394398.71,431467.34,0.0859129453,5,2,16,5
93.0,240,33283.52,32835.48,0.0,4,2,24,1
24.98,119,39984.84,37350.46,0.0,4,2,14,6
24.98,300,0.0,78008.87,1.0,4,2,10,6
24.98,360,0.0,335991.01,1.0,5,2,9,2
24.98,240,37726.84,36030.15,0.0,4,2,27,6
1.0,231,7834.09,8068.37,0.0290368439,3,2,73,5
24.98,120,40057.35,48179.91,0.1685881107,1,2,10,3
16.0,300,0.0,74117.11,1.0,4,2,19,1
0.0,360,174910.86,166914.43,0.0,5,2,19,4
24.98,180,106542.52,136335.15,0.0,5,2,27,22
86.0,240,0.0,38686.26,1.0,4,2,27,3
24.98,240,56466.17,54462.21,0.0,5,2,17,3
1.0,240,26316.66,26376.59,0.0022720905,3,4,31,24
0.0,180,60176.69,35915.77,0.9292537506,5,2,25,47
24.98,240,39135.74,37507.91,0.0,4,2,28,6
0.0,240,0.0,17283.56,0.7420135788,4,2,40,22
34.0,240,47072.83,112422.46,0.0,5,2,38,23
1.0,240,0.0,76846.89,0.7521881707,4,2,15,17
24.98,360,0.0,143728.17,1.0,5,2,8,4
5.0,240,25125.27,25603.43,0.0186756228,4,2,18,3
2.0,240,0.0,31865.2,1.0,5,2,36,1
1.0,240,0.0,112510.98,1.0,5,2,66,1
24.98,300,33181.9,34936.11,0.050211944,4,2,28,3
68.0,218,33419.55,17708.46,0.9303637922,3,4,24,40
60.0,240,0.0,109129.64,1.0,5,2,28,1
94.0,300,0.0,78919.46,1.0,4,2,26,4
24.98,240,110536.27,121065.24,0.0,5,2,30,6
5.0,240,0.0,70462.09,0.8835220306,5,2,23,11
5.0,240,15392.53,14956.02,0.0,4,2,12,14
2.0,96,0.0,28606.71,1.0,4,2,18,22
5.0,240,0.0,53253.79,1.0,5,2,14,10
1.0,300,47458.22,42087.54,0.0,4,2,14,21
1.0,177,41367.95,31392.48,0.0,5,2,46,18
24.98,240,36556.08,32587.16,0.0,5,2,27,10
2.0,360,0.0,133268.72,1.0,5,2,22,3
24.98,240,48642.09,44260.41,0.0,4,2,14,9
1.0,240,0.0,53729.51,1.0,4,2,31,1
1.0,240,97915.51,99256.35,0.0135088586,1,2,77,10
90.0,240,66981.6,67145.13,0.0024354707,5,2,21,1
1.0,326,0.0,45052.89,1.0,5,2,19,12
2.0,300,0.0,84005.47,1.0,4,2,21,4
94.0,216,9836.1,13747.11,0.8830525107,3,4,13,42
41.0,180,144922.32,135185.0,0.0,5,2,25,14
24.98,236,10032.46,7470.14,0.9677516084,3,2,15,29
24.98,360,61171.4,57644.32,0.0,5,2,13,6
24.98,240,115349.69,105764.73,0.0,5,2,9,7
2.0,240,12515.96,13279.06,0.0574664171,3,2,56,4
1.0,240,83707.3,78148.7,0.0,5,2,38,7
65.0,240,43220.52,44329.48,0.0250163097,5,2,23,0
1.0,222,13542.93,12717.01,0.9407651641,3,4,30,53
0.0,300,0.0,73827.18,1.0,4,2,15,13
4.0,360,61705.67,64617.75,0.0,5,2,16,1
95.0,240,57047.48,102258.22,1.0,5,2,23,27
77.0,240,0.0,18235.66,1.0,5,2,64,5
60.0,360,50067.21,51005.67,0.0183991309,5,2,31,1
26.0,180,13120.91,17312.39,0.4334927551,1,2,54,45
2.0,240,26319.94,25966.96,0.9753282633,3,4,18,43
24.98,180,18576.21,28271.66,0.9197290584,1,2,23,39
1.0,240,127445.03,119491.81,0.0,5,2,20,6
94.0,232,15190.66,18041.2,0.9175659047,3,2,24,59
94.0,204,37182.89,28157.94,0.0,5,2,22,24
94.0,230,20374.89,21995.84,0.8995882858,3,2,28,31
1.0,220,11148.26,11441.53,0.917885982,3,4,18,61
1.0,200,12906.38,10623.44,0.9314271084,3,4,21,58
1.0,234,14892.43,14612.05,0.9828367683,3,2,32,48
24.98,360,0.0,132830.87,1.0,5,2,10,3
2.0,300,0.0,45167.38,1.0,4,2,12,2
91.0,119,0.0,32395.84,1.0,5,2,59,2
4.0,240,7525.07,7599.41,0.8402869016,4,2,17,61
1.0,300,70461.27,71665.99,0.0168102052,4,2,10,2
1.0,231,7861.28,8976.4,0.1242279756,3,2,60,18
93.0,230,20374.95,22027.0,0.8985890044,3,2,28,31
19.0,241,0.0,72526.64,1.0,4,2,18,17
24.98,141,5668.18,9333.82,0.7842726772,3,4,26,39
24.98,240,64161.45,71179.33,0.0,5,2,13,16
1.0,240,0.0,50754.8,0.7591824313,4,2,30,18
1.0,222,7633.64,5602.87,0.9034637605,3,2,17,55
17.0,240,442181.76,473306.31,0.0,5,2,19,10
7.0,360,0.0,127278.7,1.0,5,2,13,1
24.98,240,35679.0,40612.41,0.0,4,2,30,13
24.98,240,46993.33,55102.03,0.0,5,2,38,15
1.0,240,0.0,17703.32,1.0,4,2,51,1
38.0,360,0.0,106151.86,1.0,5,2,44,2
7.0,240,17378.53,18640.13,0.0676819314,3,2,60,7
24.98,300,0.0,69556.6,1.0,4,2,9,5
1.0,300,70472.39,63783.58,0.0,4,2,13,15
24.98,240,14649.63,71798.75,0.719177757,5,2,13,28
5.0,300,0.0,35316.28,1.0,4,2,25,13
38.0,204,60550.96,60648.38,0.0,4,3,36,2
94.0,236,9477.74,10885.26,0.8895120558,3,2,29,33
2.0,240,35443.68,35336.85,0.0,5,2,34,4
1.0,240,0.0,76559.55,1.0,5,2,29,1
52.0,230,13636.83,15976.77,0.9106283686,3,2,23,53
24.98,360,0.0,87334.95,1.0,4,2,7,2
0.0,48,568.74,15781.91,0.3027072112,5,2,9,59
2.0,300,0.0,36341.02,1.0,4,2,29,1
5.0,300,0.0,29691.38,1.0,4,2,26,6
2.0,240,0.0,29454.21,1.0,4,2,59,3
28.0,300,53489.21,54379.78,0.0163768592,4,2,14,4
18.0,360,222452.95,212161.99,0.0,5,2,12,5
14.0,300,0.0,116120.8,1.0,4,2,34,4
24.98,240,21179.04,20441.73,0.8199243083,4,2,32,32
6.0,300,0.0,34876.54,1.0,4,2,23,1
1.0,240,0.0,45667.28,1.0,5,2,21,13
18.0,120,0.0,50009.44,0.5300873587,5,2,20,4
53.0,300,0.0,55145.58,1.0,4,2,16,0
24.98,240,113051.04,107194.57,0.0,5,2,12,4
5.0,240,136053.07,138265.03,0.0159979714,5,2,22,1
1.0,360,96267.63,90350.88,0.0,5,2,9,7
4.0,240,0.0,33833.09,1.0,4,2,26,4
2.0,240,65759.2,74094.09,0.7392644988,5,2,34,36
24.98,240,68091.45,65849.66,0.0,4,2,20,3
11.0,240,179868.0,162173.04,0.0,5,2,27,10
17.0,240,0.0,239958.7,1.0,5,2,34,5
24.98,240,92253.61,91634.55,0.0,4,2,42,1
96.0,300,0.0,44936.53,1.0,4,2,22,1
1.0,218,33745.23,17827.17,0.9033570668,3,4,24,40
1.0,240,0.0,344441.31,0.6874523263,5,2,20,1
8.0,300,0.0,36601.04,1.0,4,2,17,5
96.0,240,47053.8,45799.24,0.0,4,2,22,8
1.0,222,12698.85,7672.64,1.0,3,2,39,30
44.0,300,0.0,79550.83,1.0,4,2,17,3
71.0,229,15048.0,16645.14,0.095952332,3,2,63,20
31.0,240,0.0,197476.5,1.0,5,2,33,8
0.0,360,226180.16,172705.62,0.0,5,2,8,23
94.0,230,11484.87,13859.31,0.8967437773,3,4,36,26
24.98,221,33287.48,26444.32,0.0,3,4,36,22
24.98,240,48146.56,53890.68,0.0337112891,5,2,32,5
38.0,240,92552.67,199852.55,0.7055325223,5,2,32,37
5.0,229,15124.85,17978.79,0.8890514879,3,2,31,52
1.0,360,118668.61,120368.63,0.0,5,2,9,2
93.0,240,90931.29,95407.0,0.0,5,2,12,2
5.0,240,0.0,53449.6,0.703718338,5,2,17,37
31.0,240,25211.75,26628.83,0.9688518046,3,4,13,46
1.0,240,0.0,84812.58,0.7404672062,5,2,15,6
90.0,221,26177.25,20110.05,0.9332527766,3,4,31,33
41.0,180,0.0,59590.71,0.0,5,2,58,18
25.0,300,0.0,59751.4,1.0,4,2,16,1
9.0,360,0.0,185808.91,1.0,5,2,27,2
85.0,218,28328.0,24258.46,0.0,3,4,39,17
24.98,72,6157.23,4852.28,0.0,1,2,55,8
26.0,240,105022.16,103975.78,0.0,5,2,19,2
13.0,240,0.0,27392.54,0.8522280302,4,2,17,12
18.0,300,0.0,69472.07,1.0,4,2,12,3
94.0,234,9792.86,12249.45,0.8975472368,3,2,36,45
90.0,240,32190.83,32577.62,0.0118728747,4,2,34,1
5.0,360,0.0,106594.51,1.0,5,2,16,7
17.0,232,16500.68,18071.38,0.9236870676,3,2,24,51
1.0,240,61975.06,59904.99,0.0,5,2,43,3
24.98,228,22610.15,14198.0,0.8589618256,3,4,14,60
24.98,240,78506.96,78770.16,0.0033413668,4,2,9,0
0.0,240,215401.95,209721.05,0.0,5,2,15,1
61.0,276,0.0,104890.22,1.0,5,2,16,2
24.98,240,66609.54,58355.54,0.0,5,2,15,11
0.0,240,145400.55,93502.07,1.0,5,2,12,36
53.0,360,0.0,84105.91,1.0,5,2,12,1
24.98,240,158262.41,158752.24,0.0,5,2,15,2
24.98,120,45932.23,43646.79,0.0,1,2,47,3
40.0,360,50501.19,47929.89,0.0,5,2,13,6
77.0,300,0.0,49255.93,1.0,4,2,26,3
2.0,224,14416.11,18240.89,0.8665547569,3,2,36,40
95.0,110,28629.55,29397.22,0.0,5,2,12,1
24.98,120,119284.98,79460.56,0.0,5,2,8,24
1.0,230,7416.74,11432.39,0.9012708629,3,4,19,61
3.0,360,86614.85,88877.8,0.0254613638,5,2,18,2
24.98,240,5296.26,27639.69,0.7181612179,5,2,21,32
1.0,300,0.0,41928.27,1.0,4,2,12,1
1.0,240,62681.99,118319.57,0.7692354015,5,2,21,57
1.0,240,0.0,65204.31,0.7323957831,5,2,25,6
1.0,240,61174.53,91319.0,1.0,1,2,26,57
1.0,230,10496.9,11646.56,0.9444290846,3,4,38,46
76.0,300,0.0,85666.39,1.0,4,2,7,3
94.0,240,10220.42,11972.81,0.8757877223,3,2,22,32
1.0,240,59253.63,61625.16,0.0,5,2,25,23
24.98,180,15065.76,19500.28,0.2274080167,1,2,123,3
24.98,240,101291.1,100627.15,0.0,5,2,27,1
55.0,283,30121.13,33041.04,0.0883722183,5,2,41,4
1.0,216,17895.2,16310.86,0.9432384313,3,4,26,29
1.0,240,0.0,81328.8,0.6592781596,5,2,31,13
1.0,300,0.0,100006.76,1.0,5,2,13,3
18.0,180,96847.8,110055.4,0.0,5,2,24,23
94.0,300,0.0,42484.56,1.0,4,2,20,1
70.0,300,0.0,35380.59,1.0,4,2,18,3
24.98,240,61096.5,57254.5,0.0,4,2,29,10
0.0,240,64122.22,66129.33,0.0,5,2,16,20
1.0,240,106522.88,59509.34,1.0,1,2,45,38
8.0,125,16561.51,16512.41,0.0,5,2,42,1
1.0,236,21249.77,10922.74,1.0,3,2,42,26
2.0,300,73922.81,74738.77,0.010917493,4,2,9,1
0.0,360,0.0,173587.13,1.0,5,2,7,8
25.0,230,7183.36,8300.01,0.8926471173,3,2,28,52
24.98,204,0.0,152685.63,1.0,5,2,16,8
4.0,234,11791.92,15160.16,0.9352981763,3,2,22,52
44.0,240,10481.31,12074.36,0.8852179329,3,2,23,30
53.0,360,0.0,190861.03,1.0,5,2,21,1
91.0,300,41683.63,43860.93,0.0496409903,4,2,12,7
48.0,240,0.0,30464.88,0.7550575088,5,2,29,7
5.0,240,0.0,18928.8,1.0,4,2,21,10
4.0,240,10516.45,8973.2,0.0,3,4,35,18
44.0,180,92259.25,109664.54,0.6951337382,5,2,10,37
5.0,240,0.0,54650.57,1.0,4,2,35,1
0.0,240,0.0,37407.74,0.8038375123,5,2,19,6
24.98,240,15775.02,16525.79,0.0,4,2,12,12
29.0,240,0.0,95827.57,0.8477496299,5,2,22,2
24.98,222,13455.71,5049.6,0.941395358,3,2,27,40
24.98,240,18114.32,18669.68,0.9499021944,3,2,20,35
2.0,240,0.0,122094.86,1.0,5,2,42,5
24.98,300,0.0,79105.3,1.0,4,2,7,2
24.98,180,45205.35,57960.3,0.0,1,2,30,22
1.0,231,7862.08,9389.68,0.9943129052,3,2,49,29
24.98,300,0.0,53311.46,1.0,4,2,9,3
24.98,240,181903.97,162271.68,0.0,5,2,24,8
13.0,240,0.0,111700.33,1.0,5,2,43,1
1.0,300,0.0,43747.88,1.0,4,2,14,9
1.0,240,0.0,112771.02,1.0,5,2,23,15
52.0,360,0.0,122825.64,1.0,5,2,12,6
0.0,360,140216.09,127089.23,0.0,5,2,26,10
2.0,300,71971.65,68264.51,0.0,4,2,11,9
1.0,205,17850.43,19102.52,0.8501726474,3,2,20,35
24.98,360,43801.24,45196.19,0.0,5,2,12,12
1.0,240,11316.34,13973.98,0.1901849008,1,2,122,9
24.98,240,121559.19,104664.47,0.0,5,2,17,11
2.0,300,0.0,59308.37,1.0,4,2,23,2
28.0,180,49475.97,49862.6,0.0,5,2,11,2
24.98,151,38300.64,42512.15,0.0,5,2,17,5
1.0,236,13215.95,13963.23,1.0,3,4,32,31
56.0,230,13653.02,15965.84,0.9114221363,3,2,23,53
94.0,224,1736.17,17840.36,0.8907589309,3,2,17,55
0.0,240,78662.03,70561.77,0.0,5,2,17,10
71.0,200,96726.47,95967.49,0.0,5,2,20,3
24.98,240,88931.16,81465.59,0.0,5,2,32,20
24.98,345,58506.81,55454.61,0.0,5,2,20,3
56.0,240,19221.72,20101.49,0.9335183611,3,2,19,42
5.0,236,21249.77,15665.3,0.0,3,2,57,11
92.0,240,28635.18,30637.85,0.0,1,2,64,24
94.0,236,18386.2,17225.82,0.9150345238,3,2,24,41
24.98,180,47699.2,60862.86,0.0,1,2,61,21
53.0,240,67468.79,74730.5,0.0,5,2,32,24
21.0,240,0.0,91258.54,0.715575318,5,2,40,37
24.98,240,58011.79,50448.87,0.0,5,2,43,12
1.0,240,0.0,50249.77,0.720853926,4,2,10,20
2.0,240,11109.41,11445.97,0.9820845241,3,2,25,29
3.0,300,0.0,70177.58,1.0,5,2,13,3
2.0,360,0.0,67166.52,1.0,5,2,21,3
1.0,240,87440.34,80367.06,0.0,5,2,49,7
1.0,222,11449.99,4293.1,0.9111737439,3,2,13,52
3.0,218,32757.12,15691.5,0.9175419813,3,4,22,43
0.0,192,0.0,7552.51,1.0,1,2,131,4
1.0,234,23524.52,24026.44,0.9892443491,3,4,20,48
1.0,222,13455.71,4880.63,0.9717618422,3,2,27,40
7.0,240,10123.5,11919.09,0.87271092,3,2,23,33
24.98,240,33653.51,33202.72,0.0,5,2,15,1
1.0,360,0.0,181474.84,1.0,5,2,25,6
3.0,240,0.0,47624.35,1.0,5,2,14,8
67.0,173,30577.89,30884.09,0.0,4,2,44,1
1.0,204,35955.56,34534.79,0.0,4,2,16,6
24.98,204,22162.11,37741.34,0.7155123874,5,2,12,39
24.98,180,193663.76,193477.48,0.0,5,2,28,0
24.98,240,57622.95,61698.32,0.0,1,2,86,13
24.98,240,74577.69,76731.12,0.0,5,2,28,3
4.0,204,0.0,33444.22,0.0,4,3,36,16
1.0,300,56613.0,54162.14,0.0,4,2,15,7
64.0,236,19920.9,19212.56,0.9310883089,3,2,16,57
24.98,204,64182.73,57677.19,0.0,4,3,29,11
64.0,240,19221.71,19904.65,0.968882648,3,2,19,42
16.0,240,25421.62,24177.41,0.0,4,2,19,17
77.0,240,35367.03,38457.47,0.7659361588,4,2,39,29
5.0,360,0.0,49772.29,1.0,5,2,19,1
1.0,240,0.0,145209.5,0.7103264702,5,2,9,29
24.98,180,136915.71,89854.14,1.0,1,2,20,28
1.0,240,0.0,82036.86,0.7691308618,5,2,21,3
0.0,119,121525.86,124771.77,0.7155390003,5,2,21,27
30.0,226,19345.7,21326.42,0.0,4,2,49,12
24.98,240,67391.84,65675.19,0.0,1,2,84,2
17.0,216,7532.8,8428.27,0.0,3,4,34,15
2.0,300,0.0,34393.79,1.0,4,2,30,2
7.0,300,31395.32,50915.95,0.8306010419,4,2,16,26
13.0,300,0.0,81061.49,1.0,4,2,12,0
24.98,240,66919.97,66820.3,0.0,5,2,20,0
71.0,240,0.0,210520.97,1.0,5,2,39,2
1.0,240,45252.8,40681.25,0.9139529535,4,2,41,27
17.0,240,97849.79,98005.1,0.0,5,2,23,2
24.98,360,74160.75,70275.78,0.0,5,2,10,5
4.0,240,34931.8,27066.59,0.0,4,2,8,8
6.0,240,0.0,119035.77,1.0,5,2,30,0
1.0,240,149770.98,83851.83,0.9719529054,4,2,22,50
2.0,236,21260.47,10967.36,0.0,3,2,54,14
1.0,222,11449.99,4290.48,0.9155782104,3,2,12,53
24.98,240,114876.53,97888.17,0.0,5,2,20,15
24.98,204,30308.7,28928.91,0.0,4,3,28,4
14.0,240,44564.35,44309.26,0.0,4,2,51,14
24.98,240,88936.54,100200.26,0.1124120836,1,2,41,2
4.0,234,14892.43,16033.36,0.9394113274,3,2,20,60
64.0,232,15191.37,18050.47,0.9191638777,3,2,24,59
1.0,240,10000.37,11214.72,0.1082817939,3,2,39,18
1.0,240,0.0,64638.51,1.0,5,2,45,14
24.98,240,36831.86,36634.11,0.0,4,2,28,19
24.98,300,0.0,37039.8,1.0,4,2,11,1
75.0,360,104040.12,100571.98,0.0,5,2,29,3
89.0,240,70906.57,67450.36,0.0,5,2,14,19
1.0,360,0.0,159338.3,0.8024430156,5,2,13,27
90.0,230,7423.12,11425.59,0.9211734361,3,4,19,61
94.0,240,19122.74,19434.15,0.0,4,2,13,7
5.0,119,89568.8,102188.13,0.123491153,5,2,16,5
2.0,300,0.0,41401.91,1.0,4,2,21,1
1.0,240,245489.62,208317.75,0.0,5,2,17,12
94.0,240,22048.48,28679.48,0.8708906159,3,4,27,28
93.0,240,102572.7,98624.46,0.0,5,2,12,4
77.0,300,0.0,113402.64,1.0,5,2,21,1
52.0,240,75893.7,67209.77,0.0,4,2,20,20
0.0,283,0.0,84414.85,1.0,5,2,21,8
24.98,240,113169.69,100504.19,0.0,5,2,7,10
4.0,300,0.0,38032.59,1.0,4,2,19,2
1.0,240,0.0,39209.55,0.7086043901,5,2,11,29
24.98,240,42911.55,42901.21,0.0,5,2,16,0
93.0,180,53071.76,55093.05,0.0,4,3,28,14
24.98,240,26316.65,26476.05,1.0,3,4,22,33
1.0,360,0.0,78317.62,1.0,5,2,19,32
18.0,240,0.0,42837.45,1.0,4,2,33,1
1.0,240,4625.24,51152.9,0.909580102,4,2,26,13
1.0,240,0.0,90568.05,0.7965640744,5,2,13,25
24.98,300,91646.62,87810.96,0.0,4,2,10,2
1.0,240,26238.25,26416.12,1.0,3,4,27,35
19.0,300,0.0,52874.85,1.0,4,2,13,1
68.0,230,20262.67,21995.84,0.9332264646,3,2,28,31
6.0,240,27813.5,28382.94,0.0,4,2,41,1
4.0,300,0.0,44177.58,1.0,4,2,13,11
32.0,230,20377.36,22011.42,0.9072195251,3,2,28,31
1.0,180,78657.79,67678.36,0.0,5,2,43,12
24.98,240,107333.21,96210.13,0.0,4,2,20,11
16.0,240,26316.66,26867.35,0.0204966251,3,4,49,6
96.0,360,0.0,83162.8,0.7173111839,5,2,14,29
2.0,218,33008.16,18075.86,0.8479458239,3,4,24,40
24.98,232,15273.11,18060.11,0.9280397517,3,2,24,59
93.0,239,54009.7,53423.77,0.0,4,2,26,2
56.0,353,0.0,124320.29,1.0,5,2,7,24
24.98,300,22788.9,22311.93,0.0,4,2,14,4
24.98,240,80723.56,88142.48,0.0841696308,4,2,27,8
4.0,232,15190.65,18060.11,0.9363193247,3,2,24,59
8.0,240,82990.42,95095.92,0.624823627,1,2,37,45
24.98,236,42578.7,40502.11,0.0,5,2,13,1
1.0,240,0.0,30573.13,1.0,5,2,52,9
1.0,300,0.0,16408.56,1.0,4,2,24,10
1.0,240,20396.96,22398.79,0.0893722384,3,2,44,14
4.0,240,0.0,81957.46,1.0,5,2,66,0
91.0,240,157672.29,154748.28,0.0,1,2,25,1
1.0,240,0.0,82103.86,1.0,5,2,27,2
8.0,234,7453.27,8774.32,0.8929421311,3,2,52,33
24.98,228,13738.01,16695.72,0.9209803471,3,4,39,38
89.0,240,142942.25,145286.35,0.0,5,2,23,5
18.0,300,0.0,94570.72,1.0,4,2,15,1
13.0,230,8308.71,9612.49,0.8896966343,3,2,28,52
1.0,240,26236.34,12013.01,0.9548289729,3,4,7,55
1.0,300,0.0,59831.29,1.0,4,2,11,16
1.0,300,0.0,73600.99,1.0,4,2,9,2
22.0,240,84682.45,88105.46,0.0388512812,5,2,49,8
94.0,300,35908.52,35353.12,0.8548185977,4,2,8,41
24.98,240,35765.94,35724.49,0.0,3,4,39,1
24.98,190,16828.9,18424.32,0.9048898413,3,2,27,53
68.0,218,34198.91,17906.93,0.8854141944,3,4,24,40
1.0,320,50838.09,49419.76,0.0,5,2,33,3
18.0,360,0.0,106225.74,1.0,5,2,23,1
1.0,360,0.0,151602.91,1.0,5,2,33,2
0.0,240,88802.71,85481.3,0.0,5,2,9,4
22.0,300,0.0,83903.51,1.0,5,2,23,3
4.0,306,0.0,118087.23,0.0,5,2,8,15
0.0,72,0.0,7184.29,0.9505588535,1,2,44,28
24.98,360,0.0,149561.87,1.0,5,2,10,3
41.0,240,37036.82,38141.46,0.0,5,2,21,2
4.0,240,10515.66,9113.71,0.0,3,4,35,18
94.0,240,0.0,45626.57,0.0,5,2,24,18
13.0,360,0.0,62659.93,0.7709146113,5,2,18,1
24.98,300,0.0,59964.1,1.0,4,2,10,2
24.98,347,194888.12,212217.22,0.0,5,2,10,16
24.98,240,16972.06,17237.01,0.0,4,2,29,3
8.0,300,0.0,44050.31,1.0,4,2,25,1
96.0,240,104704.31,111494.16,0.0,4,2,31,15
89.0,190,64011.83,60719.29,0.0,5,2,13,7
1.0,360,0.0,75455.74,1.0,4,2,42,10
7.0,240,0.0,46111.2,0.0,5,2,31,22
1.0,300,0.0,72430.85,1.0,4,2,14,5
1.0,240,0.0,45879.5,0.83327005,4,2,9,20
0.0,240,0.0,74186.02,1.0,5,2,8,35
24.98,218,14776.82,9814.34,0.7909569059,3,4,17,32
55.0,240,88621.27,86852.55,0.0,4,2,21,3
24.98,240,29840.61,26152.0,0.0,5,2,13,11
94.0,240,18211.83,18702.41,0.9294524075,3,2,20,35
24.98,120,57377.75,63271.94,0.0,5,2,18,22
24.98,180,54206.27,63191.93,0.0,1,2,35,11
1.0,236,21249.77,9912.39,0.9647915387,3,2,28,40
94.0,240,32588.98,34083.04,0.0,4,2,31,6
1.0,228,15344.91,16484.53,0.0691326959,3,2,64,13
24.98,296,0.0,72966.57,1.0,4,2,10,4
24.98,240,109689.46,106471.55,0.0,5,2,25,16
2.0,360,0.0,266528.43,1.0,5,2,20,8
1.0,240,0.0,23286.2,1.0,5,2,55,18
44.0,240,57637.14,64669.02,0.1087364553,5,2,52,4
0.0,240,0.0,40935.82,0.849387569,4,2,27,27
1.0,240,0.0,34193.29,1.0,4,2,50,1
8.0,240,0.0,86494.82,1.0,1,2,124,2
24.98,240,41071.57,44378.65,0.0,5,2,18,8
94.0,240,51563.72,55049.26,0.0,5,2,28,5
83.0,180,26694.93,27178.89,0.0178064667,4,2,19,3
4.0,240,10578.62,11392.78,0.0714628036,3,2,46,9
24.98,204,43453.49,51295.83,0.0,4,3,35,23
16.0,240,75205.02,79056.39,0.0,5,2,11,2
94.0,151,4337.22,6618.38,0.7860820926,3,4,15,49
11.0,240,102586.01,115734.08,0.1136058627,5,2,31,10
2.0,300,0.0,67123.8,1.0,4,2,26,4
44.0,240,19203.38,19793.69,0.9693872138,3,2,22,39
2.0,240,0.0,48521.44,1.0,4,2,29,5
0.0,360,0.0,198154.23,1.0,5,2,21,10
19.0,115,143129.25,143694.98,0.0039370199,5,2,16,3
9.0,240,41678.13,53199.38,0.7303227028,5,2,14,65
24.98,240,41072.43,45628.05,0.0,5,2,14,5
94.0,234,19199.03,23196.11,0.9576541067,3,4,14,52
37.0,240,0.0,144154.9,1.0,5,2,23,2
2.0,180,9051.05,38994.35,0.6870236065,4,3,40,50
1.0,240,0.0,41703.34,1.0,4,2,33,2
1.0,300,0.0,40563.7,1.0,4,2,18,0
10.0,240,191951.68,191444.83,0.0,5,2,29,2
1.0,240,0.0,141011.1,1.0,5,2,59,12
94.0,225,19560.93,14750.06,0.92424302,3,4,22,26
1.0,240,0.0,54082.13,1.0,5,2,27,20
1.0,300,0.0,33791.54,0.8380714078,4,2,7,4
16.0,240,77859.09,84828.8,0.0,5,2,23,17
24.98,300,0.0,69531.37,1.0,4,2,12,0
24.98,300,0.0,64759.99,1.0,4,2,10,1
24.98,120,32968.99,32148.76,0.0,1,2,57,2
24.98,240,110341.9,96491.44,0.0,5,2,23,23
24.98,240,26567.77,31350.52,0.0,4,2,47,21
3.0,360,0.0,221462.13,1.0,5,2,31,1
1.0,300,0.0,56138.16,1.0,4,2,24,3
45.0,240,0.0,82474.04,1.0,5,2,18,5
13.0,180,115147.97,108533.22,0.0,5,2,22,7
3.0,260,0.0,132078.62,1.0,5,2,25,4
94.0,230,13631.42,15970.26,0.918261193,3,2,23,53
1.0,240,26318.38,26677.59,0.9853839871,3,4,33,31
94.0,180,31112.2,30888.49,0.0,5,2,38,6
0.0,220,0.0,27801.47,1.0,4,2,24,14
24.98,240,79782.27,87693.58,0.0902153841,5,2,27,4
89.0,300,0.0,56221.59,1.0,4,2,24,2
32.0,300,74116.03,70294.79,0.0,4,2,12,10
1.0,240,0.0,46217.22,0.9017311438,5,2,17,18
44.0,300,0.0,71162.3,1.0,4,2,23,3
95.0,360,135221.14,132690.35,0.0,5,2,20,2
0.0,240,0.0,18915.72,1.0,5,2,31,9
1.0,300,0.0,80332.49,0.8869060842,5,2,21,2
4.0,230,7484.32,11425.6,0.894296142,3,4,19,61
93.0,240,37409.86,37679.71,0.0,4,2,20,1
1.0,236,21262.15,9851.61,0.9841599495,3,2,28,40
24.98,255,571723.19,542921.95,0.0,5,2,8,4
17.0,360,0.0,137318.24,1.0,5,2,12,1
24.98,228,27380.16,25680.17,0.0,3,4,41,18
24.98,360,52273.02,50207.9,0.0,5,2,26,4
1.0,240,90938.14,69220.89,0.0,5,2,21,24
24.98,360,277637.92,259904.75,0.0,5,2,9,6
1.0,96,0.0,44598.18,1.0,5,2,40,14
1.0,360,0.0,46087.32,1.0,5,2,18,11
1.0,240,26238.24,26543.97,1.0,3,4,21,38
1.0,231,7806.12,9564.35,0.8668126951,3,2,49,29
6.0,360,0.0,52651.13,1.0,5,2,30,2
8.0,240,0.0,164021.69,1.0,5,2,26,1
8.0,200,0.0,135738.89,1.0,5,2,12,2
1.0,240,0.0,33186.12,1.0,4,2,26,6
0.0,300,0.0,64132.65,1.0,4,2,33,1
94.0,220,10480.46,11382.38,0.9377124995,3,4,18,61
18.0,240,0.0,51438.46,1.0,5,2,75,1
1.0,360,283219.14,245499.16,0.0,5,2,8,13
70.0,240,40809.53,39862.67,0.0,5,2,31,5
94.0,240,19807.63,10199.63,0.0,3,4,15,21
1.0,300,11003.25,9742.08,0.0,4,2,11,22
0.0,300,0.0,99240.14,1.0,4,2,12,4
17.0,240,0.0,38131.4,1.0,4,2,49,3
84.0,72,45476.86,46071.71,0.0,5,2,18,4
5.0,360,196927.91,181735.7,0.0,5,2,13,8
2.0,180,38411.07,38207.55,0.0,1,2,64,1
24.98,300,76128.35,68287.93,0.0,5,2,7,11
0.0,240,113168.06,112588.42,0.0,4,2,10,5
1.0,236,14260.36,14432.09,0.0118991775,3,2,69,14
0.0,240,0.0,119094.88,0.7058798585,4,2,25,4
0.0,240,110277.72,101848.24,0.0,5,2,23,6
8.0,230,20261.78,22001.8,0.9178044524,3,2,28,31
24.98,240,76395.09,72984.41,0.0,5,2,7,20
0.0,240,0.0,19599.81,0.8565763554,4,2,13,7
24.98,300,65335.91,64249.12,0.0,4,2,11,3
2.0,360,0.0,120128.41,1.0,5,2,28,2
1.0,222,7641.54,5541.44,0.9283200756,3,2,17,55
24.98,360,0.0,181281.97,1.0,5,2,11,4
1.0,240,26318.38,25769.69,0.9900285956,3,4,24,40
8.0,204,28844.39,26797.75,0.0,4,2,68,6
2.0,60,36087.45,39177.24,0.0,5,2,35,2
24.98,240,82552.04,71011.98,0.0,5,2,16,11
13.0,300,46512.42,45784.5,0.0,4,2,18,3
52.0,230,8251.54,9808.12,0.8758385909,3,2,28,52
18.0,240,0.0,91459.9,0.7242599511,5,2,39,13
1.0,240,10161.07,11439.74,0.1117743935,3,2,34,20
0.0,180,0.0,17271.92,1.0,5,2,44,7
8.0,236,14261.86,14411.59,0.964702715,3,2,24,59
24.98,130,4619.14,23540.99,0.6864826879,5,2,35,4
76.0,204,14745.04,14638.13,0.0,4,3,52,6
8.0,300,0.0,72672.91,1.0,4,2,16,2
56.0,120,212182.08,202845.17,0.0,1,2,24,2
1.0,236,21260.47,10927.5,0.0,3,2,47,21
9.0,240,35474.14,37033.97,0.7289355997,5,2,14,37
24.98,222,7644.76,5546.66,0.9233791146,3,2,17,55
1.0,144,0.0,49147.28,0.6381375261,5,2,36,9
56.0,240,36065.85,45938.38,0.7340172715,5,2,50,29
26.0,240,65632.32,61602.68,0.8426488233,4,2,11,33
64.0,240,0.0,64086.62,1.0,4,2,14,1
1.0,240,74382.11,63439.42,0.0,5,2,11,13
5.0,300,0.0,57004.12,1.0,4,2,24,4
1.0,240,66594.45,67298.29,0.0,5,2,14,1
2.0,227,0.0,49341.61,0.7054365921,5,2,27,18
0.0,180,0.0,33707.17,0.8060317956,5,2,16,3
24.98,180,85426.84,83768.03,0.0,5,2,15,1
24.98,240,98627.04,95392.06,0.0,5,2,34,3
0.0,222,7641.54,5537.82,0.9282732194,3,2,17,55
15.0,120,0.0,157797.31,1.0,5,2,32,7
5.0,240,0.0,35635.25,1.0,4,2,38,2
91.0,300,67902.02,66497.58,0.0,4,2,19,6
92.0,240,102990.37,102670.97,0.0,5,2,30,1
33.0,240,201116.31,210213.12,0.0432742257,5,2,24,5
1.0,180,0.0,60926.79,0.7253255664,5,2,21,1
77.0,240,170692.78,171421.38,0.004250345,5,2,23,1
1.0,240,0.0,66380.56,1.0,4,2,13,6
1.0,240,0.0,69781.13,1.0,4,2,18,12
1.0,165,12586.0,8182.43,1.0,3,2,39,30
56.0,236,4455.35,5191.6,0.8868190924,3,4,48,34
2.0,239,0.0,101442.99,1.0,5,2,12,1
1.0,236,19371.79,19549.89,0.0091100257,3,2,51,9
2.0,360,0.0,73782.97,1.0,5,2,38,9
9.0,300,0.0,51448.59,1.0,4,2,10,2
1.0,240,37420.71,38037.66,0.016219452,4,2,46,2
1.0,222,11432.48,4478.5,0.8347125154,3,2,18,47
1.0,230,10562.41,11646.56,0.9420137792,3,4,38,46
1.0,300,0.0,15120.84,1.0,4,2,32,2
28.0,300,50037.23,50119.12,0.0016339074,4,2,28,2
24.98,300,26219.16,27937.08,0.7968546814,4,2,8,26
1.0,240,99855.77,95912.05,0.0,5,2,12,8
65.0,229,15067.1,16112.7,0.0648929106,3,2,79,4
1.0,218,33211.98,15759.04,0.9000123104,3,4,22,43
94.0,224,15058.01,17840.36,0.9066487448,3,2,17,55
93.0,234,9793.75,12035.66,0.9007607393,3,2,39,42
37.0,240,38927.31,48957.48,0.7167066389,5,2,18,35
2.0,240,0.0,59616.91,1.0,5,2,26,4
24.98,360,0.0,109434.24,1.0,5,2,12,5
24.98,180,202457.19,228154.4,0.1126307886,1,2,11,2
24.98,360,0.0,110111.16,1.0,5,2,12,2
1.0,360,0.0,238564.72,1.0,5,2,24,5
3.0,240,60478.11,56008.89,0.0,5,2,25,7
1.0,240,22986.15,24506.48,0.0620378773,5,2,60,4
77.0,152,0.0,65940.5,1.0,5,2,68,2
1.0,200,12997.91,10676.54,0.931158409,3,4,21,58
7.0,300,69195.46,68019.37,0.0,4,2,28,2
1.0,360,0.0,155913.04,1.0,5,2,15,11
16.0,160,0.0,47328.27,1.0,4,2,15,2
9.0,300,64776.81,59523.62,0.0,4,2,14,20
56.0,224,14434.94,18095.25,0.853801412,3,2,38,38
18.0,236,21249.77,15681.49,0.0,3,2,58,10
1.0,300,0.0,72454.14,1.0,4,2,19,2
85.0,240,18211.81,18661.49,0.9418470872,3,2,20,35
24.98,203,121531.65,123178.71,0.0,5,2,13,16
77.0,240,27938.09,27865.95,0.0,4,2,31,0
5.0,240,10002.11,11411.55,0.1235099526,3,2,34,23
1.0,240,9121.96,8047.87,1.0,3,4,19,34
8.0,204,0.0,15579.42,1.0,4,2,38,2
0.0,120,162687.85,163515.65,0.0,5,2,18,24
0.0,340,0.0,56027.31,1.0,5,2,12,22
31.0,240,0.0,76970.1,1.0,4,2,23,3
1.0,236,18498.99,17164.45,0.9674029753,3,2,24,41
1.0,240,76010.62,78773.69,0.0350760514,4,2,19,19
2.0,236,16430.96,18077.37,0.0910757483,3,2,54,12
56.0,240,19221.72,19908.83,0.9680774812,3,2,19,42
13.0,300,0.0,87727.17,1.0,4,2,17,0
0.0,240,0.0,83997.76,0.8658921903,5,2,15,2
0.0,120,1037.65,5470.79,0.8103290384,2,2,110,13
90.0,218,28328.0,24258.46,0.0,3,4,39,17
24.98,222,26679.64,4376.5,0.9353981492,3,2,7,36
24.98,360,0.0,107997.23,1.0,5,2,12,1
1.0,240,0.0,86862.29,1.0,5,2,13,31
24.98,232,15423.21,9580.12,0.9643177747,3,2,27,36
1.0,300,0.0,32010.0,1.0,4,2,14,10
60.0,300,0.0,68944.42,1.0,4,2,13,3
39.0,240,80879.13,78924.01,0.0,5,2,21,2
94.0,230,20384.24,22001.8,0.9035065313,3,2,28,31
22.0,120,47999.42,41940.42,0.0,5,2,10,4
8.0,360,107471.37,102134.49,0.0,5,2,17,11
2.0,240,0.0,47778.71,0.7895052908,5,2,42,2
92.0,240,0.0,45044.54,1.0,5,2,38,1
2.0,240,11108.88,11449.72,0.9374648463,3,2,25,29
13.0,240,20755.33,20948.27,0.0092103071,3,4,39,23
1.0,300,0.0,40338.17,1.0,4,2,11,11
47.0,230,7788.13,8973.16,0.0,3,2,46,21
24.98,240,74340.4,72646.39,0.0,5,2,28,2
39.0,360,0.0,142412.27,1.0,5,2,12,2
24.98,240,115727.93,110774.18,0.0,5,2,10,4
94.0,236,16070.28,19384.9,0.9064797858,3,2,14,65
1.0,240,0.0,92723.86,1.0,4,2,10,9
24.98,300,0.0,69324.64,1.0,4,2,13,0
2.0,240,0.0,46087.59,0.9122837404,4,2,15,3
1.0,240,0.0,67522.19,0.794746976,5,2,30,14
2.0,240,19221.74,19904.65,0.967972308,3,2,19,42
1.0,232,15966.92,19023.39,0.9204263804,3,2,24,59
0.0,360,97474.02,92323.07,0.0,5,2,14,5
24.98,300,0.0,30007.94,1.0,4,2,9,4
1.0,240,0.0,15570.23,1.0,5,2,32,13
1.0,240,118233.35,85277.82,1.0,4,2,17,29
8.0,300,0.0,96182.34,1.0,4,2,21,13
8.0,300,0.0,53411.59,1.0,4,2,19,2
24.98,360,0.0,66485.23,1.0,5,2,30,3
1.0,119,73258.25,66649.16,0.0,5,2,19,12
24.98,300,258330.67,249105.78,0.0,5,2,17,3
94.0,180,31909.66,67528.4,0.7043359626,4,2,33,37
52.0,278,194711.8,218116.39,0.0,5,2,17,12
1.0,180,93128.2,94115.21,0.0,5,2,17,4
0.0,360,90637.41,84406.63,0.0,5,2,13,7
0.0,240,335010.91,202592.24,0.9126171887,5,2,11,41
36.0,240,20643.0,23125.58,0.9181668092,3,2,16,40
1.0,240,10217.76,11030.68,0.0736962726,3,2,39,16
26.0,180,75507.3,72666.63,0.0,5,2,11,24
1.0,300,0.0,65895.56,1.0,4,2,18,1
24.98,300,66130.69,64460.93,0.0,4,2,7,5
24.98,240,41986.49,48290.81,0.0,5,2,32,12
1.0,300,52760.1,51893.51,0.0,4,2,15,20
94.0,240,100269.85,104604.66,0.0,5,2,16,9
18.0,360,0.0,136521.1,1.0,5,2,31,2
2.0,240,194503.35,185885.27,0.0,5,2,46,4
1.0,236,21260.47,10883.11,0.947227401,3,2,38,30
8.0,240,0.0,13485.53,0.7538248561,4,2,68,18
24.98,240,35303.35,35534.04,0.0064920848,3,4,39,1
24.98,240,39160.17,37130.72,0.0,4,2,27,7
5.0,230,8240.45,9750.58,0.8356743907,3,2,28,52
94.0,234,14450.06,17296.42,0.9194347732,3,4,25,33
8.0,204,36701.38,37810.13,0.0,5,2,29,1
26.0,240,84834.1,84916.06,0.0,1,2,15,3
1.0,300,56530.83,50971.9,0.0,4,2,8,22
24.98,204,17343.91,20315.0,0.0,5,2,21,11
2.0,360,418063.42,402443.07,0.0,5,2,11,13
94.0,240,11057.34,11480.89,0.0,3,2,31,24
67.0,240,40235.71,43730.8,0.0799228461,4,2,37,6
24.98,222,26690.0,5955.13,0.0,3,2,26,17
3.0,300,41999.28,41629.36,0.0,4,2,12,12
1.0,240,0.0,31007.93,1.0,4,2,34,12
1.0,240,0.0,90047.29,1.0,5,2,63,1
24.98,240,75565.85,75516.41,0.0,5,2,22,2
1.0,236,21260.47,9851.58,0.9839660237,3,2,28,40
8.0,224,14435.24,15900.46,0.0921495353,3,2,66,10
24.98,50,0.0,2240.7,0.3386407587,4,3,16,26
94.0,236,18396.87,17154.48,0.9285446134,3,2,24,41
56.0,204,0.0,40627.45,1.0,5,2,42,2
0.0,300,62057.93,55933.28,0.0,4,2,13,17
32.0,180,0.0,73292.45,1.0,5,2,22,6
93.0,240,54367.2,58279.14,0.0,5,2,7,6
1.0,204,6914.16,19218.84,0.0,5,2,48,19
1.0,240,37860.85,38873.7,0.0260548906,5,2,40,8
5.0,240,94844.89,97449.3,0.0,5,2,39,16
9.0,240,33126.12,33588.96,0.0,4,2,13,13
9.0,60,0.0,30825.95,0.2834968075,1,2,28,32
2.0,300,0.0,32867.12,0.8644396725,4,2,8,6
95.0,360,0.0,75108.61,1.0,5,2,13,1
13.0,360,113601.59,116433.61,0.0243230456,5,2,33,10
20.0,240,36061.22,44289.07,0.7489012305,5,2,31,45
68.0,218,33416.49,17724.5,0.9266659144,3,4,24,40
5.0,223,15273.03,18361.28,0.8501929059,3,2,39,33
24.98,180,22807.7,41460.73,0.3011952155,5,2,32,7
24.98,240,98591.95,114584.2,0.0,5,2,22,15
8.0,229,15065.75,17012.28,0.1144191137,3,2,59,24
94.0,234,11794.84,13416.48,1.0,3,2,49,25
94.0,180,0.0,18106.78,1.0,1,2,81,4
24.98,234,11550.17,18102.23,0.8808494865,3,4,20,52
5.0,300,0.0,72899.91,1.0,4,2,12,4
94.0,230,11483.38,13845.94,0.9048298635,3,4,33,29
1.0,240,19694.08,23802.78,0.9865923224,3,2,19,40
10.0,240,11114.41,11451.67,0.9460244663,3,2,25,30
2.0,180,0.0,20878.72,1.0,5,2,61,3
90.0,200,9036.67,10623.44,0.8797169279,3,4,21,58
64.0,360,0.0,185442.66,1.0,5,2,18,1
94.0,230,20358.17,21995.84,0.9041218703,3,2,28,31
24.98,240,38604.67,34755.64,0.0,4,2,20,13
0.0,240,78038.71,80512.28,0.0,5,2,20,12
1.0,204,6436.4,6959.36,0.0751448409,4,2,31,19
8.0,225,11346.02,11560.28,0.0,3,2,46,22
68.0,198,33290.26,17827.17,0.9033570668,3,4,24,40
24.98,300,29565.73,26754.8,0.0,4,2,8,16
24.98,240,90044.88,84607.96,0.0,5,2,10,6
4.0,360,0.0,91337.53,1.0,5,2,28,8
0.0,240,0.0,45280.68,0.7053321312,5,2,33,3
4.0,236,21262.15,9851.6,0.9555260059,3,2,28,40
24.98,300,96267.93,92760.91,0.0,4,2,7,6
1.0,240,10717.55,11853.58,0.0958385568,3,2,37,17
15.0,300,0.0,65236.29,1.0,4,2,9,3
1.0,222,13527.4,12869.99,0.9119540885,3,4,30,53
23.0,180,0.0,26397.92,0.0,5,2,26,16
1.0,360,67651.16,67942.1,0.0042821756,5,2,15,5
1.0,300,0.0,54336.54,1.0,4,2,18,3
94.0,234,13512.33,14117.12,0.9617089038,3,2,14,60
12.0,360,0.0,181623.38,1.0,5,2,18,9
4.0,250,0.0,165393.33,1.0,5,2,19,2
24.98,197,140435.96,119552.26,0.0,5,2,7,12
24.98,240,96493.72,87618.54,0.0,5,2,37,9
1.0,240,10239.47,11251.32,0.0899316702,3,2,42,13
1.0,240,81452.4,52464.73,1.0,5,2,48,34
53.0,240,78184.32,83530.5,0.0640027295,5,2,22,14
1.0,300,35413.82,32163.56,0.0,4,2,7,10
96.0,304,0.0,63158.67,1.0,5,2,34,2
24.98,240,19074.54,20350.12,0.0,3,2,33,11
24.98,300,46510.68,45187.33,0.0,4,2,8,6
26.0,240,20755.33,20947.74,0.0091852391,3,4,39,23
24.98,60,431223.45,419916.89,0.0,1,2,11,1
2.0,180,0.0,89534.93,0.6939973644,5,2,16,4
2.0,240,114881.88,107416.72,0.0,5,2,33,7
24.98,240,50507.11,48521.53,0.0,4,2,23,6
4.0,240,7589.0,2388.1,0.9116536158,3,4,8,53
1.0,240,21334.13,21365.91,0.0,4,2,17,2
1.0,240,48606.26,55833.35,0.1294403793,4,2,34,13
0.0,240,187428.52,196981.47,0.6715332704,5,2,18,26
38.0,180,0.0,34445.44,1.0,4,2,57,5
1.0,240,26316.65,26476.05,0.9964394236,3,4,22,33
5.0,150,0.0,49646.85,1.0,5,2,32,12
24.98,240,30798.65,47927.49,0.7676648969,5,2,9,31
93.0,230,11483.48,13831.09,0.9367468508,3,4,33,29
1.0,360,76744.77,80230.89,0.0434510947,5,2,12,16
14.0,240,0.0,118505.44,1.0,5,2,17,7
24.98,240,106405.98,88820.92,0.0,5,2,15,16
1.0,240,26184.83,26555.14,0.9682920143,3,4,37,27
1.0,360,0.0,62582.62,1.0,5,2,45,1
42.0,240,0.0,143841.38,1.0,5,2,11,2
3.0,300,0.0,85879.22,1.0,4,2,17,3
1.0,240,27491.51,31147.22,0.1173687411,4,2,36,12
1.0,240,134629.34,94656.63,1.0,5,2,12,29
61.0,300,0.0,61772.34,1.0,4,2,20,1
0.0,240,0.0,120883.92,1.0,5,2,10,17
94.0,240,11107.99,11491.08,0.0,3,2,31,23
0.0,240,0.0,205589.51,0.8257097089,5,2,11,11
1.0,360,0.0,97558.98,1.0,5,2,30,3
24.98,360,0.0,245435.4,1.0,5,2,10,2
4.0,240,10516.45,8968.84,0.0,3,4,35,18
9.0,240,0.0,20002.45,0.7877710602,4,2,36,11
52.0,240,18213.92,18661.49,0.9360093969,3,2,20,35
1.0,240,13380.11,21063.08,0.7247269054,5,2,12,43
93.0,230,20374.99,22011.42,0.9204090422,3,2,28,31
68.0,218,32329.73,16038.48,0.8289993815,3,4,22,43
41.0,240,19695.79,23843.33,0.8868589245,3,2,21,38
55.0,240,46312.91,53084.29,0.7511441746,5,2,11,30
1.0,228,24087.91,14124.0,0.8873406967,3,4,14,60
24.98,360,138468.96,135185.76,0.0,5,2,8,3
23.0,300,0.0,83119.1,1.0,4,2,19,1
40.0,240,0.0,50566.13,0.6836471071,5,2,20,13
4.0,240,19221.72,19790.11,0.9683821869,3,2,22,39
77.0,300,0.0,38245.67,1.0,4,2,44,3
94.0,224,15058.0,17840.36,0.9036196579,3,2,17,55
1.0,240,0.0,185301.91,1.0,5,2,15,6
5.0,180,0.0,62886.28,0.6249792268,5,2,52,7
96.0,240,97926.02,96559.09,0.0,5,2,15,2
24.98,235,8588.23,11013.35,1.0,3,2,43,43
56.0,236,13141.11,14188.64,0.9524387115,3,2,11,57
70.0,234,19887.0,23049.72,0.9272264479,3,4,30,29
0.0,300,0.0,87162.9,1.0,4,2,8,3
94.0,240,3482.3,56553.27,0.7281363109,4,2,28,57
1.0,180,21713.69,24128.24,0.1000715344,1,2,85,16
0.0,160,68594.85,69726.29,0.0,1,2,70,6
24.98,240,34941.97,34075.08,0.0,4,2,41,3
1.0,240,0.0,93706.75,1.0,1,2,123,12
1.0,200,14330.94,10630.64,0.9681552569,3,4,21,58
1.0,236,21302.92,13213.84,0.9327689756,3,2,7,66
1.0,240,35349.22,34267.48,0.0,4,2,19,2
91.0,240,28561.18,4277.08,0.960688133,3,2,8,55
1.0,240,0.0,53528.74,1.0,4,2,7,6
3.0,119,0.0,15280.2,0.6711524227,5,2,16,15
0.0,300,165338.84,163248.55,0.0,5,2,20,1
60.0,300,68646.63,68787.58,0.0020490618,4,2,7,2
9.0,240,0.0,60885.02,1.0,4,2,69,1
70.0,232,15190.65,18060.11,0.9190231953,3,2,24,59
56.0,204,58644.73,73488.32,0.2019857033,5,2,46,18
64.0,236,18498.98,17154.76,0.9377560514,3,2,24,41
24.98,120,50029.23,71169.03,0.0,5,2,36,17
86.0,232,15189.3,18071.38,0.9101806282,3,2,24,59
0.0,240,0.0,60011.37,1.0,5,2,37,7
70.0,240,0.0,129640.13,1.0,4,2,12,4
24.98,240,13936.0,13644.2,0.0,5,2,59,1
31.0,204,0.0,14825.35,1.0,4,2,44,3
5.0,360,0.0,132145.07,1.0,5,2,15,4
93.0,225,16831.28,19428.72,0.9091798122,3,2,26,54
24.98,300,96632.45,93424.55,0.0,4,2,9,6
0.0,240,0.0,28591.11,0.8139289677,4,2,27,5
1.0,228,13717.46,16686.52,0.9220148959,3,4,39,38
1.0,230,7788.13,9428.19,0.9293162314,3,2,34,33
24.98,240,81910.48,88409.13,0.0,5,2,15,24
24.98,218,14775.55,9591.01,0.9062392803,3,4,17,32
1.0,360,0.0,178470.82,1.0,5,2,17,7
2.0,240,0.0,44208.77,1.0,4,2,34,16
24.98,240,46536.31,52208.46,0.0,1,2,64,15
85.0,300,83504.93,88227.75,0.0535298701,4,2,21,2
0.0,240,0.0,59109.52,1.0,4,2,15,12
3.0,218,33531.62,17827.17,0.9033570668,3,4,24,40
89.0,240,59443.58,58821.83,0.0,5,2,26,3
24.98,224,35899.83,40055.82,0.0034087516,4,2,28,2
1.0,300,0.0,48888.77,1.0,4,2,14,5
56.0,300,0.0,64469.02,1.0,4,2,25,1
25.0,234,15897.11,20126.57,0.8751113578,3,2,27,47
20.0,180,13884.99,15421.82,0.0996529592,5,2,57,4
47.0,240,87512.33,83260.06,0.0,5,2,39,4
9.0,240,0.0,16930.51,0.7560593992,4,2,41,2
1.0,360,45842.55,61272.25,0.2518219912,4,2,29,13
0.0,240,0.0,53971.33,1.0,5,2,25,15
2.0,240,49545.29,52146.09,0.0,5,2,45,10
56.0,236,21056.8,19316.01,0.9511089506,3,2,17,54
2.0,240,34350.85,33577.81,0.6967225855,5,2,16,38
0.0,204,0.0,43021.06,1.0,4,2,38,2
92.0,48,0.0,12021.76,0.0,5,2,24,24
65.0,360,101716.84,102523.82,0.0078711464,5,2,20,1
24.98,228,13323.28,16686.47,0.9190362012,3,4,39,38
1.0,300,0.0,79836.63,1.0,4,2,8,6
88.0,120,24349.55,24762.15,0.0,5,2,16,2
1.0,236,21262.15,10891.58,0.9480396784,3,2,38,30
90.0,240,19223.93,19682.71,0.9465281966,3,2,29,32
94.0,240,27120.16,27358.2,0.0,4,2,14,1
1.0,240,83812.22,83339.27,0.0,5,2,42,10
2.0,360,0.0,235982.91,1.0,5,2,18,2
70.0,234,13509.53,14125.48,0.9600764009,3,2,14,60
5.0,240,0.0,26249.03,1.0,5,2,43,8
24.98,240,35369.12,35742.75,0.0104533087,3,4,39,1
3.0,240,128753.61,113459.72,0.0,5,2,38,12
18.0,360,0.0,69467.46,1.0,5,2,19,2
91.0,236,16103.57,19099.83,0.8673815421,3,2,43,31
55.0,240,0.0,40939.14,1.0,5,2,68,1
7.0,240,58010.33,59867.94,0.0310284603,5,2,27,23
1.0,360,312044.27,266116.88,0.0,5,2,10,13
4.0,360,0.0,136700.87,1.0,5,2,14,4
24.98,204,42611.83,71795.92,0.1850445759,5,2,14,18
24.98,120,92198.12,109615.12,0.0,5,2,19,12
24.98,180,75683.3,74820.35,0.0,5,2,29,4
24.98,240,197622.01,129313.46,1.0,5,2,9,34
4.0,360,0.0,83075.39,1.0,5,2,17,5
7.0,240,36219.41,42639.03,0.6613068279,5,2,11,51
1.0,228,13214.58,12061.12,1.0,3,2,36,26
1.0,222,8447.0,5049.57,0.9356816521,3,2,27,40
1.0,300,0.0,37233.19,0.8612780474,4,2,15,12
1.0,240,28391.81,28953.36,0.0,5,2,18,2
24.98,60,33403.6,32024.05,0.0,1,2,47,1
1.0,240,38697.97,35282.5,0.0,5,2,57,8
2.0,204,70824.95,65906.85,0.0,5,2,26,7
24.98,178,24576.3,24359.07,0.0,5,2,13,0
0.0,120,38454.71,21905.41,1.0,5,2,29,42
25.0,240,19707.61,22217.8,0.9198647031,3,2,17,40
2.0,225,11346.02,11556.93,0.0,3,2,46,22
8.0,240,0.0,73381.31,0.7671158383,4,2,25,5
24.98,240,59438.11,61514.35,0.0,4,2,17,18
1.0,240,0.0,47309.04,1.0,5,2,15,9
8.0,180,0.0,155137.78,0.6020283633,5,2,32,8
1.0,236,21158.33,10043.62,0.9632921198,3,2,28,40
26.0,232,15189.29,18071.38,0.9176593044,3,2,24,59
24.98,240,66885.32,61826.26,0.0,5,2,11,7
24.98,204,15753.33,14592.96,0.0,4,3,19,9
9.0,300,0.0,65350.09,1.0,4,2,14,3
77.0,300,0.0,66984.35,1.0,4,2,14,3
4.0,230,8308.71,9612.49,0.9041538665,3,2,28,52
94.0,360,733037.58,724622.33,0.0,5,2,15,1
24.98,180,66837.48,75890.77,0.0,5,2,22,4
2.0,72,0.0,28712.33,0.4963304486,5,2,17,1
3.0,360,129677.31,126734.23,0.0,5,2,15,4
1.0,222,14426.12,24349.17,1.0,1,2,30,58
94.0,230,20375.0,21995.84,0.9001161129,3,2,28,31
2.0,180,0.0,37765.67,1.0,5,2,26,1
1.0,236,14260.36,14391.23,0.9992933196,3,2,44,39
38.0,360,69131.29,68238.82,0.0,4,2,9,4
56.0,300,0.0,71670.35,1.0,4,2,14,6
1.0,240,0.0,133935.49,1.0,5,2,12,6
1.0,222,12697.03,7680.84,1.0,3,2,39,30
10.0,360,0.0,168414.45,1.0,5,2,22,5
52.0,236,15919.89,18042.74,0.8914943074,3,2,43,26
1.0,348,80715.88,78724.54,0.0,5,2,19,3
24.98,54,60046.76,39013.56,0.0,1,2,37,23
5.0,240,0.0,111408.42,1.0,5,2,24,7
67.0,170,113642.24,108599.25,0.0,5,2,15,3
0.0,240,0.0,150278.44,0.6643772557,5,2,41,4
83.0,240,74644.59,98679.42,0.6253618112,1,2,31,32
24.98,240,51178.77,54367.8,0.0,5,2,25,7
33.0,360,0.0,108041.4,1.0,5,2,25,9
1.0,240,60495.27,58984.31,0.0,5,2,26,5
19.0,360,0.0,142029.56,1.0,5,2,19,3
1.0,240,0.0,10508.12,0.7917628335,4,2,58,6
0.0,240,0.0,75026.59,0.7788230597,5,2,17,32
0.0,240,0.0,49139.44,1.0,5,2,44,13
4.0,240,10509.93,9017.55,0.0,3,4,35,18
94.0,204,14911.36,15151.37,0.0,4,3,36,1
5.0,240,0.0,122152.04,1.0,5,2,22,2
1.0,300,0.0,95504.24,1.0,4,2,7,4
45.0,360,0.0,71081.06,1.0,5,2,41,3
12.0,120,0.0,32083.83,0.4432253327,1,2,57,15
1.0,360,0.0,131733.7,1.0,5,2,12,9
24.98,240,40257.64,42333.59,0.0,4,2,26,8
26.0,240,53303.25,59308.62,0.0,5,2,37,13
24.98,228,28713.16,26803.61,0.0,3,4,41,18
8.0,225,11346.01,11567.33,0.0191331967,3,2,46,22
59.0,240,23534.17,26314.92,0.1056719914,3,4,50,5
24.98,228,28717.94,26818.17,0.0,3,4,41,18
24.98,240,107202.86,106252.62,0.0,5,2,20,1
24.98,360,278811.73,268713.28,0.0,5,2,10,2
24.98,240,264251.27,249448.55,0.0,5,2,9,5
94.0,240,11109.41,11445.97,0.9288159938,3,2,25,29
24.98,240,14675.99,133422.73,0.0,5,2,33,15
56.0,300,0.0,102947.72,1.0,4,2,15,2
24.98,180,41141.71,39755.85,0.0,5,2,25,4
9.0,300,0.0,59388.72,1.0,4,2,41,1
81.0,300,0.0,53426.09,1.0,4,2,29,0
94.0,216,8314.9,10670.52,0.8735497427,3,4,15,49
89.0,240,10161.4,11420.31,0.0,3,2,34,20
24.98,120,42642.55,41166.64,0.0,5,2,16,3
25.0,230,20374.99,22011.42,0.9036150326,3,2,28,31
93.0,240,34684.25,50103.56,0.8066437351,4,2,19,33
77.0,240,0.0,38527.23,1.0,4,2,55,4
1.0,240,0.0,108294.93,1.0,5,2,31,4
1.0,236,21223.83,9913.63,0.9773917324,3,2,28,40
89.0,240,133732.79,135534.25,0.0132915481,5,2,18,1
5.0,240,64574.24,65257.05,0.0,5,2,8,2
24.98,240,50156.02,61374.03,0.7625669512,1,2,74,38
24.98,240,58919.55,55351.3,0.0,5,2,12,6
1.0,353,56859.06,52055.12,0.0,5,2,18,9
24.98,240,62735.22,61909.69,0.0,5,2,9,1
0.0,360,0.0,105488.99,1.0,5,2,31,3
94.0,240,35116.18,42613.4,0.708664221,4,2,19,57
7.0,232,15424.69,12509.38,0.9772850453,3,2,31,32
2.0,300,0.0,93638.51,1.0,4,2,13,1
0.0,300,0.0,55553.43,1.0,4,2,21,10
24.98,240,67022.42,56292.25,0.0,4,2,27,18
8.0,300,0.0,39654.16,1.0,4,2,7,2
2.0,120,0.0,148903.3,0.8584008665,5,2,18,26
24.98,180,134711.55,132356.71,0.0,5,2,41,15
1.0,360,0.0,192325.75,1.0,5,2,10,5
24.98,240,53907.92,60604.2,0.0,5,2,11,11
2.0,228,15337.37,16873.98,0.0910638747,3,2,69,8
4.0,360,0.0,116731.72,1.0,5,2,20,2
90.0,221,26176.17,20088.3,0.9383178268,3,4,31,33
1.0,240,8309.96,9612.27,0.9182617634,3,2,15,49
2.0,360,0.0,184598.13,1.0,4,2,23,2
89.0,72,398.87,1407.27,0.4468766791,4,1,16,39
56.0,232,15190.65,18060.11,0.9235813071,3,2,24,59
24.98,155,761124.42,736693.93,0.0,1,2,12,1
13.0,360,0.0,121570.95,1.0,5,2,20,3
87.0,240,31221.5,29134.71,0.0,3,2,40,3
83.0,240,19221.72,19747.78,0.0,3,2,39,22
1.0,240,41783.71,42503.18,0.0169274393,5,2,41,1
45.0,240,0.0,169005.23,1.0,5,2,36,1
64.0,240,26319.94,26536.31,0.0081537335,3,4,57,4
1.0,300,37635.56,36533.9,0.0,4,2,22,5
1.0,240,86059.37,87543.06,0.0169481167,5,2,44,3
24.98,222,13455.71,4929.97,0.9609612229,3,2,27,40
3.0,360,0.0,81638.05,1.0,5,2,11,15
64.0,240,11108.03,11491.11,0.0,3,2,31,23
1.0,240,20396.96,22319.21,0.0861253602,3,2,45,13
1.0,240,0.0,64676.11,1.0,4,2,26,8
2.0,240,10902.69,11821.15,0.0776963324,3,2,43,12
1.0,300,0.0,69935.82,1.0,5,2,33,8
4.0,180,0.0,124113.52,1.0,1,2,93,6
1.0,234,15668.12,21148.67,0.0,3,4,52,16
24.98,240,22624.27,20871.64,0.0,4,2,18,6
70.0,300,0.0,67048.57,1.0,4,2,23,3
1.0,240,0.0,161890.35,0.8777548617,4,2,10,3
1.0,360,268007.54,249489.58,0.0,5,2,19,7
8.0,240,0.0,27091.63,1.0,4,2,37,4
24.98,236,16108.8,19288.84,0.912111874,3,2,14,65
16.0,360,0.0,87251.54,1.0,5,2,37,1
65.0,300,0.0,78839.3,1.0,4,2,17,0
1.0,360,0.0,107946.27,1.0,5,2,15,11
24.98,218,14776.28,9699.19,0.8783393252,3,4,17,32
24.98,300,82730.36,78745.74,0.0,4,2,7,8
1.0,240,8309.98,9843.58,0.8688139884,3,2,31,33
0.0,300,0.0,39692.84,1.0,4,2,22,5
11.0,360,0.0,206245.93,1.0,5,2,8,7
0.0,180,0.0,108514.43,1.0,4,2,15,4
1.0,240,26238.24,25271.23,0.9877623685,3,4,13,45
24.98,240,60976.4,66586.35,0.0,4,2,13,7
96.0,300,0.0,53720.58,1.0,4,2,37,4
93.0,240,0.0,73837.16,0.7450428136,5,2,21,39
2.0,120,0.0,126738.88,1.0,5,2,16,7
91.0,240,62450.46,63279.41,0.0130998377,5,2,31,1
1.0,240,60660.75,61110.93,0.0073666037,5,2,27,17
24.98,240,130897.68,117084.7,0.0,5,2,10,9
0.0,360,0.0,235908.65,0.8404457155,5,2,16,1
24.98,240,173121.77,153539.62,0.0,5,2,23,10
0.0,360,0.0,237021.21,1.0,5,2,17,13
2.0,180,0.0,370545.16,1.0,5,2,65,4
24.98,180,22491.95,29815.55,0.0,1,2,79,13
70.0,240,0.0,40044.47,1.0,4,2,23,2
1.0,300,0.0,59636.05,1.0,4,2,25,11
24.98,310,0.0,129274.13,1.0,5,2,8,5
38.0,240,10001.77,12138.25,0.8729816901,3,2,18,39
24.98,218,13174.38,9484.36,0.9354990743,3,4,17,32
0.0,240,79574.14,53082.78,1.0,5,2,13,35
0.0,240,0.0,47127.38,1.0,5,2,30,7
24.98,240,127097.51,124054.49,0.0,5,2,23,1
1.0,240,0.0,52062.3,1.0,5,2,48,12
1.0,300,0.0,69711.8,1.0,4,2,13,1
1.0,300,0.0,10.88,1.0,4,2,8,21
4.0,360,99736.56,98706.72,0.0,5,2,7,2
24.98,194,20742.51,22580.19,0.0813846119,4,3,33,4
1.0,240,10717.1,11652.78,0.0802967189,3,2,43,11
0.0,360,22346.72,19587.61,0.0,5,2,32,11
13.0,236,18395.41,17164.39,0.9475489662,3,2,24,41
64.0,232,15263.58,18071.38,0.9143197697,3,2,24,59
0.0,300,0.0,38419.91,1.0,4,2,22,6
94.0,240,11107.7,11484.97,0.0,3,2,31,23
96.0,224,14956.45,17840.36,0.8907589309,3,2,17,55
1.0,300,56451.17,53456.56,0.0,4,2,7,16
1.0,120,0.0,68951.44,0.6763124589,5,2,36,10
1.0,222,13527.4,12869.99,1.0,3,4,30,53
52.0,240,11056.8,11449.48,0.9350712871,3,2,25,30
24.98,240,36030.39,34167.86,0.0,4,2,38,7
4.0,360,0.0,123675.98,1.0,5,2,31,1
13.0,180,31161.54,37210.49,0.0,5,2,53,20
0.0,240,98809.96,65121.11,1.0,5,2,9,34
1.0,240,0.0,58513.4,1.0,4,2,24,6
7.0,194,0.0,17733.05,0.7324644219,4,3,35,24
24.98,240,49974.33,55324.83,0.0967106451,5,2,28,2
24.98,300,0.0,88257.09,1.0,4,2,14,4
73.0,180,0.0,113343.59,1.0,5,2,48,1
1.0,240,0.0,17627.39,0.7998586885,4,2,16,14
65.0,300,0.0,61288.96,1.0,4,2,13,6
24.98,180,13226.5,19772.07,0.569810037,1,2,46,30
1.0,240,72630.19,70910.69,0.0,5,2,25,12
2.0,216,15773.15,20208.74,0.9107495074,3,4,10,44
24.98,240,24659.68,23170.47,0.0,4,2,20,8
1.0,180,0.0,55671.33,1.0,5,2,31,8
6.0,240,0.0,36584.8,0.0,4,2,14,17
1.0,240,54216.96,42967.88,0.0,1,2,105,16
1.0,240,46792.26,38977.26,0.0,4,2,14,23
24.98,204,19033.19,14665.0,1.0,4,3,17,31
77.0,240,0.0,55525.59,1.0,4,2,28,5
24.98,220,5680.65,6890.53,0.9222686789,3,2,53,30
1.0,240,0.0,82223.76,1.0,5,2,22,34
94.0,230,7419.46,11432.38,0.8935759658,3,4,19,61
1.0,120,0.0,49412.17,0.4796625849,5,2,9,21
24.98,360,0.0,627526.12,1.0,5,2,8,1
24.98,240,78087.44,53968.33,1.0,4,2,24,34
5.0,240,0.0,35189.72,1.0,4,2,12,25
32.0,240,18211.81,20152.92,0.0963190446,3,2,35,20
1.0,240,69451.99,73316.01,0.7078511008,5,2,37,28
46.0,180,62613.25,61730.13,0.0,5,2,43,1
24.98,240,107635.25,102983.63,0.0,5,2,35,4
0.0,228,20655.24,23603.06,0.1248914336,3,2,35,23
4.0,240,10109.43,11167.09,0.0,3,2,40,16
92.0,234,19894.65,23061.78,0.9212276763,3,4,31,28
4.0,360,0.0,101022.21,1.0,5,2,34,4
1.0,236,15910.57,19626.26,0.9124412904,3,2,12,57
26.0,300,0.0,52965.26,1.0,4,2,30,1
1.0,240,68211.82,72310.17,0.0,5,2,20,1
0.0,240,0.0,54276.59,0.8904339381,4,2,16,3
1.0,222,12698.85,4855.43,0.9539958356,3,2,21,48
24.98,240,83475.67,75442.47,0.0,5,2,17,9
0.0,240,99521.51,78017.78,0.9549692253,5,2,7,28
1.0,360,0.0,57559.47,1.0,5,2,9,1
2.0,121,0.0,13232.23,1.0,2,2,105,17
94.0,230,8256.86,9612.49,0.8951010612,3,2,28,52
1.0,300,53300.0,54346.87,0.0192627469,4,2,14,2
1.0,236,21173.7,15444.33,0.0,3,2,57,11
24.98,240,83828.91,78719.58,0.0,4,2,18,7
2.0,300,0.0,92950.74,1.0,4,2,20,2
1.0,240,0.0,62404.33,1.0,4,2,12,1
14.0,240,0.0,57766.72,1.0,5,2,26,11
1.0,230,7788.13,9426.41,0.8997911188,3,2,33,34
66.0,240,12515.96,14915.15,0.895094585,3,2,22,38
1.0,300,64390.81,57122.08,0.0,4,2,18,23
1.0,222,11450.79,4283.57,0.9239536181,3,2,14,51
68.0,218,33158.34,17827.17,0.9033570668,3,4,24,40
1.0,236,9492.58,9568.85,0.9811231235,3,2,57,29
19.0,180,0.0,83570.6,0.6264200773,5,2,29,37
68.0,218,33714.46,17827.17,0.9033570668,3,4,24,40
1.0,240,0.0,207409.21,0.8096283237,5,2,20,3
52.0,318,86067.49,98030.39,0.0,5,2,19,20
96.0,300,0.0,65305.11,1.0,4,2,17,1
1.0,144,0.0,34104.6,1.0,5,2,34,2
1.0,240,82395.81,74962.78,0.0,5,2,48,8
1.0,360,0.0,140386.24,1.0,5,2,19,2
17.0,240,94617.04,94521.42,0.0,5,2,31,11
45.0,240,0.0,110677.25,1.0,5,2,12,45
71.0,240,66596.22,62602.3,0.0,1,2,62,13
65.0,285,0.0,59628.97,1.0,5,2,20,1
29.0,300,0.0,53412.7,1.0,4,2,27,5
1.0,300,86887.4,88543.95,0.0187087881,4,2,9,1
10.0,300,0.0,84342.02,1.0,4,2,15,4
96.0,240,0.0,52211.28,1.0,5,2,35,1
0.0,240,17963.56,16442.41,0.9186798042,3,4,26,29
1.0,120,0.0,40758.88,1.0,5,2,39,6
1.0,240,25221.99,27398.99,0.0794554836,4,2,34,13
1.0,240,9126.17,8004.63,1.0,3,4,19,34
15.0,240,0.0,85485.25,1.0,4,2,32,2
3.0,240,30381.18,30755.68,0.0,4,2,17,1
24.98,221,33287.56,26322.45,0.0,3,4,39,19
29.0,360,0.0,105281.72,1.0,5,2,12,0
24.98,360,59377.03,58115.13,0.0,5,2,8,2
24.98,204,29616.41,34349.78,0.7853578837,4,3,16,30
1.0,235,13081.03,13303.49,0.9582192342,3,2,13,62
1.0,233,19692.43,24086.45,0.9485204337,3,4,30,30
1.0,228,15337.37,18662.06,0.9166994426,3,2,40,37
24.98,240,26236.32,26470.77,0.0088569392,3,4,40,18
59.0,300,24538.09,24519.07,0.0,4,2,17,16
83.0,300,0.0,43213.88,1.0,4,2,26,5
3.0,240,0.0,225485.85,1.0,5,2,35,11
1.0,163,0.0,206079.76,1.0,5,2,31,0
24.98,300,0.0,71388.57,1.0,4,2,14,1
70.0,240,21872.15,28681.68,0.8562319223,3,4,20,36
94.0,240,10000.37,10726.6,0.0677036526,3,2,51,6
1.0,240,10220.42,11475.19,0.1093463376,3,2,33,21
71.0,300,63766.73,63482.17,0.0,4,2,23,1
9.0,300,0.0,52222.05,1.0,4,2,14,2
64.0,360,62329.42,61166.94,0.0,4,2,23,2
1.0,228,13213.6,12064.45,0.9841973733,3,2,24,38
24.98,360,0.0,99387.98,1.0,5,2,10,1
5.0,355,71302.36,71792.59,0.0068284206,5,2,31,9
24.98,240,30854.25,29796.51,0.0,4,2,28,4
94.0,240,52812.29,67522.75,0.710176433,5,2,18,36
24.0,360,79734.44,76415.51,0.0,4,2,31,4
0.0,240,36888.35,33506.02,0.0,4,2,21,15
17.0,300,0.0,57496.43,1.0,4,2,34,2
1.0,300,0.0,38450.25,1.0,4,2,23,16
77.0,360,99803.06,99805.79,2.73531e-05,5,2,15,2
13.0,222,13549.34,12653.85,0.9708112551,3,4,30,53
0.0,240,0.0,79304.88,1.0,4,2,19,8
94.0,236,13141.05,14188.64,0.9524387115,3,2,11,57
1.0,240,30925.9,35661.03,0.1327816387,5,2,55,11
64.0,235,13081.03,13303.49,0.9503506223,3,2,13,62
45.0,180,97684.03,94368.17,0.0,5,2,27,3
24.98,180,28686.91,27430.96,0.0,4,2,10,8
9.0,240,0.0,74778.51,0.6878178015,4,2,32,3
94.0,232,15970.52,19339.01,0.8873520413,3,2,24,59
1.0,222,11449.99,4293.1,0.9145722205,3,2,13,52
2.0,295,0.0,174293.86,1.0,5,2,18,6
1.0,240,10522.36,11153.09,0.0565520407,3,2,42,12
9.0,240,0.0,54679.52,1.0,4,2,65,4
46.0,360,0.0,100110.56,1.0,5,2,32,1
52.0,240,10116.95,11467.38,0.0,3,2,33,23
90.0,204,26174.19,20620.77,0.9064065018,3,4,31,33
4.0,360,0.0,137057.34,1.0,5,2,14,1
94.0,240,0.0,31087.95,1.0,4,2,44,1
24.98,204,28508.02,28091.88,0.0,4,3,31,15
2.0,234,14892.43,14891.46,0.0,3,2,66,14
90.0,240,0.0,25357.86,0.6590926737,5,2,13,16
24.98,240,13026.8,13188.39,0.0,4,2,12,4
0.0,240,0.0,145830.07,1.0,5,2,7,15
90.0,204,63092.86,59166.61,0.0,4,2,12,19
1.0,300,0.0,169047.65,1.0,5,2,14,3
18.0,240,31760.22,38408.95,0.0,5,2,21,23
1.0,300,0.0,45532.8,1.0,4,2,16,1
12.0,240,70317.73,71441.69,0.0157325506,5,2,44,2
2.0,300,0.0,67362.26,1.0,4,2,16,3
24.98,120,99080.47,72411.16,0.8832078332,5,2,28,29
17.0,300,47569.76,46572.53,0.0,4,2,25,4
1.0,120,25507.64,26489.66,0.0370718235,5,2,18,6
1.0,300,0.0,83021.16,1.0,4,2,9,15
1.0,240,0.0,41996.95,1.0,4,2,17,21
24.98,300,0.0,64160.4,1.0,4,2,13,1
86.0,240,67219.89,66290.64,0.0,4,2,16,3
24.98,228,24185.31,14181.0,0.8952718426,3,4,14,60
0.0,240,0.0,208241.57,1.0,5,2,26,7
1.0,240,0.0,128617.52,1.0,5,2,29,3
5.0,218,33472.69,17827.17,0.9033570668,3,4,24,40
1.0,240,50055.18,44102.84,0.0,4,2,20,19
5.0,300,87261.63,85397.58,0.0,5,2,20,3
57.0,180,38183.73,32359.4,0.0,5,2,16,17
1.0,220,11178.66,11382.38,0.9522876586,3,4,18,61
23.0,218,33463.6,17708.46,0.9303637922,3,4,24,40
24.98,180,93754.5,96238.09,0.0,5,2,22,11
0.0,240,73215.56,47176.59,0.7236100689,5,2,7,55
1.0,230,20374.99,22011.42,0.9944156261,3,2,28,31
1.0,300,0.0,61292.74,1.0,4,2,20,2
2.0,240,24114.89,32941.04,0.0,4,2,23,13
24.98,240,36128.51,35127.67,0.0,5,2,31,2
65.0,360,0.0,72306.58,0.0,5,2,14,23
2.0,222,13549.34,12653.85,0.962995452,3,4,30,53
1.0,240,0.0,39525.11,1.0,4,2,19,5
94.0,222,19075.02,15415.77,0.0,4,2,13,3
94.0,240,39432.8,38241.7,0.0,4,2,26,7
24.98,280,123606.99,136211.24,0.0,5,2,15,9
22.0,204,11936.48,12780.64,0.0,4,3,63,13
70.0,235,14445.55,15385.94,0.0611200876,3,2,72,5
94.0,240,26030.33,35348.04,0.7310377101,4,2,28,49
1.0,300,0.0,60402.49,1.0,4,2,15,16
1.0,222,13542.93,12717.01,0.9511827073,3,4,30,53
23.0,240,53593.0,49366.55,0.0,5,2,34,8
3.0,240,0.0,84392.68,1.0,5,2,24,6
1.0,325,0.0,70194.16,1.0,5,2,23,4
11.0,240,42114.37,41985.54,0.0,5,2,40,1
5.0,300,0.0,48611.74,1.0,4,2,18,3
24.98,240,64286.14,73714.59,0.0,5,2,29,15
6.0,236,18396.6,17154.22,0.9386693187,3,2,24,41
1.0,240,0.0,184000.14,1.0,5,2,14,8
2.0,180,0.0,120806.93,1.0,5,2,39,2
90.0,240,44609.05,43512.4,0.0,4,2,17,9
2.0,240,0.0,20390.92,1.0,4,2,26,4
40.0,360,0.0,96808.84,1.0,5,2,21,7
94.0,236,5128.28,6103.32,0.8540859729,3,4,51,31
29.0,240,0.0,161885.39,1.0,5,2,43,2
1.0,240,0.0,48730.42,1.0,5,2,53,1
24.98,240,70410.52,66262.32,0.0,4,2,40,6
0.0,180,0.0,19986.32,1.0,5,2,32,17
24.98,300,0.0,38544.88,1.0,4,2,9,9
0.0,300,61806.9,55140.13,0.0,4,2,7,17
24.98,240,80892.19,86507.37,0.0,1,2,24,4
24.98,300,20728.68,20291.85,0.0,4,2,21,3
1.0,300,63067.46,60999.38,0.0,4,2,15,4
24.98,240,54438.93,58795.24,0.0,5,2,27,16
56.0,230,7419.44,11425.6,0.9036251926,3,4,19,61
24.98,300,50706.74,49452.26,0.0,4,2,13,5
1.0,300,0.0,15994.87,1.0,4,2,33,1
24.98,240,88297.98,81148.49,0.0,4,2,31,14
18.0,300,0.0,70909.62,1.0,4,2,24,1
93.0,230,20374.99,21995.84,0.9328154778,3,2,28,31
5.0,204,26042.46,27052.5,0.0,4,3,51,1
4.0,204,47494.8,50493.68,0.0,5,2,24,7
5.0,240,0.0,51813.89,1.0,4,2,9,1
1.0,240,107707.45,47991.84,1.0,1,2,29,52
24.98,120,11824.83,11071.6,0.0,1,2,101,17
24.98,300,0.0,72531.26,1.0,4,2,7,4
23.0,360,0.0,140039.02,1.0,5,2,20,6
5.0,240,31052.37,33423.8,0.0,4,2,15,24
24.98,300,50818.32,50482.72,0.0,4,2,18,1
94.0,236,3972.1,6297.77,0.9006029118,3,4,18,64
4.0,240,0.0,73510.31,1.0,5,2,48,13
94.0,240,16655.14,21040.75,0.7663309836,4,2,10,44
10.0,240,0.0,82021.85,1.0,4,2,21,2
93.0,240,96700.79,90760.2,0.0,5,2,15,10
1.0,218,33437.89,17724.5,0.9266659144,3,4,24,40
24.98,180,119930.3,132483.36,0.0,5,2,44,3
8.0,240,99996.99,84863.72,0.0,4,2,21,18
24.98,220,13695.26,11390.42,0.9492968653,3,4,18,61
5.0,300,47077.32,46949.04,0.0,4,2,27,1
94.0,225,19560.93,14602.83,0.9423755532,3,4,22,26
0.0,236,19906.15,19656.21,0.9421322829,3,2,18,45
24.98,204,67071.9,57761.07,0.0,5,2,36,13
1.0,235,13081.03,13295.76,0.9600805069,3,2,13,62
80.0,240,0.0,121520.85,0.7305166116,5,2,22,32
2.0,300,0.0,89207.68,1.0,4,2,24,7
24.98,204,44701.03,49341.45,0.0,4,3,42,21
1.0,240,0.0,198177.85,1.0,5,2,15,15
24.98,360,179821.51,172808.81,0.0,5,2,15,3
4.0,225,11282.78,11568.8,0.0,3,2,46,22
4.0,360,0.0,184680.34,1.0,5,2,16,1
94.0,240,11058.19,11474.74,0.0,3,2,31,24
1.0,180,21269.48,22397.61,0.0503683205,5,2,42,3
0.0,350,106741.88,101905.67,0.0,5,2,11,4
38.0,240,12515.96,13401.09,0.066049105,3,2,54,6
71.0,360,0.0,211945.69,1.0,5,2,14,1
1.0,240,0.0,103271.86,0.7681868288,5,2,25,27
0.0,240,0.0,69076.11,0.8545421864,5,2,21,7
1.0,240,0.0,42978.73,0.0,4,2,27,11
1.0,240,167085.59,108262.57,1.0,5,2,19,36
4.0,240,0.0,15430.73,1.0,5,2,25,4
0.0,240,0.0,89879.23,1.0,5,2,36,2
94.0,236,16108.83,19293.15,0.9215612795,3,2,16,63
1.0,222,11449.99,4293.09,0.9190792646,3,2,13,52
24.98,360,86195.87,89383.63,0.0,5,2,9,8
46.0,360,0.0,135766.22,1.0,5,2,18,1
24.98,240,26043.4,25276.04,0.0,4,2,35,4
24.98,228,29908.41,27987.17,0.0,3,4,41,18
1.0,300,0.0,48603.47,1.0,4,2,26,6
11.0,240,0.0,26702.16,1.0,4,2,17,1
1.0,222,11450.79,4282.75,0.9164041796,3,2,12,53
64.0,240,12372.63,85117.25,0.8546401581,5,2,32,21
2.0,180,0.0,119303.74,1.0,5,2,21,6
0.0,240,0.0,79526.73,1.0,5,2,27,7
24.98,230,11483.37,13833.87,0.9179578816,3,4,33,29
24.98,240,109915.99,97593.87,0.7391338278,5,2,11,31
24.98,204,19748.24,19204.33,0.0,4,3,20,14
56.0,240,14777.63,14927.84,0.0,4,2,25,1
93.0,230,13653.02,15965.84,0.9165750127,3,2,23,53
24.98,60,9238.29,19705.82,0.0,5,2,26,16
5.0,236,16201.86,19384.9,0.912191448,3,2,14,65
0.0,236,19371.79,15790.05,0.9648373501,3,2,14,46
1.0,240,66599.72,75304.38,0.1155930107,5,2,43,11
24.98,240,47194.56,51428.39,0.0,4,2,14,21
13.0,218,32712.44,15792.89,0.891283356,3,4,22,43
7.0,300,49834.97,50732.45,0.0176904526,4,2,13,2
24.98,300,0.0,72816.02,1.0,4,2,8,1
24.98,222,11455.23,4283.58,0.9282212542,3,2,14,51
24.98,360,0.0,213343.12,1.0,5,2,7,1
68.0,240,19160.63,18985.93,0.0,4,2,11,1
0.0,240,70623.65,64293.1,0.0,4,2,17,13
52.0,240,20002.54,19349.52,0.0,4,2,21,6
1.0,300,0.0,70457.1,1.0,4,2,23,3
1.0,120,0.0,50999.38,0.3934885038,5,2,19,17
94.0,200,8866.47,10623.44,0.8701823515,3,4,21,58
1.0,300,59962.9,58463.96,0.0,4,2,29,5
1.0,300,0.0,50818.74,1.0,4,2,7,13
5.0,96,11238.72,11258.39,0.0017471415,4,2,20,4
1.0,240,10220.42,12080.32,0.945324296,3,2,22,32
93.0,216,5436.75,8557.32,0.854545582,3,4,23,47
1.0,300,0.0,57527.3,1.0,4,2,11,2
1.0,255,93445.44,79982.0,0.0,5,2,26,14
38.0,300,0.0,70826.08,1.0,4,2,16,3
4.0,240,0.0,33941.73,0.8198523505,4,2,22,19
0.0,180,39635.5,33834.64,0.0,2,2,101,11
2.0,240,19221.72,19790.11,0.97269141,3,2,22,39
2.0,360,0.0,65577.27,1.0,5,2,19,13
1.0,360,116218.19,118801.15,0.0217418771,5,2,11,1
87.0,218,32757.12,15691.5,0.9175419813,3,4,22,43
1.0,360,0.0,111032.25,1.0,5,2,11,11
22.0,240,0.0,154567.4,1.0,5,2,37,1
2.0,360,0.0,265500.19,1.0,5,2,28,2
24.98,240,54982.28,54339.87,0.0,4,2,15,2
68.0,218,33837.04,17767.85,0.9167969113,3,4,24,40
1.0,240,117422.45,112796.92,0.0,5,2,30,3
94.0,236,18396.86,17154.76,0.9265778128,3,2,24,41
70.0,229,15036.54,18177.76,0.8710649717,3,2,23,60
0.0,240,177629.43,154329.9,0.0,5,2,29,12
95.0,360,0.0,97482.99,1.0,5,2,26,0
13.0,240,0.0,153786.33,1.0,5,2,21,1
1.0,240,0.0,51723.21,0.7707944818,4,2,27,30
5.0,300,0.0,50278.2,1.0,4,2,16,2
24.98,180,96308.44,82102.27,0.0,5,2,12,11
10.0,300,0.0,68194.24,1.0,4,2,35,4
24.98,240,146419.81,145714.41,0.0,5,2,25,1
24.98,240,58836.13,65057.35,0.0,1,2,71,6
1.0,240,0.0,69116.26,0.7326862164,5,2,16,22
24.98,240,35134.7,34382.72,0.0,1,2,33,2
4.0,300,0.0,34980.7,1.0,4,2,21,2
1.0,300,0.0,57549.5,1.0,4,2,9,5
24.98,360,198044.08,189846.59,0.0,5,2,12,4
1.0,240,15481.28,18091.22,0.1442655609,4,2,44,15
0.0,300,0.0,41230.95,1.0,4,2,28,4
64.0,240,34856.8,19920.61,0.4734720212,5,2,21,38
56.0,280,0.0,59275.47,1.0,5,2,21,5
68.0,218,33543.27,17827.17,0.9033570668,3,4,24,40
24.98,218,14774.96,9498.81,0.9305534062,3,4,17,32
0.0,300,0.0,51514.42,1.0,4,2,22,2
71.0,300,0.0,54981.55,1.0,4,2,22,2
87.0,320,293866.68,309573.84,0.0507380081,5,2,18,0
1.0,300,65406.95,62961.08,0.0,4,2,20,7
64.0,236,7328.95,11540.45,0.8977882145,3,4,28,49
13.0,300,0.0,47163.24,1.0,4,2,30,6
60.0,240,109726.48,111890.23,0.0193381495,5,2,46,2
45.0,240,0.0,73465.21,1.0,4,2,25,1
5.0,300,0.0,51634.92,1.0,4,2,23,2
5.0,240,0.0,76060.42,1.0,4,2,17,5
1.0,236,21249.77,10927.09,0.0,3,2,49,19
7.0,300,0.0,73961.4,1.0,4,2,14,1
24.98,60,88410.96,86004.07,0.0,1,2,20,1
16.0,240,22251.96,23282.28,0.0442533979,5,2,38,1
49.0,300,45332.26,45261.75,0.0,4,2,15,1
5.0,240,33515.04,36327.02,0.0,4,2,22,12
24.98,240,82276.12,73645.9,0.0,4,2,27,13
5.0,236,21223.83,9843.78,0.9125437586,3,2,28,40
0.0,234,15558.96,17913.19,0.9579505381,3,4,28,44
0.0,240,0.0,100164.62,1.0,5,2,32,3
12.0,360,0.0,83710.24,1.0,5,2,25,2
1.0,84,0.0,97599.45,1.0,5,2,19,18
1.0,240,9126.17,8004.65,1.0,3,4,19,34
11.0,360,0.0,197013.44,1.0,5,2,8,10
94.0,234,16029.8,22254.93,0.8346928074,3,4,38,27
2.0,360,89144.15,84768.55,0.0,5,2,11,6
1.0,230,22513.93,23093.47,1.0,3,4,29,46
4.0,300,14320.9,15567.95,0.0801036745,4,2,42,5
1.0,360,0.0,135547.97,1.0,5,2,22,7
52.0,240,0.0,22705.46,0.7782579032,4,2,30,3
10.0,180,0.0,200960.24,1.0,5,2,42,3
24.98,300,74134.99,71817.26,0.0,4,2,11,6
40.0,240,0.0,33468.12,0.664710899,5,2,27,21
94.0,236,18396.86,17154.71,0.9285455714,3,2,24,41
24.98,228,28325.51,22688.45,0.8793284027,4,2,37,32
0.0,240,26238.5,26467.25,1.0,3,4,30,28
3.0,180,0.0,151785.92,0.6141449092,5,2,7,10
1.0,240,0.0,35782.39,0.876139192,4,2,9,7
1.0,300,0.0,55088.87,1.0,4,2,23,5
1.0,300,0.0,49241.85,1.0,4,2,11,2
1.0,360,0.0,117775.82,1.0,5,2,15,6
94.0,240,35566.99,37004.62,0.0,4,2,14,12
24.98,180,88577.58,81502.65,0.0,5,2,17,7
11.0,240,0.0,40999.31,1.0,4,2,17,1
2.0,216,8412.08,9927.42,0.1526418747,3,4,57,5
24.98,240,85936.59,85629.18,0.0,5,2,8,0
2.0,360,97108.61,107735.7,0.7745392941,4,2,26,25
1.0,360,123932.56,115055.75,0.0,5,2,11,8
13.0,240,0.0,50364.75,0.7319268471,5,2,19,31
6.0,240,77347.3,76463.93,0.0,4,2,19,5
1.0,240,0.0,85296.06,1.0,5,2,36,3
24.98,240,82988.44,85775.96,0.0,1,2,41,5
89.0,220,5686.84,7138.68,0.8916550399,3,2,17,66
24.98,360,0.0,505970.74,1.0,5,2,7,6
1.0,300,0.0,62388.62,1.0,4,2,8,12
65.0,180,0.0,76782.7,1.0,4,2,38,2
1.0,300,0.0,38508.75,1.0,4,2,11,1
0.0,240,0.0,98652.52,1.0,5,2,39,2
0.0,360,97183.51,88025.6,0.0,4,2,20,10
8.0,100,0.0,22663.4,1.0,5,2,11,1
3.0,240,0.0,25876.12,1.0,4,2,48,7
92.0,180,53672.6,52273.31,0.0,5,2,36,2
83.0,240,0.0,36611.36,1.0,4,2,27,3
24.98,240,118533.57,90515.0,0.0,5,2,9,24
0.0,300,0.0,85344.71,1.0,4,2,9,14
55.0,240,0.0,50130.5,0.0,4,2,14,19
52.0,240,81125.95,80065.19,0.0,4,2,22,4
24.98,180,28245.28,31143.4,0.0,1,2,59,6
45.0,128,204289.48,282556.73,0.0,5,2,32,17
0.0,240,88761.44,63348.07,1.0,5,2,13,29
58.0,293,0.0,41701.42,0.0,5,2,15,10
96.0,240,0.0,33913.23,1.0,4,2,37,1
5.0,300,0.0,92635.44,1.0,4,2,20,8
56.0,240,8749.0,11431.31,0.9005923206,3,4,24,31
0.0,240,0.0,160668.48,1.0,5,2,39,4
1.0,222,13550.35,12643.91,1.0,3,4,30,53
24.98,218,32936.13,15675.62,0.9328058476,3,4,22,43
0.0,250,87025.61,84165.98,0.0,4,2,32,3
26.0,240,48206.11,47528.16,0.0,5,2,30,5
21.0,360,0.0,144814.54,1.0,5,2,12,3
1.0,240,0.0,47706.01,1.0,5,2,19,47
68.0,218,32829.51,15879.21,0.8691805197,3,4,22,43
0.0,240,113159.0,91076.55,0.0,5,2,57,16
24.98,222,11455.23,4282.76,0.9128996255,3,2,12,53
1.0,240,0.0,96647.18,1.0,5,2,30,1
3.0,300,0.0,71531.21,1.0,4,2,15,1
93.0,240,8769.18,8420.6,0.0,4,2,49,7
13.0,120,164021.83,172431.29,0.0487699187,5,2,10,2
24.98,240,54538.8,62194.07,0.0,5,2,31,10
26.0,240,25210.26,26637.58,0.9745258391,3,4,13,46
24.98,156,59052.11,58880.96,0.0,2,2,61,0
14.0,300,0.0,46527.45,1.0,4,2,23,1
93.0,300,0.0,84000.71,1.0,4,2,37,2
24.98,240,46906.32,54154.26,0.0,5,2,14,11
5.0,360,154085.68,149007.43,0.0,5,2,7,13
64.0,232,15180.72,18113.99,0.9312978532,3,2,24,59
4.0,240,0.0,170242.41,0.666980527,5,2,18,2
90.0,240,50059.91,87801.91,0.7573018599,5,2,30,31
24.98,240,122062.49,111873.99,0.0,5,2,32,7
24.98,240,36859.37,36815.64,0.0,4,2,14,0
1.0,240,10717.22,11597.54,0.0759057524,3,2,44,10
1.0,240,0.0,61658.8,0.6872613706,4,2,33,2
3.0,360,155764.1,159668.52,0.0244532861,5,2,14,3
24.98,240,18209.85,18664.98,0.9286996289,3,2,20,35
24.98,120,20759.62,25793.15,0.1951498751,5,2,43,6
1.0,360,77553.29,70270.9,0.0,5,2,14,9
1.0,240,20755.33,18082.71,0.9864505929,3,4,23,39
1.0,300,62124.78,55006.73,0.0,4,2,8,19
23.0,360,0.0,241266.56,1.0,5,2,12,1
38.0,180,65510.05,68559.25,0.0,5,2,17,8
94.0,180,61854.5,63527.85,0.0263404161,5,2,23,5
0.0,360,268092.9,164988.05,0.9901819152,5,2,13,38
4.0,240,10220.41,11347.63,0.0993352797,3,2,36,18
1.0,360,0.0,73513.14,1.0,5,2,23,16
2.0,300,0.0,19372.43,1.0,4,2,44,6
24.98,168,18596.24,24169.4,0.9093916274,3,2,22,36
85.0,223,15166.3,19682.21,0.87206772,3,2,19,53
94.0,236,18396.86,17137.02,0.9266348525,3,2,24,41
4.0,240,0.0,90388.7,1.0,5,2,42,3
17.0,300,0.0,24926.39,0.8737185042,4,2,16,12
24.0,360,62712.5,71557.35,0.7431684174,5,2,18,30
96.0,228,6228.29,7618.39,0.1824663741,3,4,57,3
12.0,180,0.0,28523.21,1.0,4,2,31,8
96.0,234,11787.87,14578.99,0.9151525586,3,2,36,38
35.0,216,15666.47,20887.33,0.9080892579,3,4,10,44
90.0,221,26175.37,20042.98,0.9441894369,3,4,31,33
1.0,234,14892.43,14591.95,0.9789034365,3,2,32,48
1.0,300,0.0,77845.13,1.0,4,2,16,2
12.0,240,0.0,149973.34,1.0,5,2,47,1
0.0,300,0.0,64749.02,1.0,4,2,22,16
1.0,240,0.0,61802.51,1.0,4,2,11,18
24.98,204,10879.93,12149.25,0.1044772311,4,3,23,11
13.0,240,52499.19,59679.14,0.1203092069,4,2,52,10
24.98,360,124557.4,115633.12,0.0,5,2,11,8
89.0,120,19473.74,23621.59,0.0,5,2,23,14
14.0,360,0.0,61637.43,1.0,5,2,9,7
24.98,174,133884.25,132533.0,0.0,5,2,7,1
94.0,225,19560.93,14594.79,0.9436511248,3,4,22,26
70.0,230,8256.13,9618.56,0.91273018,3,2,28,52
1.0,360,0.0,123933.96,1.0,5,2,9,5
23.0,360,0.0,237607.7,1.0,5,2,18,4
20.0,236,21249.77,15681.48,0.0,3,2,58,10
24.98,240,68641.8,64094.77,0.0,1,2,75,5
1.0,240,59637.56,51809.48,0.0,5,2,34,11
1.0,338,0.0,317101.96,1.0,5,2,19,18
1.0,240,89679.86,76817.5,0.0,1,2,73,13
24.98,204,32295.03,37169.88,0.7306591409,4,3,19,28
32.0,120,16321.47,34794.29,0.3891243668,5,2,23,10
13.0,240,122792.69,123428.81,0.0,5,2,8,2
24.98,80,108801.55,92361.45,0.0,1,2,10,6
5.0,360,0.0,157559.86,1.0,5,2,33,2
24.98,300,0.0,87836.3,1.0,4,2,9,2
24.98,300,0.0,67346.23,1.0,4,2,15,3
5.0,240,42137.93,44648.91,0.056238327,4,2,40,9
1.0,222,7641.54,5534.23,0.9276538922,3,2,17,55
4.0,240,10515.75,8977.85,0.0,3,4,35,18
1.0,120,122211.85,80682.22,0.9153022741,5,2,29,33
24.98,240,20815.14,18777.42,0.0,5,2,42,22
1.0,240,35320.07,29648.47,0.0,4,2,19,22
24.98,300,73468.11,68873.11,0.0,4,2,12,11
40.0,300,0.0,106322.81,1.0,5,2,16,3
24.98,220,11847.02,11390.42,0.9385799646,3,4,18,61
60.0,240,0.0,40971.17,1.0,4,2,46,2
1.0,300,0.0,66976.01,1.0,4,2,12,2
65.0,240,35528.98,34756.56,0.0,3,4,46,9
24.98,360,130744.75,124040.96,0.0,5,2,10,6
61.0,360,84927.47,78077.01,0.0,5,2,14,9
24.98,240,122717.42,115832.94,0.0,5,2,14,6
4.0,234,19257.83,23189.1,0.9586469505,3,4,26,40
1.0,236,21260.47,9851.61,0.9839660726,3,2,28,40
1.0,240,23489.99,24437.46,0.0,1,2,63,4
1.0,180,12998.56,26693.27,0.6846293117,1,2,79,54
94.0,240,31529.66,31312.17,0.0,4,2,14,18
1.0,360,151995.41,144079.84,0.0,5,2,15,4
2.0,180,0.0,51284.2,0.6910263962,5,2,24,9
1.0,180,113740.54,113372.57,0.0,5,2,15,3
1.0,240,0.0,64781.88,1.0,4,2,22,5
1.0,236,22731.65,19187.18,0.9668815324,3,2,17,57
1.0,240,134493.48,118246.09,0.0,5,2,15,19
90.0,221,23392.27,20441.72,0.8550190493,3,4,31,33
94.0,240,10009.05,10570.66,0.0531291329,3,2,54,4
85.0,360,128373.56,134516.01,0.0456633378,5,2,22,9
24.98,80,69945.92,58772.31,0.0,5,2,39,13
3.0,236,21262.15,10869.02,0.9537179985,3,2,38,30
26.0,240,49203.82,43635.28,0.0,5,2,35,22
9.0,360,100584.34,98565.36,0.0,5,2,11,3
4.0,286,0.0,63606.77,1.0,4,2,9,6
47.0,228,15348.18,20173.69,0.8798881117,3,2,22,55
28.0,240,0.0,68165.25,0.6899757504,5,2,17,1
11.0,231,0.0,80765.71,1.0,4,2,13,1
34.0,280,0.0,89263.05,1.0,5,2,15,5
1.0,240,69404.07,41970.44,1.0,5,2,18,38
2.0,240,19221.72,19809.56,0.9707075776,3,2,21,40
32.0,51,0.0,46183.79,1.0,5,2,16,1
94.0,240,49931.4,49519.22,0.0,4,2,19,3
71.0,240,0.0,50545.32,1.0,5,2,45,6
0.0,240,125462.3,107711.14,0.0,5,2,34,13
7.0,360,297377.35,278674.99,0.0,5,2,14,6
89.0,240,149549.18,149813.27,0.0,5,2,15,1
24.98,120,44185.14,71815.73,0.5969118785,1,2,31,32
8.0,300,0.0,21009.76,1.0,4,2,36,1
24.98,240,67120.5,72795.63,0.0,4,2,10,22
18.0,300,0.0,84153.4,1.0,4,2,12,9
32.0,240,105642.58,103785.79,0.0,4,2,8,4
0.0,240,0.0,93386.48,1.0,5,2,20,10
1.0,360,0.0,71379.46,1.0,5,2,7,3
94.0,230,11483.43,13844.69,0.9174968887,3,4,33,29
10.0,240,10002.0,11229.76,0.0,3,2,37,20
10.0,300,55301.16,57604.76,0.0399897508,4,2,16,9
13.0,232,15424.69,12509.38,0.9772850453,3,2,31,32
4.0,300,0.0,55039.17,1.0,4,2,10,7
25.0,240,108760.94,109764.72,0.0091448327,5,2,21,3
2.0,240,49689.78,50684.56,0.0,1,2,107,7
10.0,180,42652.82,53245.94,0.1989469995,4,2,31,20
1.0,300,0.0,39574.09,1.0,4,2,19,4
2.0,240,0.0,33288.5,1.0,4,2,19,6
0.0,300,0.0,93707.91,1.0,4,2,7,10
24.98,180,22025.39,22527.29,0.0,2,2,57,4
6.0,240,0.0,47005.83,1.0,4,2,20,7
94.0,206,49535.59,49497.85,0.0,5,2,32,1
0.0,300,0.0,89248.53,1.0,4,2,21,8
10.0,360,0.0,208516.24,0.8627413109,5,2,12,4
0.0,60,0.0,15509.0,1.0,1,2,12,48
1.0,240,30416.02,28854.26,0.0,5,2,12,5
24.98,222,7645.83,5519.62,0.9125283987,3,2,12,60
0.0,240,0.0,54132.68,0.6924209022,1,2,85,1
24.98,72,53514.47,79089.61,0.0261346264,1,2,41,3
76.0,240,10902.7,11657.17,0.0,3,2,38,17
1.0,300,44588.82,47045.91,0.0522274944,4,2,23,4
9.0,300,0.0,39794.37,1.0,4,2,14,2
5.0,240,0.0,53871.95,0.7114264455,4,2,26,5
4.0,240,0.0,20964.72,0.775396509,4,2,36,3
25.0,229,15067.11,18014.05,0.9153105493,3,2,26,57
2.0,360,0.0,84180.5,1.0,5,2,12,6
2.0,235,8922.31,9721.3,0.0821896248,3,2,80,6
92.0,240,6830.19,6767.6,0.0,4,2,53,11
1.0,240,0.0,218705.09,1.0,5,2,53,6
1.0,222,11969.98,5537.04,0.9429785589,3,2,21,49
24.98,204,20843.12,37203.49,0.783579405,4,3,19,47
24.98,240,37793.9,30177.87,0.0,5,2,8,22
24.98,72,95744.16,71726.79,0.0,1,2,49,13
11.0,240,98990.92,114097.57,0.0,5,2,20,15
25.0,230,8258.16,9612.49,0.9170131776,3,2,28,52
24.98,240,35026.32,34823.22,0.0,1,2,46,3
94.0,224,15089.55,17852.06,0.8941040978,3,2,17,55
70.0,240,12814.08,15036.33,0.8968092613,3,2,26,37
30.0,300,66712.11,66886.98,0.0026144102,4,2,26,7
1.0,360,0.0,127376.61,1.0,5,2,20,1
24.98,300,13463.52,84689.51,0.0,4,2,13,23
24.98,240,46835.37,45173.1,0.0,5,2,16,4
24.98,236,21056.82,19302.92,0.944006399,3,2,16,55
1.0,204,42434.9,41271.36,0.0,4,3,51,3
94.0,228,10266.28,11474.41,0.8792992407,3,4,23,32
24.98,240,24327.22,23378.61,0.0,5,2,33,4
2.0,240,192850.29,193101.97,0.0,5,2,16,1
1.0,231,7862.07,8845.52,0.111180575,3,2,64,14
24.98,360,126173.44,123344.52,0.0,5,2,25,2
1.0,298,27306.3,28650.86,0.0469291323,4,2,25,2
24.98,180,17010.52,21317.09,0.0,2,2,55,23
42.0,120,33207.93,34429.77,0.0,5,2,51,2
24.98,240,26236.33,11997.27,0.9574761592,3,4,7,55
14.0,300,0.0,58505.6,1.0,4,2,10,4
24.98,204,12729.8,12468.4,0.0,4,3,18,16
1.0,360,0.0,151552.61,0.8602682021,4,2,10,9
16.0,300,0.0,74577.98,1.0,4,2,10,4
1.0,360,0.0,76937.9,1.0,5,2,33,5
83.0,300,0.0,44521.35,1.0,4,2,30,4
5.0,240,0.0,15681.96,1.0,5,2,16,5
18.0,360,0.0,90374.86,1.0,5,2,12,9
14.0,240,0.0,26245.95,1.0,4,2,60,8
1.0,240,0.0,38375.61,1.0,4,2,46,6
9.0,240,0.0,202911.83,1.0,5,2,30,6
0.0,240,0.0,231600.42,0.9875467587,5,2,42,27
1.0,300,64624.84,63358.73,0.0,4,2,14,3
1.0,240,19709.58,22917.49,0.9397874724,3,2,26,31
94.0,230,20375.0,22027.0,0.8985717528,3,2,28,31
0.0,240,0.0,130221.3,0.7499352804,5,2,9,16
4.0,180,130099.39,122232.17,0.0,5,2,19,5
56.0,229,16273.54,19522.08,0.9298169048,3,2,23,60
1.0,180,0.0,243585.35,1.0,5,2,17,4
0.0,240,0.0,35866.02,0.7009087618,5,2,33,21
96.0,300,0.0,52416.6,1.0,4,2,19,7
0.0,240,0.0,56539.63,0.736717871,5,2,27,6
1.0,360,0.0,148238.78,1.0,5,2,15,9
24.98,240,75207.74,74350.3,0.0,5,2,43,1
28.0,300,75380.98,74105.86,0.0,4,2,23,2
4.0,360,453.61,31594.22,0.985642627,5,2,17,7
1.0,230,20381.44,22001.8,0.9132370988,3,2,28,31
30.0,204,31629.16,31424.95,0.0,4,3,37,11
1.0,231,7860.09,9365.8,0.865573683,3,2,50,28
1.0,240,26319.94,25966.96,0.977073173,3,4,18,43
24.98,240,20872.3,19583.77,0.0,4,2,9,11
0.0,50,50108.32,29890.81,1.0,5,2,20,29
5.0,360,0.0,161995.68,1.0,5,2,14,5
2.0,240,0.0,54933.59,1.0,4,2,48,6
1.0,240,40238.47,34290.66,0.0,4,2,55,20
24.98,120,0.0,6421.25,0.0,1,3,97,23
4.0,240,0.0,32926.95,1.0,4,2,55,2
1.0,240,52043.14,44890.47,0.0,4,2,36,19
2.0,225,11346.02,11574.54,0.0,3,2,46,22
1.0,300,48451.68,42893.17,0.0,4,2,9,20
24.98,240,79665.65,72193.0,0.0,5,2,19,9
0.0,360,170116.69,186414.87,0.0874296133,5,2,14,6
1.0,240,225559.4,224688.57,0.0,5,2,20,0
5.0,300,0.0,60096.19,1.0,4,2,37,3
24.98,180,81630.74,79780.94,0.0,5,2,25,2
94.0,229,15067.1,17905.72,0.91857574,3,2,25,58
54.0,119,136553.49,128038.02,0.0,5,2,20,5
1.0,240,0.0,80419.2,1.0,5,2,24,4
8.0,360,0.0,79015.41,1.0,4,2,29,2
96.0,240,0.0,30726.88,1.0,4,2,23,4
24.98,180,66387.04,83803.88,0.0,5,2,16,19
90.0,240,56974.48,57353.58,0.0,4,2,19,3
0.0,240,0.0,62751.6,1.0,5,2,30,7
94.0,232,16002.87,19068.6,0.930505648,3,2,24,59
25.0,234,14892.43,15918.93,0.9539943954,3,2,20,60
0.0,144,17010.71,16731.15,0.0,2,2,92,4
1.0,255,70618.89,67598.87,0.0,4,2,20,6
94.0,236,3701.61,4515.69,0.8721435705,3,4,13,65
8.0,300,0.0,42605.68,1.0,4,2,22,2
1.0,240,10526.93,11901.82,0.1155193071,3,2,30,24
44.0,240,10717.58,11649.11,0.0,3,2,38,16
3.0,180,46075.32,50202.49,0.6544074221,1,2,47,31
1.0,240,32075.55,32620.06,0.0,5,2,44,4
24.98,360,128449.03,122383.59,0.0,5,2,7,5
0.0,360,0.0,190324.51,1.0,5,2,28,2
13.0,360,0.0,103174.74,0.7902412184,5,2,12,11
1.0,343,150702.01,136928.85,0.0,5,2,10,9
24.98,240,172271.9,164588.1,0.0,5,2,8,3
1.0,120,0.0,62415.76,1.0,5,2,52,6
1.0,222,11454.57,4301.36,0.9379196347,3,2,18,47
13.0,360,0.0,27566.71,0.0,5,2,18,22
1.0,240,0.0,34093.65,1.0,5,2,19,3
24.98,180,43198.47,49422.31,0.1259317907,5,2,23,10
4.0,240,10514.86,8985.95,0.0,3,4,35,18
1.0,360,0.0,85092.32,1.0,5,2,15,6
24.98,300,0.0,72742.12,1.0,4,2,9,10
4.0,240,10514.86,8980.49,0.0,3,4,35,18
34.0,240,0.0,53204.64,1.0,4,2,15,2
1.0,240,10481.31,11484.8,0.0873754876,3,2,38,15
24.98,300,0.0,51127.7,1.0,4,2,10,2
4.0,300,0.0,78707.32,1.0,4,2,12,1
80.0,300,69924.69,67712.75,0.0,4,2,15,5
1.0,300,0.0,61470.45,1.0,4,2,13,1
1.0,220,13701.0,11382.38,0.9499586203,3,4,18,61
1.0,240,0.0,64420.17,1.0,5,2,15,39
94.0,223,15062.36,18464.82,0.8989429629,3,2,39,33
1.0,236,9492.58,9541.22,0.9747013485,3,2,30,56
6.0,180,15429.03,22500.61,0.3142839239,1,2,85,18
24.98,300,0.0,56170.16,1.0,4,2,11,3
24.98,190,79218.29,108331.57,0.0,1,2,51,23
24.98,96,13582.05,34758.7,0.1210465073,1,2,60,19
23.0,300,0.0,35482.88,1.0,4,2,33,9
1.0,230,7422.44,11432.38,0.8985530572,3,4,19,61
70.0,236,18498.98,17154.54,0.9265768712,3,2,24,41
1.0,240,0.0,37940.44,0.9836243278,4,2,26,37
24.98,240,41550.52,37771.35,0.0,4,2,44,13
5.0,360,0.0,319402.7,1.0,5,2,29,2
14.0,240,0.0,130342.4,0.692113124,5,2,11,9
2.0,354,203272.12,194843.47,0.0,5,2,14,4
1.0,240,0.0,45768.02,1.0,5,2,32,3
5.0,120,4146.2,11238.58,0.0358007468,2,2,88,20
96.0,216,10368.97,13953.19,0.8823337172,3,4,17,37
1.0,300,0.0,34081.24,1.0,4,2,10,5
16.0,300,0.0,61142.84,1.0,4,2,25,1
1.0,240,10159.67,11248.26,0.096778524,3,2,39,15
81.0,240,78793.87,76801.12,0.0,5,2,17,8
56.0,239,36222.82,46592.48,0.6576985433,1,2,56,26
1.0,240,0.0,79617.86,1.0,5,2,45,14
24.98,240,111381.49,111302.12,0.0,5,2,40,0
34.0,119,64429.33,73335.82,0.1214480182,5,2,14,3
8.0,240,0.0,24319.99,0.7279308349,4,2,26,9
1.0,240,66949.8,65435.72,0.0,4,2,27,7
24.98,180,75565.72,68241.91,0.5638902147,1,2,27,28
1.0,50,0.0,76301.68,1.0,5,2,33,19
1.0,360,0.0,177553.11,1.0,5,2,34,1
24.98,300,0.0,86814.19,1.0,4,2,15,2
0.0,240,59553.47,65915.28,0.0965149507,5,2,43,17
56.0,240,0.0,64985.81,1.0,4,2,34,2
93.0,300,38061.08,37826.68,0.0,4,2,21,3
1.0,240,26316.66,26528.04,0.0079681725,3,4,37,18
18.0,300,68294.73,68089.91,0.0,4,2,15,1
1.0,300,0.0,393110.27,1.0,5,2,16,19
1.0,300,0.0,33942.9,1.0,4,2,7,14
24.98,300,0.0,86752.53,1.0,4,2,9,2
1.0,222,13527.4,12869.99,0.9348406642,3,4,30,53
34.0,240,28562.67,27425.08,0.0,3,2,55,8
13.0,223,15166.29,19782.77,0.9170965441,3,2,19,53
24.98,240,38451.85,39069.7,0.0158140452,4,2,36,6
1.0,300,30297.9,29127.83,0.0,4,2,10,21
24.98,180,36213.02,38849.46,0.0072196129,1,2,34,3
77.0,360,150906.5,149765.67,0.0,5,2,22,0
64.0,300,50597.11,52385.26,0.034134602,4,2,14,2
11.0,230,11485.02,13836.44,0.9256470595,3,4,33,29
0.0,236,15921.35,19645.89,0.9956123138,3,2,23,46
26.0,300,0.0,52024.51,1.0,4,2,15,2
37.0,300,0.0,68775.07,1.0,4,2,16,7
24.98,240,54914.47,52246.17,0.0,4,2,14,7
1.0,300,53466.53,46174.31,0.0,4,2,12,23
24.98,180,13055.14,12878.23,0.0,4,2,10,2
93.0,300,29816.63,30414.86,0.0196690039,4,2,28,2
5.0,240,114388.19,121081.08,0.0552761009,5,2,45,14
3.0,240,0.0,44184.51,1.0,5,2,14,7
8.0,236,21249.77,15687.2,0.0,3,2,56,12
24.98,240,78174.12,74453.52,0.0,5,2,11,4
25.0,240,0.0,82966.83,0.7340622596,4,2,32,13
96.0,180,33237.39,33405.6,0.0050353833,5,2,25,6
1.0,360,213443.85,234454.35,0.0896144601,5,2,24,7
29.0,120,0.0,31293.88,0.5766979879,5,2,30,4
24.98,240,65250.37,66090.0,0.0,5,2,18,16
70.0,240,38642.07,42741.92,0.0,5,2,11,12
94.0,225,15607.28,18255.17,0.8926561626,3,2,26,54
0.0,300,187728.98,152635.1,0.0,5,2,12,23
12.0,120,0.0,78242.11,1.0,5,2,40,4
11.0,300,0.0,81908.69,1.0,4,2,13,4
24.98,100,2965.75,8694.11,0.7613901825,3,4,11,59
1.0,222,11464.66,7672.68,1.0,3,2,39,30
8.0,204,33587.4,34399.55,0.0,4,3,18,3
1.0,228,24293.65,14104.0,0.8932884288,3,4,14,60
2.0,300,0.0,34825.49,1.0,4,2,13,7
28.0,240,63720.51,61684.79,0.0,5,2,20,3
1.0,240,10717.55,11905.19,0.0997581727,3,2,33,21
94.0,240,344510.09,261677.22,0.0,5,2,15,21
1.0,240,0.0,74170.94,0.7042644216,5,2,31,21
0.0,240,151827.44,98198.37,1.0,5,2,10,38
1.0,218,28572.13,28934.34,0.0125183433,3,2,58,17
24.98,360,156094.75,146221.07,0.0,5,2,13,7
77.0,240,124710.36,148362.12,0.0,5,2,36,14
1.0,222,13550.35,12643.91,0.976238363,3,4,30,53
24.98,224,0.0,11257.0,0.9678093631,3,4,20,3
37.0,240,10532.36,11909.71,1.0,3,2,31,25
1.0,60,170.46,48567.64,0.0707774855,5,2,29,36
65.0,300,70274.64,74892.45,0.0616592193,4,2,27,3
24.98,240,93220.98,91768.45,0.0,5,2,8,1
24.98,180,0.0,58588.77,1.0,1,2,10,3
64.0,300,44887.24,46331.21,0.0311662484,4,2,17,4
2.0,240,0.0,30774.32,1.0,5,2,59,8
11.0,240,0.0,132195.78,1.0,5,2,39,2
70.0,240,11108.25,11481.21,0.0,3,2,31,23
0.0,240,0.0,40368.08,1.0,4,2,31,15
1.0,300,85849.6,78118.08,0.0,4,2,8,15
2.0,240,0.0,27295.18,0.8011539812,4,2,21,1
13.0,240,38976.51,39589.37,0.0,5,2,26,2
1.0,300,208845.7,214852.6,0.0279582374,5,2,19,6
52.0,240,0.0,52408.04,0.0,5,2,39,21
1.0,240,0.0,18008.7,1.0,4,2,23,13
23.0,300,0.0,78899.82,1.0,4,2,23,4
24.98,240,51282.29,55160.67,0.0703106036,4,2,32,2
94.0,236,16168.98,14910.96,0.9214899644,3,2,24,41
1.0,240,154797.38,172759.68,0.0,5,2,29,18
2.0,240,0.0,21450.53,0.0,4,2,31,22
53.0,360,0.0,194978.55,1.0,5,2,17,4
1.0,360,0.0,43399.34,1.0,5,2,35,7
24.98,360,168277.73,162289.12,0.0,5,2,14,3
0.0,240,192477.72,167495.55,0.0,5,2,9,16
21.0,120,41026.15,46103.72,0.1101336291,5,2,24,2
5.0,360,0.0,97965.86,0.800495548,5,2,27,5
24.98,185,57335.73,69324.26,0.0,1,2,27,16
24.98,300,0.0,72930.67,1.0,4,2,7,2
2.0,300,0.0,74338.06,0.8212989424,4,2,7,13
13.0,300,0.0,75195.15,1.0,4,2,13,2
96.0,240,64119.65,66810.93,0.0,5,2,13,7
1.0,240,84147.92,67248.61,0.0,4,2,45,21
5.0,222,13549.34,12653.85,1.0,3,4,30,53
96.0,240,28561.19,4321.18,0.9440569474,3,2,8,55
94.0,240,4020.48,61011.78,0.7467393847,5,2,15,56
3.0,300,0.0,31819.04,1.0,4,2,27,1
5.0,300,0.0,38485.35,1.0,4,2,23,5
4.0,240,8286.2,8753.84,0.0534211272,3,2,54,10
1.0,240,97864.27,92145.37,0.0,5,2,64,4
38.0,240,19221.72,19784.66,0.963714312,3,2,22,39
2.0,204,32408.37,34803.8,0.0688266798,4,2,51,6
1.0,240,26319.94,25939.88,0.9734929383,3,4,18,43
44.0,240,11052.56,11197.32,0.0,4,2,35,12
24.98,120,198612.33,195023.95,0.0,5,2,9,1
0.0,300,67111.58,65347.77,0.0,4,2,10,5
15.0,240,26421.84,27512.71,0.0,5,2,8,1
1.0,240,0.0,31271.89,0.8668355294,5,2,21,1
1.0,240,9126.47,8008.19,1.0,3,4,19,34
3.0,300,0.0,57230.17,1.0,4,2,12,3
17.0,180,0.0,18509.16,0.6670721142,5,2,21,14
65.0,240,35528.98,34835.31,0.0,3,4,46,9
24.98,240,78072.56,91697.41,0.0,5,2,11,16
70.0,360,0.0,135139.05,0.7702004889,5,2,12,5
1.0,204,8672.45,9350.63,0.0725277334,4,3,72,6
24.98,300,0.0,58749.66,1.0,4,2,13,3
64.0,240,49950.93,50704.83,0.0,4,2,18,2
21.0,240,85277.98,99557.2,0.0,5,2,34,19
24.98,240,201420.54,195525.81,0.0,5,2,20,3
24.98,240,32072.61,36000.08,0.0,4,2,19,14
1.0,240,114493.4,114744.35,0.0021870358,5,2,18,1
24.98,240,33816.95,37062.84,0.0,4,2,24,6
94.0,228,8392.04,10975.54,0.0,3,4,37,23
24.98,230,10496.9,11653.17,0.9351137931,3,4,38,46
41.0,240,71153.39,75321.49,0.0,5,2,26,1
0.0,240,0.0,31296.48,1.0,5,2,16,3
7.0,300,0.0,64207.32,1.0,4,2,24,9
24.98,200,0.0,11264.0,0.9666566051,3,4,20,3
0.0,360,156798.84,138559.92,0.0,5,2,9,11
8.0,240,112233.61,116283.66,0.0,5,2,20,5
24.98,275,0.0,171647.27,1.0,5,2,12,1
24.98,220,13525.71,11382.38,0.9467018321,3,4,18,61
5.0,240,0.0,46303.44,0.7589824208,4,2,9,4
4.0,263,0.0,191900.78,1.0,5,2,28,4
70.0,240,12184.92,13385.37,0.0,4,2,39,13
2.0,300,77959.19,71564.4,0.0,4,2,10,13
24.98,222,11455.23,4285.36,0.9233553307,3,2,13,52
8.0,300,0.0,117355.65,1.0,4,2,10,3
24.98,240,111056.52,108366.39,0.0,5,2,7,2
2.0,240,104502.06,106234.26,0.0163054743,5,2,33,9
37.0,240,11108.05,11491.04,0.0,3,2,31,23
52.0,222,13542.93,12717.01,0.9492781715,3,4,30,53
1.0,234,18088.42,21346.86,0.1526425901,3,4,53,15
7.0,240,0.0,96684.99,0.0,5,2,18,10
24.98,236,10002.12,7452.42,0.9723646815,3,2,15,29
1.0,240,0.0,29290.56,0.8009106448,4,2,37,4
24.98,120,14079.8,17891.63,0.0,5,2,31,13
10.0,240,26318.38,25955.04,0.9674741399,3,4,18,46
24.98,240,85627.32,80520.61,0.0,5,2,7,5
32.0,360,0.0,90451.2,1.0,4,2,16,1
24.98,240,36111.46,38256.95,0.0,4,2,27,5
56.0,160,0.0,92579.83,1.0,5,2,38,1
96.0,240,26316.66,26526.1,0.0,3,4,34,21
31.0,240,0.0,21328.08,0.7827545499,4,2,41,17
1.0,240,0.0,40689.19,0.6965419583,5,2,30,5
87.0,240,21340.26,28556.75,0.8642408537,3,4,20,34
26.0,223,0.0,72513.85,1.0,5,2,27,7
18.0,300,0.0,66065.27,1.0,4,2,18,6
56.0,300,34860.16,36124.47,0.0,4,2,18,5
3.0,218,32697.68,15691.5,0.9175419813,3,4,22,43
94.0,236,21273.09,13292.58,0.9208167263,3,2,7,66
1.0,360,0.0,91560.98,1.0,5,2,10,28
24.98,235,13027.0,13149.6,0.0093234775,3,2,69,6
24.98,120,0.0,259797.33,1.0,5,2,11,2
24.98,300,0.0,76182.09,1.0,4,2,12,5
13.0,240,57885.71,56496.06,0.0,1,2,66,6
24.98,360,63008.86,62267.99,0.0,4,2,7,1
1.0,360,0.0,100732.55,1.0,5,2,21,10
24.98,132,23966.13,20501.42,0.0,2,2,76,11
6.0,300,0.0,93229.73,1.0,4,2,26,5
38.0,300,41012.23,40434.79,0.0,4,2,23,3
24.98,222,26392.2,4367.49,0.936509373,3,2,7,36
65.0,207,33130.12,38134.42,0.1312279038,5,2,22,3
9.0,300,0.0,77255.96,1.0,5,2,12,6
17.0,300,0.0,54345.08,1.0,4,2,8,5
1.0,230,13651.16,15983.91,0.9294953488,3,2,23,53
1.0,228,25175.64,14394.0,0.7723120745,3,4,14,60
24.98,240,97436.12,85697.85,0.0,5,2,10,10
34.0,300,0.0,95885.75,1.0,4,2,17,1
1.0,240,26238.49,26624.92,1.0,3,4,32,26
64.0,124,56177.68,60722.63,0.0,5,2,10,0
1.0,240,102094.42,101049.22,0.0,5,2,17,1
82.0,240,49476.46,38554.22,1.0,4,2,20,35
1.0,180,0.0,49303.74,1.0,5,2,49,6
11.0,240,0.0,103351.84,1.0,5,2,29,3
16.0,300,0.0,89772.98,1.0,4,2,21,4
16.0,240,0.0,41005.46,1.0,5,2,68,4
24.98,240,34068.26,32956.05,0.0,4,2,18,4
24.98,300,0.0,47466.14,1.0,4,2,10,1
21.0,180,41269.2,246040.04,0.0,5,2,32,15
17.0,204,0.0,42496.65,1.0,4,3,88,1
24.98,204,21160.89,26116.26,0.0,2,2,79,23
24.98,240,31197.66,29086.82,0.0,4,2,34,9
2.0,360,0.0,100924.28,1.0,5,2,28,9
24.98,228,28718.9,26809.16,0.0,3,4,41,18
91.0,240,66862.62,70051.46,0.0455213924,4,2,44,2
8.0,204,87687.99,89377.4,0.0,4,3,30,1
1.0,228,13335.02,18073.43,0.8670363069,3,4,27,43
36.0,180,46280.54,45486.93,0.0,5,2,50,8
1.0,234,21334.98,15255.57,0.9731960196,3,2,18,40
24.98,240,69988.27,63681.72,0.0,4,2,41,10
16.0,300,0.0,42993.21,1.0,4,2,25,10
24.98,240,18689.54,22187.61,0.8258983555,4,2,14,49
24.98,240,90450.08,100119.9,0.0965823977,5,2,61,3
24.98,240,112578.8,91276.64,0.0,5,2,26,19
24.98,180,120501.93,116102.42,0.0,1,2,13,2
8.0,180,0.0,67512.19,0.7069039721,4,2,13,13
1.0,120,47470.4,47546.02,0.0,5,2,10,3
94.0,240,31976.91,36337.3,0.0,1,2,90,22
1.0,360,0.0,112436.5,1.0,5,2,26,8
64.0,220,12914.86,11441.53,0.9172261052,3,4,18,61
8.0,234,9793.75,10563.92,0.0729057017,3,2,76,5
1.0,240,0.0,109401.71,1.0,5,2,10,6
0.0,360,70452.66,68624.6,0.0,5,2,25,18
26.0,120,189818.96,192769.91,0.0153081464,5,2,28,1
28.0,240,125737.07,138842.34,0.0,5,2,9,14
12.0,360,0.0,131423.01,1.0,5,2,19,11
24.98,300,0.0,40593.75,1.0,4,2,10,3
10.0,300,0.0,75731.92,1.0,4,2,16,3
10.0,240,70665.55,84932.69,0.7661090225,5,2,19,32
24.98,222,26707.86,6082.79,0.0,3,2,20,23
8.0,300,0.0,89447.27,1.0,4,2,24,1
24.98,300,48768.13,47570.12,0.0,4,2,10,5
6.0,300,0.0,62434.92,1.0,4,2,22,5
10.0,239,54669.36,56214.85,0.0,5,2,30,16
25.0,240,0.0,92608.0,0.7374215203,4,2,20,12
45.0,300,68816.42,68295.46,0.0,4,2,20,6
85.0,300,61881.88,61851.03,0.0,5,2,16,2
41.0,240,137453.29,146659.67,0.0,5,2,20,22
8.0,180,0.0,7603.67,1.0,4,2,63,5
1.0,300,0.0,72118.57,1.0,4,2,11,3
1.0,228,24359.01,14198.0,0.8481342443,3,4,14,60
4.0,120,0.0,137347.29,1.0,5,2,31,6
12.0,360,0.0,122228.36,0.7558682239,5,2,11,9
4.0,225,16828.9,19424.94,0.8992146179,3,2,28,52
44.0,120,157093.7,155582.16,0.0,5,2,20,3
4.0,236,9421.37,8926.33,0.9622207559,3,2,24,36
0.0,300,0.0,62800.18,1.0,4,2,34,3
94.0,240,15434.51,18106.02,0.9077577513,3,2,31,54
67.0,240,73280.94,71919.06,0.0,1,2,82,5
2.0,240,16190.51,16433.01,0.0,4,2,53,1
13.0,240,17378.53,19654.76,0.115810623,3,2,44,23
70.0,360,0.0,328840.33,1.0,5,2,9,1
77.0,100,32639.33,67911.7,0.0,4,2,26,16
2.0,240,27110.16,27917.46,0.0,5,2,17,1
64.0,224,15057.99,17840.36,0.9196092456,3,2,17,55
1.0,240,26318.38,26444.01,0.9947572248,3,4,33,31
44.0,240,79755.71,80784.58,0.0,5,2,35,2
1.0,240,0.0,100089.32,1.0,4,2,42,2
10.0,300,0.0,74991.45,1.0,4,2,11,6
2.0,360,126158.82,136089.07,0.0729687549,5,2,12,4
54.0,240,141509.33,141011.81,0.989376219,5,2,19,28
24.98,240,24486.45,28563.65,0.783605707,4,2,35,26
60.0,360,55128.01,57194.25,0.0,5,2,12,1
10.0,236,21249.77,15677.14,0.0,3,2,58,10
1.0,240,13739.22,12916.36,0.0,5,2,70,2
3.0,218,32691.3,15675.62,0.9217109116,3,4,22,43
24.98,300,0.0,83716.87,1.0,4,2,12,7
1.0,236,9492.58,9628.78,0.9588867956,3,2,27,59
1.0,300,55587.36,55128.68,0.0,4,2,22,2
24.98,240,68358.7,68299.67,0.0,1,2,49,0
24.98,360,98602.79,85721.28,0.0,5,2,7,14
4.0,222,13549.34,12653.85,0.9571569127,3,4,30,53
24.98,360,150830.49,161297.16,0.0648906032,5,2,30,8
18.0,300,0.0,82561.84,1.0,4,2,7,7
94.0,224,14956.45,17840.36,0.8907589309,3,2,17,55
8.0,220,5686.86,6911.43,0.8446327316,3,2,52,31
2.0,240,19221.72,19904.65,0.9680667583,3,2,19,42
1.0,240,0.0,43593.31,0.9526831283,5,2,10,33
1.0,240,0.0,53474.14,0.6842582491,5,2,33,1
1.0,240,9123.02,8027.86,1.0,3,4,19,34
13.0,360,0.0,107461.97,1.0,5,2,29,3
94.0,230,13653.05,15965.84,0.9176322699,3,2,23,53
1.0,180,30619.6,28510.0,0.0,5,2,13,6
1.0,240,0.0,118255.03,0.7141438063,5,2,19,9
4.0,300,0.0,49115.27,1.0,4,2,18,3
24.98,240,29245.61,33571.04,0.0,5,2,26,10
1.0,300,66018.86,64604.17,0.0,4,2,7,3
24.98,222,26662.81,6248.66,0.0,3,2,23,20
24.98,300,57387.0,55147.36,0.0,4,2,7,5
24.98,300,0.0,81515.03,1.0,4,2,8,2
91.0,240,52076.57,53121.66,0.0,5,2,18,2
24.98,233,116874.88,111817.48,0.0,5,2,13,2
1.0,231,7861.28,9051.76,0.1315191742,3,2,58,20
2.0,360,0.0,172404.32,1.0,4,2,35,6
2.0,240,0.0,27220.43,1.0,4,2,22,5
24.98,218,14775.11,9498.82,0.924534837,3,4,17,32
1.0,240,9112.56,8109.57,1.0,3,4,19,34
2.0,225,11346.01,11601.71,0.0220398545,3,2,46,22
8.0,240,155044.94,157565.09,0.0,1,2,46,0
1.0,239,0.0,93097.39,0.665920886,5,2,55,22
0.0,120,53357.86,42835.74,0.0,5,2,37,16
4.0,234,11788.52,14331.96,0.9208545098,3,2,40,34
24.98,241,113090.46,102846.33,0.0,5,2,12,9
24.98,300,0.0,76504.28,1.0,4,2,12,3
24.98,300,0.0,67599.17,1.0,4,2,13,1
89.0,240,38519.53,38729.41,0.0054191375,4,2,19,2
23.0,240,31985.06,31180.91,0.0,5,2,42,2
56.0,240,0.0,37480.92,0.7726423919,4,2,19,1
1.0,240,0.0,51641.23,1.0,4,2,21,1
64.0,300,0.0,78069.88,1.0,4,2,11,5
1.0,194,0.0,62473.16,0.7712193424,4,3,48,10
1.0,240,0.0,68729.31,1.0,5,2,38,11
44.0,240,28561.18,15969.37,0.9612827557,3,2,36,27
24.98,300,0.0,51338.07,1.0,4,2,10,4
1.0,300,21508.18,20751.54,0.0,4,2,8,6
7.0,360,169620.24,167329.53,0.0,5,2,17,1
18.0,240,0.0,197904.72,0.7178035142,5,2,50,29
1.0,240,0.0,50268.37,1.0,5,2,24,1
24.98,120,48581.86,48418.8,0.0,2,2,61,0
61.0,240,20499.93,19160.86,0.0,4,2,34,15
0.0,300,66750.22,60573.57,0.0,4,2,9,16
94.0,240,44481.48,43279.2,0.6955190349,4,2,31,51
37.0,228,12094.06,16676.6,0.8948076946,3,4,42,28
1.0,230,137098.4,132790.25,0.0,5,2,17,9
1.0,300,0.0,44275.33,1.0,4,2,16,1
0.0,236,21249.77,9913.64,0.9771990914,3,2,28,40
6.0,240,0.0,103897.24,0.8016805997,5,2,11,28
1.0,240,0.0,38316.55,1.0,4,2,36,12
45.0,240,42725.0,42909.1,0.7901776114,5,2,11,33
1.0,240,10526.92,11688.82,0.0994026771,3,2,35,19
1.0,240,0.0,30369.48,1.0,4,2,35,7
1.0,300,77606.72,74146.46,0.0,4,2,9,6
90.0,240,10163.15,10975.07,0.0,3,2,38,16
1.0,222,11444.87,4339.8,0.8834877183,3,2,12,53
32.0,240,20643.6,23201.49,0.927126663,3,2,16,40
77.0,300,0.0,59345.2,1.0,4,2,18,2
1.0,300,57317.83,54207.2,0.0,4,2,10,10
83.0,240,85220.5,83979.61,0.0,5,2,31,2
24.98,240,61029.53,56789.21,0.0,5,2,42,5
24.98,240,52281.76,47530.68,0.0,5,2,36,9
94.0,230,20374.99,21995.84,0.9124702671,3,2,28,31
24.98,300,62632.31,61472.05,0.0,4,2,9,3
24.98,300,0.0,89654.36,1.0,4,2,12,7
1.0,240,25370.69,26628.83,1.0,3,4,13,46
24.98,240,34621.83,25185.89,1.0,5,2,23,26
1.0,240,25370.66,26623.33,0.9854405891,3,4,13,46
24.98,300,74536.85,71921.54,0.0,4,2,8,7
24.98,218,14775.76,9591.01,0.9066438258,3,4,17,32
1.0,180,111733.65,88206.92,0.0,5,2,8,22
1.0,180,0.0,44761.91,1.0,5,2,18,5
16.0,180,0.0,19229.72,1.0,5,2,45,1
44.0,240,28557.79,4374.61,0.9104925925,3,2,7,56
29.0,240,0.0,70350.01,0.6520625299,1,2,94,19
32.0,360,0.0,270081.93,1.0,5,2,18,4
1.0,360,0.0,90181.96,1.0,5,2,42,5
0.0,240,10159.67,11202.35,0.093076899,3,2,40,14
40.0,180,0.0,14319.91,1.0,4,2,19,5
1.0,236,13141.12,14188.64,0.9524387115,3,2,11,57
56.0,320,0.0,171347.47,1.0,5,2,32,5
3.0,300,0.0,24494.67,1.0,4,2,19,2
30.0,240,57526.88,60293.12,0.0,5,2,23,6
2.0,225,11346.02,11556.75,0.0182343652,3,2,47,21
0.0,240,116801.82,72259.87,1.0,5,2,12,40
24.98,300,22981.04,23948.25,0.0,4,2,12,8
24.98,240,188707.7,183922.65,0.0,5,2,11,2
2.0,236,3866.27,5666.38,0.8673244646,3,4,45,32
7.0,240,19221.72,19904.65,0.9705812461,3,2,19,42
18.0,360,0.0,128507.88,1.0,5,2,25,1
3.0,300,0.0,59836.58,1.0,4,2,15,2
1.0,240,0.0,90771.98,1.0,5,2,42,6
96.0,290,0.0,46823.63,1.0,5,2,48,2
76.0,180,74675.57,74476.94,0.0,5,2,10,4
1.0,236,21262.15,10903.52,0.0,3,2,46,22
14.0,250,58563.85,55585.91,0.0,5,2,31,7
1.0,360,0.0,103529.32,1.0,5,2,16,7
1.0,240,8309.96,9132.82,0.0900992246,3,2,52,12
1.0,234,13509.54,14125.48,0.9600764009,3,2,14,60
1.0,300,0.0,48324.87,1.0,4,2,20,8
1.0,231,7856.3,9197.03,0.1457785829,3,2,55,23
1.0,240,12510.98,14005.07,0.1066820801,3,2,43,17
24.98,300,0.0,83303.08,1.0,4,2,12,1
0.0,204,47690.08,47635.53,0.0,1,2,41,0
1.0,222,13549.34,12653.85,0.9749894301,3,4,30,53
24.98,240,72921.3,70418.7,0.0,5,2,18,15
45.0,240,0.0,68175.16,1.0,4,2,25,3
0.0,180,0.0,27060.44,1.0,1,2,116,17
1.0,300,0.0,44747.26,1.0,4,2,21,8
2.0,300,0.0,35538.38,1.0,4,2,17,10
24.98,240,164746.7,159559.64,0.0,5,2,8,3
4.0,264,34945.53,33796.96,0.0,4,2,13,6
1.0,240,0.0,107169.35,1.0,5,2,12,8
53.0,180,0.0,32970.03,0.585631602,5,2,43,30
61.0,234,12477.22,15010.31,0.1687566746,3,4,69,3
13.0,236,15921.35,16849.59,0.0550897678,3,2,67,2
1.0,300,0.0,43158.18,1.0,4,2,15,11
1.0,300,64270.1,61983.25,0.0,4,2,9,6
1.0,204,0.0,14914.11,0.7476484802,4,3,52,5
94.0,300,0.0,84217.33,1.0,4,2,29,2
53.0,300,0.0,69281.76,1.0,4,2,20,2
4.0,235,13081.03,13241.61,0.9642694506,3,2,37,38
56.0,240,83308.78,81632.45,0.0,4,2,32,2
1.0,223,12680.6,7747.45,0.0,3,2,48,21
1.0,222,7633.64,5602.94,0.8980874327,3,2,17,55
61.0,300,65903.43,67198.02,0.0192652998,4,2,19,1
1.0,240,0.0,51919.51,1.0,4,2,22,1
94.0,240,19221.73,19736.87,0.9592478443,3,2,23,38
6.0,240,48452.46,49543.05,0.0,4,2,35,22
4.0,240,0.0,133850.46,0.7313166322,5,2,7,2
59.0,180,50366.05,48672.98,0.0,5,2,38,3
31.0,240,0.0,26297.85,0.7905867708,4,2,38,10
24.98,240,68182.85,73225.4,0.7276083379,5,2,14,25
24.98,228,28718.06,26818.17,0.0,3,4,41,18
14.0,224,14956.45,17852.06,0.9289370526,3,2,17,55
94.0,240,79885.17,80011.14,0.0,5,2,28,2
24.98,240,71817.42,66270.0,0.0,1,2,33,5
24.98,300,0.0,74581.03,1.0,4,2,9,6
2.0,204,0.0,27121.54,0.7104338124,5,2,17,6
73.0,120,29982.54,32303.89,0.0,4,2,7,15
24.98,180,4745.98,5049.25,0.0,1,2,111,7
24.98,240,85401.15,85442.7,0.0004862908,5,2,14,0
56.0,240,93509.41,96452.37,0.0,5,2,33,2
3.0,300,0.0,78562.82,1.0,4,2,19,2
0.0,240,0.0,71571.39,1.0,5,2,15,13
3.0,360,139565.23,139754.47,0.0013540891,5,2,26,1
14.0,300,0.0,67196.84,1.0,4,2,28,8
9.0,308,103270.26,98891.29,0.0,5,2,28,4
94.0,240,28559.71,27403.75,0.0,3,2,55,8
24.98,240,43003.68,41320.97,0.0,5,2,9,3
1.0,222,11578.09,7672.67,1.0,3,2,39,30
23.0,240,0.0,25476.54,0.7550511384,4,2,37,30
1.0,300,0.0,17249.81,1.0,4,2,20,6
0.0,60,0.0,8941.87,1.0,5,2,44,16
1.0,236,14260.36,14384.69,0.9824493959,3,2,46,37
24.98,232,16833.56,18060.11,0.9399400114,3,2,24,37
4.0,240,0.0,30682.79,1.0,4,2,23,7
24.98,240,50949.83,63110.63,0.0,5,2,32,18
1.0,360,0.0,192460.6,1.0,5,2,14,3
1.0,340,167901.63,171369.71,0.0,5,2,14,3
96.0,240,49429.09,49575.82,0.0,5,2,44,2
1.0,300,0.0,33995.1,1.0,4,2,15,1
24.98,360,60564.06,54284.52,0.0,5,2,12,6
89.0,240,54797.94,53958.76,0.0,4,2,26,3
9.0,180,0.0,82223.47,1.0,5,2,46,3
24.98,180,0.0,37998.02,0.6811528925,5,2,20,11
24.98,300,58089.23,57965.97,0.0,4,2,14,3
2.0,300,0.0,72650.15,1.0,4,2,23,4
0.0,180,0.0,34086.05,1.0,1,2,129,7
1.0,300,66809.26,64710.17,0.0,4,2,17,5
96.0,230,11483.42,13831.01,0.9061803874,3,4,33,29
56.0,240,19221.72,19904.65,0.9718327125,3,2,19,42
11.0,360,0.0,83235.33,1.0,5,2,27,2
1.0,300,0.0,46504.71,1.0,4,2,18,10
0.0,240,51215.11,32276.6,1.0,5,2,24,32
2.0,240,90024.81,84873.01,0.0,4,2,29,5
0.0,300,38708.69,38988.63,0.007180042,4,2,16,3
24.98,180,61699.25,49659.8,0.0,5,2,17,18
1.0,240,9998.36,11393.46,0.1224474391,3,2,35,22
1.0,236,21260.47,10874.43,0.9507615572,3,2,38,30
64.0,216,8754.85,10033.85,0.1274685191,3,4,59,3
56.0,360,0.0,87625.03,1.0,5,2,36,1
70.0,204,62641.77,62885.19,0.0,4,3,37,3
1.0,300,0.0,74275.09,1.0,4,2,22,8
93.0,229,15065.76,18005.13,0.9305220234,3,2,25,58
24.98,300,29480.3,31616.37,0.0675621521,4,2,14,7
4.0,300,0.0,16546.95,0.7974194579,4,2,20,14
1.0,180,79492.71,57916.79,0.0,5,2,29,23
89.0,72,0.0,1261.66,0.5240263875,4,1,14,58
56.0,216,15578.91,20197.18,0.9016684507,3,4,10,44
25.0,230,11770.53,13832.98,0.9338739736,3,4,33,29
24.98,240,115444.76,109676.71,0.0,5,2,30,5
56.0,240,19221.73,19908.83,0.9672055063,3,2,19,42
1.0,300,46361.29,44756.44,0.0,4,2,23,8
1.0,240,0.0,141568.33,1.0,5,2,21,1
13.0,232,11790.64,9580.12,0.9533836737,3,2,27,36
7.0,240,69682.62,78418.12,0.1113964477,5,2,46,5
24.98,222,13455.71,4880.63,0.9717618422,3,2,27,40
3.0,301,0.0,105050.08,1.0,5,2,27,10
11.0,240,0.0,29195.87,1.0,4,2,32,0
0.0,240,82635.26,78610.58,0.0,4,2,21,5
24.98,240,100129.26,96162.49,0.0,5,2,18,3
4.0,240,74934.09,69921.82,0.8537992731,5,2,34,31
56.0,240,0.0,34861.26,1.0,4,2,37,1
24.98,240,43695.24,42801.35,0.0,4,2,20,14
24.98,240,48496.96,58524.14,0.7524045467,5,2,20,27
24.98,220,16860.19,11441.53,0.999224754,3,4,18,61
1.0,240,26316.66,26455.86,1.0,3,4,29,26
5.0,300,0.0,75790.96,1.0,4,2,18,9
10.0,240,0.0,45595.25,1.0,4,2,31,1
3.0,360,112352.83,111584.01,0.0,5,2,27,1
24.98,180,100319.26,115334.59,0.0,5,2,38,5
90.0,218,28328.3,24258.76,0.0,3,4,39,17
0.0,300,0.0,44750.31,1.0,4,2,20,3
1.0,260,22024.67,22338.58,0.0140523704,4,2,15,2
94.0,225,19560.93,14602.83,0.9426590599,3,4,22,26
10.0,240,159727.24,168457.54,0.0,5,2,20,2
13.0,300,68873.11,65013.96,0.0,4,2,15,9
96.0,240,0.0,70578.84,1.0,5,2,44,1
24.98,240,200616.28,124792.57,1.0,5,2,19,36
96.0,240,1344.75,14077.32,0.904474005,5,2,49,5
24.98,240,68811.92,68210.48,0.0,4,2,23,1
2.0,240,91942.94,74856.55,0.0,5,2,12,20
38.0,119,29116.3,30568.66,0.0,4,2,22,1
24.98,204,55185.76,41784.62,0.0,5,2,16,22
0.0,180,0.0,89994.19,0.79874987,5,2,12,11
0.0,343,0.0,143100.37,1.0,5,2,11,1
1.0,236,14260.37,14392.76,0.9863646722,3,2,27,56
1.0,240,0.0,68655.05,1.0,5,2,51,1
2.0,230,7421.28,11425.6,0.9057414928,3,4,19,61
1.0,240,119514.29,82537.0,0.7871313952,5,2,19,51
1.0,228,9292.44,10923.81,0.0,4,2,73,15
1.0,240,10902.69,11616.73,0.0614665229,3,2,39,16
5.0,360,0.0,276934.99,1.0,5,2,10,1
1.0,300,26629.47,24358.96,0.0,4,2,13,19
91.0,300,0.0,20269.13,1.0,4,2,32,5
18.0,240,78030.59,79368.52,0.0168571872,5,2,32,1
24.98,240,0.0,91775.87,1.0,5,2,9,3
14.0,240,8309.96,8729.41,0.0480502119,3,2,62,2
24.98,300,0.0,54872.14,1.0,4,2,8,2
54.0,120,40395.1,62632.33,0.6814501882,5,2,20,35
18.0,300,170130.97,180379.73,0.0568176923,5,2,24,4
1.0,232,15189.28,18071.38,0.9179630997,3,2,24,59
24.98,240,120050.67,134234.44,0.0,5,2,17,8
94.0,240,18211.76,18656.49,0.9300570472,3,2,20,35
2.0,300,49938.29,49388.08,0.0,4,2,25,9
24.98,120,7343.41,13699.72,0.046002021,2,2,78,14
1.0,240,52864.37,56674.01,0.0,5,2,43,11
1.0,240,0.0,43900.99,1.0,4,2,31,3
2.0,144,41356.51,51919.5,0.0,5,2,30,17
44.0,240,18864.16,23068.06,0.9179605914,3,4,21,34
94.0,240,61774.55,64603.38,0.0,5,2,28,2
5.0,240,0.0,52786.35,1.0,4,2,60,4
76.0,236,13141.11,14188.64,0.9524387115,3,2,11,57
1.0,240,0.0,84340.1,0.8250461669,5,2,10,31
1.0,240,19709.24,22239.73,0.985598746,3,2,16,41
1.0,228,20350.42,22696.67,0.8744463395,3,2,28,31
56.0,204,0.0,79900.6,0.7688870228,5,2,22,9
18.0,300,75491.59,72726.88,0.0,4,2,13,8
4.0,360,0.0,138487.44,1.0,5,2,26,1
1.0,360,135071.95,131252.53,0.0,5,2,15,3
24.98,206,925.34,619.69,0.0,5,2,12,2
5.0,360,0.0,92373.18,1.0,5,2,7,8
70.0,240,55200.14,54679.77,0.0,5,2,17,2
5.0,300,0.0,94839.11,1.0,4,2,10,1
0.0,180,29846.45,29602.24,0.0,5,2,15,2
1.0,204,26163.74,26829.79,0.0,4,3,42,4
1.0,120,4899.26,15950.71,0.5575519893,5,2,29,32
9.0,360,0.0,196831.89,1.0,5,2,20,5
24.98,218,26070.33,17827.17,0.9033570668,3,4,24,39
1.0,240,0.0,363490.45,1.0,5,2,26,15
4.0,360,0.0,111556.14,1.0,5,2,30,1
41.0,360,81786.79,84452.0,0.0315588737,5,2,15,1
1.0,240,48010.5,55993.24,0.1425661383,5,2,29,16
24.98,360,0.0,144328.52,1.0,5,2,9,2
1.0,231,7844.22,9101.95,1.0,3,2,52,26
91.0,240,28562.22,15932.71,0.9635523398,3,2,34,29
1.0,228,13215.56,12059.04,0.0,3,2,42,20
1.0,72,0.0,15228.65,1.0,5,2,32,1
25.0,240,104909.05,108624.2,0.0342018629,5,2,52,12
24.98,239,35821.99,47493.74,0.6689871629,4,2,47,30
1.0,240,0.0,45133.95,1.0,4,2,36,19
24.0,300,0.0,226300.31,1.0,5,2,33,5
0.0,204,0.0,87955.95,0.7615389126,4,3,36,15
14.0,240,0.0,19377.03,1.0,4,2,55,3
26.0,240,0.0,97003.12,0.7234062609,5,2,12,23
3.0,360,154989.47,144870.38,0.0,5,2,8,7
24.98,240,91199.13,119827.87,0.8130179984,5,2,7,45
1.0,180,0.0,79990.62,1.0,5,2,39,2
0.0,300,63234.68,58591.2,0.0,4,2,19,12
65.0,360,66044.69,223015.38,0.7038558955,5,2,15,6
24.98,180,60497.31,56798.61,0.0,5,2,23,6
1.0,120,17900.56,21834.18,0.1801588152,5,2,61,11
23.0,240,66752.36,65032.6,0.0,5,2,16,7
24.98,300,0.0,72973.81,1.0,4,2,15,3
1.0,240,25211.71,26652.25,1.0,3,4,14,45
24.98,120,14351.23,14060.1,0.0,5,2,27,2
0.0,360,48249.3,40106.8,0.0,5,2,11,16
24.98,120,0.0,106684.6,1.0,5,2,8,6
2.0,225,11346.0,11555.35,0.0,3,2,46,22
40.0,240,48837.46,48929.13,0.0018735261,4,2,35,1
0.0,360,0.0,83073.04,1.0,5,2,20,1
0.0,240,0.0,100832.43,0.7955753317,5,2,30,2
68.0,218,33749.97,17910.03,0.884715436,3,4,24,40
56.0,300,41801.89,44435.79,0.0592742922,4,2,28,4
4.0,240,76585.12,75891.89,0.0,4,2,53,1
8.0,180,0.0,64879.2,1.0,1,2,86,2
94.0,240,38639.68,38694.24,0.0,1,2,99,2
1.0,234,14892.43,14909.4,0.0011382081,3,2,61,19
26.0,240,0.0,93543.97,0.6834372635,5,2,23,6
13.0,180,157374.92,173074.0,0.0,5,2,24,9
1.0,360,160331.16,175026.82,0.0839623322,5,2,17,2
77.0,300,0.0,53473.26,1.0,4,2,27,3
52.0,360,48388.69,46176.91,0.0,5,2,27,5
1.0,222,11976.31,5537.22,0.9365511936,3,2,20,50
24.98,300,86719.99,83792.48,0.0,4,2,8,6
1.0,240,90362.81,49253.76,0.97954635,5,2,22,47
32.0,360,0.0,65155.06,1.0,5,2,31,3
3.0,300,0.0,83357.23,1.0,4,2,10,1
24.98,360,149566.34,131918.86,0.0,5,2,8,11
2.0,236,19364.05,15723.14,0.9724870478,3,2,11,49
11.0,300,0.0,64638.36,1.0,4,2,24,4
4.0,240,0.0,59946.23,0.7706822595,4,2,24,5
47.0,236,18575.85,17439.68,0.9186900218,3,2,24,41
5.0,240,0.0,54451.23,1.0,5,2,49,4
1.0,240,69967.31,79436.14,0.0,4,2,25,21
71.0,240,131232.29,127939.55,0.0,5,2,21,2
56.0,180,132109.93,135372.25,0.0,5,2,22,2
1.0,236,21262.15,9850.66,0.9839645262,3,2,28,40
2.0,240,0.0,25452.2,0.7809845123,4,2,37,7
1.0,300,74648.37,74337.96,0.0,4,2,10,0
24.98,218,14775.64,9591.01,0.9064123591,3,4,17,32
26.0,360,0.0,111817.78,1.0,5,2,22,3
0.0,240,44752.1,45167.6,0.0091990719,4,2,19,2
2.0,360,0.0,211389.61,1.0,5,2,16,0
1.0,240,10159.67,11247.46,0.0967142804,3,2,39,15
0.0,240,70004.43,53941.59,0.8324408631,4,2,35,44
2.0,240,19221.72,19768.41,0.9716775401,3,2,23,38
1.0,240,30536.25,29933.68,0.0,4,2,20,3
34.0,360,0.0,115053.34,1.0,5,2,15,5
2.0,360,0.0,167059.77,1.0,5,2,9,5
0.0,240,0.0,60204.04,1.0,4,2,19,14
17.0,60,0.0,58914.54,1.0,1,2,42,1
96.0,236,17415.21,16119.4,0.9316072559,3,2,24,41
60.0,240,10239.8,11373.44,0.099674329,3,2,37,18
3.0,240,37047.25,38281.58,0.0322434445,5,2,42,1
3.0,360,116919.26,127046.38,0.0797119918,5,2,13,22
4.0,300,78601.15,77076.13,0.0,4,2,14,4
94.0,230,7419.47,11428.8,0.8976567969,3,4,19,61
11.0,300,0.0,74836.93,1.0,4,2,13,1
0.0,240,84137.54,75322.28,0.0,4,2,14,17
94.0,230,8256.13,9618.56,0.8999132926,3,2,28,52
0.0,354,0.0,90661.28,1.0,5,2,20,14
24.98,180,78139.14,79749.5,0.0,5,2,17,3
91.0,120,27562.9,27025.58,0.0,5,2,28,2
94.0,240,16998.14,16787.39,0.0,4,2,36,3
24.98,240,26316.65,26485.4,0.0015397162,3,4,31,24
24.98,240,57740.32,54596.68,0.0,5,2,15,5
39.0,180,20315.1,38347.73,0.4702398291,5,2,43,8
94.0,225,19560.93,14864.07,0.9101948524,3,4,22,26
1.0,300,0.0,45291.42,1.0,4,2,23,11
8.0,180,28098.53,27467.3,0.0,5,2,10,7
24.98,240,215923.07,204424.51,0.0,4,2,13,6
1.0,216,67755.46,65108.31,0.0,4,2,37,4
1.0,222,8447.0,4872.85,0.9734734293,3,2,27,40
1.0,300,0.0,83371.8,1.0,4,2,10,20
24.98,239,3.37,15793.11,0.6826333736,1,2,100,17
64.0,234,9773.28,12490.24,0.8739800036,3,2,32,49
1.0,180,0.0,83743.12,0.6538876444,5,2,41,32
24.98,230,10496.92,11646.56,0.9353285434,3,4,38,46
24.98,222,13455.71,4812.62,0.9879961435,3,2,28,39
0.0,240,0.0,64289.25,1.0,5,2,20,7
1.0,240,18211.81,18656.48,0.9905952248,3,2,20,35
1.0,222,12699.25,7680.87,1.0,3,2,39,30
4.0,360,0.0,118729.94,0.7621546003,5,2,11,21
24.98,240,29756.39,28472.93,0.0,4,2,60,6
68.0,218,33508.64,17724.5,0.9266659144,3,4,24,40
2.0,360,0.0,39171.65,1.0,5,2,21,1
2.0,234,13509.54,14125.48,0.9600764009,3,2,14,60
24.98,300,0.0,85937.52,1.0,4,2,8,4
24.98,240,62842.84,52711.13,0.0,4,2,28,22
24.98,240,32011.16,28211.04,0.0,5,2,15,12
1.0,300,0.0,66844.68,1.0,4,2,15,1
1.0,228,13717.52,16686.47,0.9220146622,3,4,39,38
1.0,228,12750.45,15774.34,0.1916967683,3,4,60,10
24.98,240,31792.97,71623.16,0.0,5,2,45,10
4.0,222,25209.67,2257.61,0.7650081281,3,2,15,46
0.0,300,0.0,39997.61,1.0,4,2,31,7
1.0,240,62574.48,53358.97,0.0,5,2,28,13
24.98,240,171145.99,129646.0,0.0,5,2,9,20
24.98,240,45834.84,49025.0,0.6128863501,1,2,25,35
24.98,240,119988.09,115970.04,0.0,5,2,23,3
1.0,240,0.0,37578.07,0.8327579726,4,2,17,1
93.0,230,11483.44,13836.88,0.9306772914,3,4,33,29
24.98,240,45907.39,42831.42,0.0,4,2,25,10
53.0,168,0.0,39627.2,1.0,5,2,40,2
37.0,240,48959.9,57248.96,0.0,5,2,41,17
94.0,230,20375.01,22268.3,0.9025803496,3,2,28,31
96.0,240,32989.44,32571.56,0.0,5,2,17,1
1.0,300,50676.01,46667.32,0.0,4,2,11,15
24.98,60,101297.37,166915.48,0.0,1,2,9,11
25.0,240,0.0,105454.66,0.7802407127,5,2,12,0
96.0,300,0.0,38600.71,1.0,4,2,19,2
13.0,240,16375.59,18986.02,0.9222491075,3,2,31,54
26.0,235,13081.03,13220.33,0.9992927559,3,2,38,37
13.0,300,30664.8,32381.86,0.0530253667,4,2,28,1
52.0,240,86674.58,80138.78,0.0,5,2,37,5
1.0,240,35528.98,34945.88,0.0,3,4,41,14
49.0,240,70277.48,69852.62,0.0,4,2,7,11
1.0,228,16095.39,20024.71,0.9517975541,3,2,33,38
90.0,240,59107.91,69744.94,0.0,4,2,48,20
8.0,204,0.0,58872.19,1.0,4,2,56,2
1.0,240,10613.51,11305.91,1.0,3,4,27,28
1.0,234,14892.43,16023.46,0.9838817584,3,2,20,60
24.98,300,0.0,78090.08,1.0,4,2,7,1
94.0,240,28562.67,27382.34,0.0,3,2,55,8
3.0,240,0.0,86540.83,1.0,5,2,22,2
1.0,240,8286.19,9161.85,0.0955767667,3,2,48,16
4.0,240,10513.0,8999.13,0.0,3,4,35,18
2.0,325,0.0,156412.11,1.0,5,2,15,1
0.0,300,0.0,62897.94,1.0,4,2,20,13
1.0,236,21249.77,10922.71,1.0,3,2,42,26
5.0,180,38923.43,44215.37,0.1196855302,5,2,24,4
24.98,240,28830.5,29224.44,1.0,3,4,15,41
88.0,240,110700.23,107307.53,0.0,5,2,21,7
24.98,240,50854.39,58068.53,0.0,4,2,24,14
0.0,240,0.0,111502.98,1.0,5,2,23,13
94.0,230,11483.41,13832.12,0.9180111219,3,4,33,29
2.0,240,60897.38,60090.81,0.0,5,2,20,7
8.0,300,0.0,52763.44,1.0,4,2,14,2
17.0,232,15886.12,19023.39,0.9039172303,3,2,24,59
5.0,300,0.0,80146.13,0.0,4,2,12,17
1.0,240,47864.44,48300.18,0.0090214985,5,2,32,1
24.98,240,69350.06,68298.21,0.0,5,2,8,7
24.98,160,93788.54,88354.13,0.0,5,2,24,4
12.0,360,0.0,68511.26,1.0,5,2,13,3
94.0,240,43933.14,44094.98,0.7466981008,4,2,15,31
24.98,240,44495.38,44395.51,0.0,4,2,21,9
24.98,240,143598.93,143783.14,0.0012811655,5,2,13,0
1.0,240,10447.46,8559.08,0.0,4,2,76,19
24.98,300,52943.56,55151.49,0.0400339139,4,2,7,4
2.0,240,33865.49,31896.47,0.0,4,2,60,4
24.98,240,48946.78,53663.46,0.6935934876,5,2,17,26
1.0,180,0.0,26437.59,1.0,1,2,74,4
5.0,240,66979.11,66022.13,0.0,5,2,47,2
4.0,120,0.0,144615.62,0.5771724656,5,2,23,21
2.0,240,0.0,34340.3,0.8889116979,4,2,21,6
20.0,230,11483.44,13835.02,0.9301995949,3,4,33,29
7.0,300,0.0,50284.66,1.0,4,2,21,2
90.0,204,19746.73,20304.05,0.027448711,4,2,17,1
85.0,240,0.0,84506.91,1.0,4,2,13,1
1.0,236,21262.15,9776.1,0.9902445761,3,2,28,40
0.0,240,24180.45,26565.3,0.0897731251,3,4,40,16
1.0,300,67052.69,62490.49,0.0,4,2,8,10
24.98,240,133829.18,129997.88,0.0,5,2,46,5
24.0,240,51569.32,48687.47,0.0,5,2,36,10
24.98,300,0.0,95231.06,1.0,4,2,14,4
8.0,240,0.0,15913.53,1.0,4,2,37,6
24.98,300,0.0,76138.28,1.0,4,2,10,2
0.0,240,47671.91,47259.27,0.0,5,2,34,1
94.0,234,19894.65,23051.84,0.9367091738,3,4,27,32
82.0,218,32761.49,15732.43,0.9068910524,3,4,22,43
3.0,143,183958.15,170215.55,0.0,5,2,19,13
24.98,360,84679.6,84111.73,0.0,5,2,10,1
1.0,240,117889.28,117649.56,0.0,4,2,11,1
13.0,240,10009.36,10768.23,0.070473049,3,2,50,8
5.0,230,20375.01,21995.84,0.9359947154,3,2,28,31
1.0,228,13213.6,12077.58,0.0,3,2,40,22
0.0,96,0.0,36781.9,1.0,1,2,95,38
0.0,300,24905.56,24220.2,0.0,4,2,17,4
87.0,240,31221.5,30913.23,0.0,3,2,41,2
91.0,300,41789.59,45157.89,0.0,4,2,15,9
83.0,240,75525.24,73240.26,0.0,5,2,58,3
13.0,240,0.0,94186.71,1.0,4,2,33,3
1.0,220,13696.62,11441.53,0.9313806807,3,4,18,61
64.0,229,15643.12,18695.17,0.9222719023,3,2,25,58
4.0,300,0.0,32991.16,1.0,4,2,21,5
24.98,360,0.0,121407.89,1.0,5,2,11,2
0.0,300,0.0,198928.07,1.0,5,2,13,6
17.0,300,0.0,77210.69,1.0,4,2,18,2
1.0,240,64745.45,74436.27,0.1301894896,4,2,24,22
83.0,240,30050.46,30452.12,0.0131898863,5,2,26,1
24.98,300,92097.8,83630.33,0.0,4,2,7,16
90.0,228,3541.76,5064.51,0.0,3,4,58,18
11.0,300,0.0,46738.52,1.0,4,2,14,2
24.98,236,21249.77,9913.63,0.9771990684,3,2,28,40
1.0,236,21260.47,9860.0,0.9830466531,3,2,28,40
24.98,218,14774.83,9484.36,0.9284474651,3,4,17,32
9.0,300,0.0,65431.51,1.0,4,2,9,1
1.0,300,0.0,85266.72,1.0,4,2,29,12
0.0,300,0.0,70184.85,1.0,4,2,15,10
7.0,240,251303.94,236053.35,0.0,5,2,15,5
94.0,300,39208.64,39226.12,0.0,4,2,18,1
52.0,300,0.0,40794.76,1.0,4,2,17,2
1.0,240,0.0,26488.02,1.0,4,2,57,9
64.0,230,13652.98,15973.0,0.9165360295,3,2,23,53
24.98,240,67238.15,54277.8,0.0,5,2,20,18
24.98,222,12704.0,7673.25,1.0,3,2,39,30
24.98,240,30996.43,23652.18,0.0,1,2,43,18
24.98,360,163101.59,159903.03,0.0,5,2,9,2
0.0,240,0.0,23769.17,0.7581692232,5,2,29,11
94.0,240,23370.14,26198.95,0.1079741745,3,4,53,2
70.0,231,7861.55,9116.97,0.1377014512,3,2,57,21
24.98,240,82180.89,78095.28,0.0,5,2,19,5
93.0,180,25905.91,27091.33,0.0,5,2,21,3
24.98,360,0.0,311166.67,1.0,5,2,9,0
24.98,119,126741.57,126238.94,0.0,5,2,15,0
2.0,360,0.0,49782.32,1.0,5,2,27,10
16.0,234,19199.06,23223.9,1.0,3,4,19,47
24.98,360,0.0,57834.7,1.0,5,2,10,5
94.0,240,64210.76,68759.73,0.7948642754,4,2,10,30
24.98,236,10047.89,7539.89,0.9497671717,3,2,15,29
1.0,222,11432.48,4461.97,0.8078158302,3,2,13,52
91.0,240,28560.3,27401.44,0.0,3,2,55,8
24.98,302,142018.84,154965.89,0.0835477407,5,2,16,3
32.0,360,282907.41,313807.76,0.0,5,2,16,12
1.0,204,108740.48,55741.27,0.9835949038,2,2,70,52
24.98,228,12596.62,15217.69,0.1722383621,3,4,70,3
1.0,228,13737.32,16695.72,0.9209803471,3,4,39,38
94.0,360,123193.6,125260.21,0.0,4,2,26,1
1.0,240,35130.11,31904.68,0.0,4,2,16,15
94.0,225,19560.93,15106.73,0.8810953793,3,4,22,26
6.0,120,248169.97,239118.03,0.0,5,2,21,5
1.0,300,68396.74,63610.24,0.0,4,2,8,13
2.0,234,11789.62,15177.0,0.8795427291,3,2,22,52
2.0,225,11346.01,11556.28,0.0,3,2,46,22
24.98,240,31247.52,35644.25,0.0,1,2,32,8
24.98,240,79479.72,75950.92,0.0,5,2,12,3
1.0,300,31032.32,27941.85,0.0,4,2,7,16
1.0,300,0.0,62332.87,0.0,5,2,16,16
1.0,321,0.0,370965.31,1.0,5,2,21,7
2.0,240,50053.92,50926.79,0.0,5,2,21,1
91.0,240,0.0,41662.98,0.7602089818,4,2,41,1
56.0,236,13141.11,14188.64,0.9561599984,3,2,11,57
94.0,236,18395.41,17164.13,0.930791715,3,2,24,41
0.0,240,20567.66,14495.09,0.8968616269,3,4,20,37
34.0,240,56745.98,55291.68,0.0,5,2,19,3
94.0,228,20730.64,24253.71,0.9016645288,3,2,22,36
24.98,225,16828.9,19373.58,0.9196916626,3,2,26,54
90.0,221,26177.03,20171.85,0.929419959,3,4,31,33
1.0,240,189521.23,153683.81,0.0,5,2,22,19
28.0,240,105434.02,103265.7,0.0,5,2,42,2
2.0,240,48448.84,52552.78,0.0780917774,4,2,44,10
24.98,300,0.0,64631.07,1.0,4,2,13,4
1.0,240,10116.96,11005.1,0.0807025833,3,2,45,11
6.0,228,13239.34,15565.78,0.1494586201,3,4,63,7
1.0,240,69856.49,72069.09,0.0307010953,5,2,52,1
2.0,300,77410.48,73363.18,0.0,4,2,10,8
24.98,240,36076.12,52672.46,0.0,5,2,37,13
24.98,232,15412.64,12594.35,0.9592595092,3,2,31,32
26.0,240,0.0,49635.63,0.7153399788,5,2,20,17
42.0,315,0.0,73055.6,1.0,5,2,15,3
94.0,240,46909.36,41360.51,0.0,4,2,16,13
5.0,300,0.0,82963.89,1.0,4,2,8,6
24.98,360,0.0,137186.01,1.0,5,2,11,3
2.0,240,19221.72,19908.83,0.968774157,3,2,19,42
9.0,218,32662.4,15691.5,0.9175419813,3,4,22,43
5.0,120,0.0,25748.33,1.0,5,2,41,1
1.0,240,0.0,21403.56,1.0,4,2,40,12
28.0,240,0.0,56087.32,0.7493706679,4,2,17,4
24.98,240,48466.39,45796.78,0.0,5,2,13,5
56.0,300,0.0,81972.34,1.0,4,2,18,3
4.0,240,10516.45,8975.4,0.0,3,4,35,18
24.98,120,30305.37,28531.62,0.0,5,2,12,4
34.0,240,54649.17,56641.03,0.0,5,2,21,2
37.0,240,25212.68,26623.33,0.9754253131,3,4,13,46
52.0,204,51257.85,50082.0,0.0,4,3,30,3
5.0,240,0.0,108240.68,0.7036488661,5,2,16,6
1.0,240,0.0,31754.37,1.0,4,2,28,4
93.0,224,14923.81,17852.06,0.9138777262,3,2,17,55
30.0,360,112727.72,114012.88,0.0112720598,5,2,12,2
5.0,300,0.0,57780.47,1.0,5,2,12,2
0.0,120,0.0,20892.61,1.0,5,2,30,1
24.98,360,49422.95,52835.54,0.0645889112,4,2,27,6
24.98,300,0.0,67651.45,1.0,4,2,12,4
2.0,300,0.0,68049.09,1.0,4,2,18,13
94.0,240,19806.98,10237.26,0.0,3,4,15,21
58.0,360,0.0,33981.3,1.0,5,2,20,1
24.98,240,43850.03,40284.79,0.0,5,2,30,7
1.0,240,10902.69,11887.97,0.0828804245,3,2,35,20
4.0,192,0.0,37984.3,0.688391584,4,3,41,5
24.98,240,48805.32,37267.11,0.7631779726,5,2,8,31
24.98,72,0.0,5797.61,0.1541743903,1,2,56,5
21.0,300,0.0,61332.05,1.0,4,2,18,7
1.0,180,0.0,24168.89,1.0,5,2,60,9
0.0,240,168020.75,128498.99,0.0,5,2,7,23
24.98,240,68506.19,61375.69,0.0,5,2,16,10
24.98,240,21410.3,26948.39,0.0084781473,1,2,94,18
2.0,360,0.0,60320.55,1.0,5,2,19,3
24.98,228,11152.97,16684.61,0.8719712358,3,4,40,37
26.0,180,0.0,37591.06,1.0,5,2,20,4
0.0,236,21260.47,9851.6,0.9839660563,3,2,28,40
24.98,240,42025.62,41254.08,0.0,5,2,19,8
60.0,195,0.0,64657.74,1.0,5,2,23,2
2.0,240,0.0,55603.87,1.0,5,2,48,3
1.0,240,110068.41,72145.33,1.0,1,2,45,28
25.0,360,0.0,125878.49,1.0,4,2,15,6
24.98,300,55885.74,54742.5,0.0,4,2,7,3
8.0,240,0.0,63716.55,0.6746621107,5,2,34,4
24.98,240,61692.05,54365.84,0.0,5,2,17,10
2.0,120,0.0,63720.64,1.0,1,2,79,5
18.0,360,0.0,93748.67,0.7938373963,5,2,7,8
24.98,360,22573.14,22548.39,0.0,5,2,22,5
2.0,240,0.0,55410.33,1.0,5,2,46,1
1.0,235,13081.03,13352.39,0.9436692607,3,2,13,62
24.98,144,21112.51,21041.4,0.0,5,2,23,0
0.0,240,118100.65,100387.95,0.0,5,2,23,15
24.98,220,13506.03,11390.42,0.9443611386,3,4,18,61
24.98,240,42333.83,43377.67,0.0240639942,5,2,29,5
92.0,240,0.0,65824.64,0.67504407,1,2,82,37
1.0,180,0.0,30300.1,1.0,4,2,23,1
1.0,300,55037.36,53366.04,0.0,4,2,25,5
1.0,240,0.0,54226.41,0.871811937,5,2,7,6
96.0,240,0.0,51952.85,1.0,5,2,55,2
57.0,180,0.0,39648.74,0.5873743257,1,2,66,35
1.0,240,152967.4,138303.0,0.7343042483,5,2,8,41
37.0,236,18386.2,17225.82,0.9130305553,3,2,24,41
24.98,240,63138.31,71369.11,0.0,5,2,33,22
1.0,236,22731.66,19336.85,0.9519952836,3,2,17,57
8.0,225,11348.73,11567.66,0.0,3,2,46,22
24.98,240,64834.42,69752.08,0.0,4,2,17,16
1.0,240,0.0,82789.29,0.701902323,4,2,17,1
4.0,240,0.0,170381.83,0.6600623947,5,2,20,4
24.98,240,133655.9,131007.54,0.0,5,2,13,1
87.0,300,0.0,44303.65,0.0,4,2,14,14
52.0,236,16109.31,19306.52,0.9146692413,3,2,16,63
68.0,177,32697.69,15691.5,0.9175419813,3,4,22,43
39.0,300,63858.13,65073.73,0.0186803492,4,2,10,1
94.0,221,33287.54,26514.28,0.0,3,4,36,22
77.0,300,0.0,80563.79,1.0,4,2,23,3
2.0,300,0.0,51329.66,1.0,4,2,14,1
90.0,221,26183.6,20171.85,0.908456091,3,4,31,33
24.98,300,0.0,71089.17,1.0,4,2,11,2
0.0,240,0.0,76117.38,0.0,5,2,18,16
94.0,300,0.0,63519.08,1.0,4,2,26,2
25.0,240,35285.62,35495.73,0.0,4,2,12,7
1.0,216,18656.79,18865.43,1.0,3,4,16,36
1.0,228,11890.45,17939.78,0.8804221679,3,4,32,41
24.98,240,100292.14,93579.37,0.0,5,2,56,6
64.0,144,18593.69,19863.72,0.0,4,2,45,2
1.0,222,0.0,39706.3,0.0,4,2,33,10
94.0,236,18396.86,17154.48,0.925657321,3,2,24,41
3.0,360,221245.2,250030.8,0.1151282162,5,2,11,18
1.0,216,6913.33,8164.89,0.9913691428,3,4,15,38
24.98,228,28707.72,26910.77,0.0,3,4,41,18
24.98,60,19873.89,16305.15,0.0,1,2,39,8
67.0,240,29009.01,29402.88,0.0,5,2,39,1
8.0,360,0.0,48349.09,1.0,5,2,25,2
1.0,240,110601.56,107324.87,0.0,5,2,19,3
1.0,230,7788.13,8974.23,0.132167328,3,2,46,21
24.98,240,25249.06,25717.31,0.0,4,2,12,15
94.0,240,19197.59,19746.18,0.959955799,3,2,25,36
83.0,180,19116.75,31909.69,0.6734196204,4,2,41,55
52.0,300,0.0,17320.31,1.0,4,2,34,0
1.0,236,21260.47,10900.7,0.944991606,3,2,38,30
0.0,360,168245.96,165833.41,0.0,5,2,19,4
0.0,119,82154.13,91101.82,0.0982163693,5,2,13,4
24.98,240,97109.64,93887.51,0.0,5,2,12,3
1.0,240,8309.96,10174.51,0.9346337072,3,2,22,42
24.98,240,73303.19,84965.25,0.0,5,2,33,13
64.0,240,0.0,58202.61,1.0,4,2,24,5
24.98,119,21153.18,27477.54,0.0596926676,4,2,34,16
24.98,220,11730.93,11390.42,0.9293915413,3,4,18,61
0.0,300,65285.21,52201.29,0.9931292886,4,2,12,33
1.0,300,0.0,54083.25,1.0,5,2,44,3
1.0,240,0.0,56152.34,0.8264339798,4,2,41,2
0.0,300,0.0,90150.99,0.8301201075,4,2,7,2
24.98,120,26835.42,31823.86,0.0344907878,5,2,27,8
94.0,240,7618.93,23055.94,0.9025170954,3,4,21,34
24.98,204,41894.19,40600.18,0.0,4,3,48,8
14.0,240,0.0,10564.91,1.0,1,2,72,1
24.98,240,37910.11,37983.1,0.0019216441,1,2,48,0
3.0,360,0.0,227557.17,1.0,5,2,28,1
24.98,240,81200.61,78203.82,0.0,5,2,22,5
24.98,180,1153.12,7486.39,0.896699483,4,2,19,43
30.0,240,75089.53,87390.41,0.7215772765,5,2,18,45
24.98,200,0.0,11257.0,0.9319916496,3,4,20,3
0.0,180,0.0,19736.54,0.8430209029,1,2,113,30
0.0,180,0.0,7879.27,1.0,5,2,55,6
4.0,236,18396.86,17154.71,0.9355710473,3,2,24,41
24.98,236,7904.87,8614.65,0.0,3,4,25,12
24.98,240,31530.21,31195.08,0.0,5,2,33,1
0.0,300,0.0,43449.73,1.0,4,2,19,6
41.0,236,16023.58,19579.55,0.9769003884,3,2,12,57
0.0,240,0.0,31579.7,1.0,4,2,25,4
60.0,240,0.0,80152.05,1.0,4,2,28,8
24.98,300,0.0,70107.3,1.0,4,2,11,3
24.98,120,56440.83,53070.28,0.0,5,2,40,5
92.0,300,89380.5,87110.18,0.0,4,2,22,5
93.0,230,8257.97,9612.49,0.9124774122,3,2,28,52
24.98,240,147649.3,129062.61,0.0,5,2,21,20
91.0,119,40892.3,55499.14,0.0,5,2,56,18
0.0,300,0.0,59036.06,1.0,4,2,18,10
83.0,240,0.0,139388.27,0.7894405834,5,2,27,29
0.0,300,36238.03,32849.27,0.0,4,2,18,17
0.0,360,0.0,263111.06,1.0,5,2,21,2
39.0,360,53704.68,57527.51,0.0,5,2,34,18
28.0,180,46898.2,47732.81,0.0,5,2,19,2
94.0,360,0.0,421317.1,1.0,5,2,18,1
12.0,360,0.0,155008.35,1.0,5,2,19,6
13.0,300,0.0,53463.54,1.0,4,2,12,2
12.0,360,0.0,108700.72,1.0,5,2,20,5
24.98,218,14774.95,9498.82,0.9276183779,3,4,17,32
4.0,180,0.0,18169.0,1.0,5,2,57,5
10.0,235,13081.03,13295.76,0.9559212862,3,2,13,62
5.0,222,13542.93,13754.33,0.9537033065,3,4,31,52
1.0,300,50026.83,45562.6,0.0,4,2,34,13
24.98,360,0.0,103632.12,1.0,5,2,13,5
24.98,300,15444.04,14270.65,0.0,4,2,8,9
1.0,300,59368.13,58785.85,0.0,4,2,20,17
0.0,204,31272.94,29489.81,0.0,4,3,71,7
1.0,240,0.0,173257.83,0.7153486666,5,2,22,19
0.0,240,0.0,35904.57,0.7008004723,5,2,44,23
24.98,240,35528.97,35020.22,0.0,3,4,41,14
24.98,84,31666.67,46228.06,0.0266715127,2,2,40,6
0.0,240,0.0,78195.83,0.9177042941,5,2,22,13
4.0,240,46876.58,52514.08,0.1073521616,4,2,21,6
77.0,120,14556.8,28828.43,0.6479769981,5,2,23,37
24.98,240,28574.31,31918.3,0.0,4,2,13,17
96.0,240,31195.23,31589.51,0.0,4,2,22,1
8.0,360,0.0,207234.97,1.0,5,2,33,1
2.0,236,18395.41,17164.45,0.9376548622,3,2,24,41
1.0,222,13549.34,12653.85,0.9586868819,3,4,30,53
5.0,240,40716.75,47028.13,0.1342043581,5,2,57,13
23.0,218,34860.38,18075.86,0.8479458239,3,4,24,40
89.0,225,19560.93,14589.25,0.9443816509,3,4,22,26
24.98,120,54022.68,41013.04,1.0,5,2,11,34
96.0,180,0.0,29003.21,1.0,1,2,13,2
33.0,240,116639.95,99377.15,0.0,5,2,16,22
1.0,240,0.0,187456.05,0.7175989667,5,2,13,2
2.0,360,0.0,109196.66,1.0,5,2,20,13
1.0,240,0.0,20092.69,0.7752159001,4,2,16,1
24.98,230,20375.01,22121.59,0.9213483298,3,2,28,31
0.0,180,0.0,39542.46,1.0,4,2,11,8
4.0,360,0.0,141700.75,1.0,5,2,15,2
24.98,240,32622.37,29588.42,0.0,4,2,38,13
24.98,119,37682.81,17869.55,0.9659212069,4,2,11,33
2.0,240,20748.79,21045.8,0.0141125545,3,4,49,13
1.0,300,0.0,33420.84,1.0,4,2,11,10
34.0,240,0.0,24520.33,1.0,4,2,56,2
44.0,240,28559.89,15965.0,0.9577243971,3,2,34,29
1.0,240,0.0,15641.72,0.8723238058,4,2,34,4
24.98,240,20396.96,22331.39,0.0866238062,3,2,45,13
77.0,300,0.0,61248.79,1.0,4,2,16,3
1.0,218,28572.13,28931.44,0.0124193611,3,2,58,17
24.98,240,42597.16,40479.27,0.0,4,2,11,3
18.0,360,0.0,130876.37,1.0,5,2,23,1
24.98,308,0.0,111219.13,1.0,5,2,12,3
24.98,120,0.0,26685.2,0.0,5,2,34,16
13.0,240,0.0,54334.51,0.7310896273,4,2,34,10
2.0,360,0.0,260933.28,1.0,5,2,19,18
44.0,230,13653.02,15965.84,0.919090383,3,2,23,53
53.0,240,0.0,132838.64,1.0,5,2,22,8
1.0,240,65390.79,64596.08,0.0,5,2,37,2
24.98,120,90130.24,51345.99,0.0,5,2,52,2
45.0,204,50633.97,48883.35,0.0,4,2,19,6
50.0,180,74567.34,66636.66,0.0,1,2,41,8
24.98,240,108347.91,103016.5,0.0,5,2,27,5
1.0,236,9493.28,9595.89,0.0106931197,3,2,64,22
24.98,150,16570.34,16489.67,0.0,2,2,88,0
94.0,240,28561.86,4351.46,0.9239128936,3,2,7,56
60.0,177,0.0,80138.28,0.0,5,2,20,18
89.0,240,68934.29,81239.37,0.7088424472,4,2,39,33
13.0,240,0.0,79689.48,1.0,5,2,46,1
31.0,230,13651.1,15975.48,0.9251527967,3,2,23,53
24.98,218,14774.95,9498.75,0.9242216081,3,4,17,32
1.0,300,71841.02,67123.2,0.0,4,2,7,11
56.0,240,19221.72,19790.09,0.9675453725,3,2,22,39
94.0,300,0.0,64138.03,1.0,4,2,8,7
24.98,204,48736.7,59000.04,0.1739547973,4,3,58,15
25.0,120,143436.3,181966.13,0.2117417675,1,2,11,9
70.0,230,7419.46,11425.6,0.894296142,3,4,19,61
25.0,300,0.0,125323.79,1.0,5,2,12,2
94.0,240,19221.72,19819.9,0.972857078,3,2,21,40
1.0,236,21262.15,9787.52,0.9838610802,3,2,28,40
94.0,240,18211.82,18658.12,0.9340898226,3,2,20,35
1.0,218,33656.86,17724.5,0.9266659144,3,4,24,40
4.0,204,0.0,47529.26,1.0,4,3,81,1
24.98,180,156828.59,150333.59,0.0,5,2,21,4
85.0,360,146396.0,144312.32,0.0,5,2,21,1
1.0,225,16828.9,17791.39,0.0540986398,3,2,76,4
2.0,240,48274.08,45433.01,0.0,4,2,58,2
24.98,60,11658.13,11357.59,0.0,5,2,29,2
7.0,300,68396.84,65036.83,0.0,4,2,8,9
1.0,240,40223.35,40269.37,0.0011428041,5,2,24,6
89.0,72,0.0,1682.26,0.4585618812,4,1,20,52
12.0,240,0.0,113918.92,1.0,5,2,51,2
1.0,234,13572.49,14117.12,0.9617089038,3,2,14,60
9.0,215,19118.98,27494.88,0.3046348993,5,2,52,9
70.0,236,21249.77,9891.39,0.9583071742,3,2,28,40
5.0,218,33435.52,17708.46,0.9303637922,3,4,24,40
64.0,240,0.0,56597.73,1.0,4,2,31,4
1.0,218,32767.27,15691.5,0.9175419813,3,4,22,43
24.98,300,0.0,66772.3,1.0,4,2,10,6
96.0,240,0.0,82295.55,1.0,5,2,14,1
24.98,300,0.0,58774.68,1.0,4,2,11,7
24.98,204,42132.49,54726.29,0.7738013055,4,3,25,32
7.0,300,66458.86,65089.85,0.0,4,2,18,4
24.98,300,72284.04,70168.55,0.0,4,2,8,5
0.0,240,63698.54,57028.84,0.0,5,2,9,10
10.0,360,0.0,119025.52,1.0,5,2,25,2
94.0,240,42078.06,42274.51,0.7154634527,5,2,15,30
1.0,236,19371.79,15789.55,0.9742386578,3,2,16,44
24.98,300,0.0,48915.04,1.0,4,2,13,4
1.0,300,61367.08,61915.01,0.0088497119,4,2,11,1
56.0,240,38440.8,39734.02,0.0,5,2,21,1
1.0,234,21348.73,15211.13,0.9803249331,3,2,18,40
1.0,240,10717.22,11930.18,0.101671559,3,2,30,24
24.98,240,70396.9,70397.89,0.0,5,2,20,11
1.0,220,5686.83,7134.6,0.947010344,3,2,20,63
8.0,300,0.0,63208.11,1.0,4,2,27,8
20.0,300,0.0,39210.32,0.8540883685,4,2,7,11
53.0,360,0.0,114176.52,1.0,5,2,16,18
64.0,240,19709.24,22284.08,0.9146229057,3,2,15,42
1.0,240,105537.91,107422.87,0.0,4,2,18,1
16.0,216,6219.31,7492.94,0.1699773387,3,4,63,1
24.98,240,35543.75,34654.73,0.0,3,4,26,14
5.0,360,0.0,169418.23,1.0,5,2,14,1
7.0,240,197166.26,196638.41,0.0,5,2,20,1
86.0,240,0.0,38978.91,1.0,4,2,25,2
94.0,194,16665.95,21655.0,0.7031571227,4,3,28,50
0.0,360,118274.66,121137.64,0.0236341075,5,2,19,4
1.0,240,147076.87,137807.13,0.0,5,2,23,5
24.98,240,21777.01,21532.15,0.0,4,2,9,2
4.0,240,10502.54,9084.55,0.0,3,4,35,18
24.98,228,27271.99,25568.31,0.0,3,4,41,18
56.0,236,15113.41,13685.6,0.9228934062,3,2,24,41
3.0,300,84936.85,85756.89,0.0095623804,4,2,10,2
2.0,240,22700.45,26082.87,0.1296797477,3,4,53,4
93.0,300,0.0,51202.56,1.0,4,2,19,3
13.0,108,91572.58,104547.84,0.1241083508,5,2,31,8
24.98,300,94405.54,93532.48,0.0,4,2,8,2
1.0,240,0.0,59786.26,1.0,4,2,16,9
1.0,240,0.0,32427.16,0.7640112367,4,2,32,2
24.98,204,39567.82,45781.63,0.7559240094,4,3,41,35
25.0,240,0.0,78340.18,1.0,4,2,18,2
24.98,60,53584.39,34740.64,1.0,1,2,30,28
0.0,180,90391.69,91355.94,0.0105548692,5,2,34,1
24.98,360,70568.72,66997.77,0.0,5,2,14,5
4.0,240,10516.45,8968.52,0.0,3,4,35,18
17.0,360,0.0,94580.36,1.0,5,2,11,1
24.98,240,44843.47,55093.19,0.0444041086,4,2,27,8
24.98,240,88420.74,92277.89,0.0,5,2,21,7
7.0,300,0.0,90286.12,1.0,4,2,23,2
56.0,218,32451.17,15792.89,0.891283356,3,4,22,43
24.98,240,11444.06,15055.5,0.6641414755,1,2,47,28
61.0,360,0.0,239530.64,1.0,5,2,23,4
1.0,240,10578.62,11783.02,0.1022148821,3,2,34,21
24.98,240,47376.84,50870.74,0.0686819181,4,2,42,2
13.0,236,21262.15,10792.29,0.9537123261,3,2,38,30
1.0,360,0.0,118440.71,1.0,5,2,7,4
1.0,240,0.0,33423.59,1.0,5,2,63,5
34.0,360,164076.6,156833.53,0.0,5,2,15,6
24.98,228,12586.32,16692.28,0.885500363,3,4,39,38
24.98,300,53285.01,52289.4,0.0,4,2,8,2
17.0,230,13653.02,15975.48,0.9218108001,3,2,23,53
1.0,228,24702.68,14394.0,0.7663220786,3,4,14,60
1.0,240,0.0,101153.57,1.0,5,2,30,5
52.0,300,0.0,46989.36,1.0,5,2,17,13
24.98,240,19470.8,21434.73,0.0,3,2,28,19
24.98,240,71778.65,66805.91,0.0,4,2,24,8
1.0,240,0.0,51280.95,1.0,4,2,32,5
1.0,240,55745.77,46454.36,0.0,5,2,28,21
0.0,222,13455.71,4880.64,0.9717619001,3,2,27,40
90.0,218,26530.33,23061.18,0.0,3,4,39,17
2.0,300,0.0,33577.95,1.0,4,2,7,9
1.0,228,8514.38,10811.78,0.0,3,4,45,15
25.0,236,21262.15,15614.77,0.0,3,2,58,10
1.0,240,0.0,66744.92,0.7334279194,5,2,18,4
1.0,240,49271.59,46865.88,0.0,5,2,62,6
24.98,180,37581.07,53555.23,0.807512577,1,2,33,28
8.0,300,0.0,71166.58,1.0,4,2,16,4
38.0,240,61830.82,69799.47,0.114164907,5,2,36,6
45.0,360,0.0,123152.75,1.0,5,2,27,5
0.0,180,219372.27,256469.34,0.0,5,2,18,21
1.0,224,14435.24,18358.98,0.8973434254,3,2,33,43
68.0,218,33274.11,16038.48,0.8289993815,3,4,22,43
5.0,240,0.0,33281.66,1.0,4,2,64,5
24.98,360,138406.11,131308.93,0.0,5,2,15,6
56.0,240,119127.71,121369.38,0.0,5,2,19,4
1.0,240,26238.25,11997.27,0.9574761592,3,4,7,55
4.0,300,0.0,120210.63,1.0,4,2,20,13
23.0,360,0.0,125319.87,1.0,5,2,29,4
94.0,225,19560.93,14750.06,0.9333182373,3,4,22,26
18.0,240,0.0,70267.63,0.8642800015,5,2,11,14
65.0,360,0.0,408150.63,1.0,5,2,30,2
1.0,233,18085.01,24139.11,0.8821195148,3,4,30,30
24.98,360,0.0,287797.51,1.0,5,2,14,3
1.0,240,0.0,68326.09,1.0,4,2,37,6
24.98,300,0.0,45829.67,1.0,4,2,13,2
24.98,180,16545.53,20266.99,0.0,1,2,53,13
2.0,300,80401.24,76323.74,0.0,4,2,13,10
24.98,240,20396.96,23397.95,0.9241621595,3,2,31,27
24.98,234,21341.46,15231.66,0.9770208894,3,2,18,40
1.0,240,153017.18,98490.3,1.0,1,2,53,28
1.0,240,9126.47,8002.89,1.0,3,4,19,34
24.98,240,24832.51,22963.91,0.0,5,2,14,7
34.0,240,48141.52,57761.83,0.7366563981,5,2,17,31
0.0,240,198670.56,156440.91,0.8251908074,5,2,9,25
8.0,240,10220.42,10845.55,0.0576393083,3,2,49,5
1.0,222,13455.71,4872.84,0.9734733749,3,2,27,40
1.0,240,25202.22,26684.89,1.0,3,4,13,46
2.0,180,63240.36,62370.96,0.0,4,2,60,1
1.0,240,0.0,119227.75,1.0,5,2,68,5
24.98,236,21260.47,9798.75,0.9868748565,3,2,29,39
60.0,300,0.0,78159.14,1.0,4,2,31,2
24.98,240,146228.21,142269.32,0.0,5,2,14,2
1.0,234,24010.45,28409.98,0.92235299,3,4,17,40
4.0,240,0.0,45941.57,1.0,4,2,17,1
19.0,228,0.0,49514.28,0.7082415089,5,2,21,1
1.0,240,0.0,11469.11,1.0,4,2,48,9
1.0,235,13081.03,13225.35,0.9957029493,3,2,25,50
24.98,240,69395.5,61683.53,0.0,5,2,39,13
3.0,305,0.0,95324.09,0.8330916167,5,2,7,1
24.98,240,38043.08,35511.69,0.0,4,2,15,9
65.0,240,48596.74,47795.57,0.0,5,2,47,2
2.0,300,0.0,34426.55,1.0,4,2,21,2
70.0,230,7419.47,11432.39,0.9074541719,3,4,19,61
5.0,240,0.0,410369.7,1.0,5,2,37,8
1.0,240,0.0,56232.51,1.0,4,2,37,2
24.98,300,0.0,62615.76,1.0,4,2,10,8
83.0,240,111726.38,105079.1,0.0,5,2,18,5
22.0,300,0.0,45700.77,1.0,4,2,27,1
1.0,180,0.0,40523.29,1.0,4,2,46,3
2.0,300,0.0,52683.97,1.0,4,2,15,1
1.0,300,81200.12,80626.46,0.0,4,2,23,1
59.0,224,14923.81,17852.06,0.8948956031,3,2,17,55
24.98,60,101931.93,103379.48,0.0140022952,1,2,22,0
53.0,360,0.0,122082.54,1.0,5,2,27,1
8.0,225,11346.02,11567.63,0.0,3,2,46,22
4.0,228,12561.69,17172.96,0.9043589457,3,4,38,32
24.98,360,172941.75,183937.57,0.0597801743,5,2,8,3
0.0,360,0.0,352966.81,1.0,5,2,18,16
24.98,120,55423.5,64450.93,0.0,5,2,37,21
0.0,120,15498.43,29314.23,0.471300116,5,2,59,23
1.0,240,25845.72,26575.66,0.9862050463,3,4,17,42
6.0,300,0.0,104595.62,1.0,5,2,17,4
1.0,240,0.0,47728.57,1.0,1,2,131,4
25.0,240,0.0,94341.88,1.0,5,2,13,7
18.0,194,51200.97,50657.71,0.0,4,3,61,4
1.0,240,92295.01,95912.6,0.0377175679,5,2,40,1
1.0,360,257459.27,274594.72,0.062402693,5,2,14,4
20.0,300,0.0,51741.95,1.0,4,2,23,1
94.0,230,20375.01,22123.54,0.8989949167,3,2,28,31
1.0,236,19167.07,21851.87,0.1228636268,3,4,53,13
2.0,300,128098.01,113675.3,0.0,5,2,20,12
23.0,360,62478.08,87466.89,0.0,5,2,28,14
24.98,60,1773.41,12689.79,0.667058793,1,2,40,8
76.0,240,17791.56,18148.46,0.0196655804,5,2,54,1
82.0,300,0.0,74800.81,1.0,5,2,20,2
24.98,218,14775.76,9590.74,0.9066411977,3,4,17,32
5.0,240,0.0,86163.37,1.0,5,2,40,1
24.98,120,54902.81,69517.21,0.0,1,2,52,14
7.0,300,0.0,19895.23,1.0,4,2,27,10
1.0,240,9124.88,8022.17,1.0,3,4,19,34
0.0,240,0.0,73475.56,0.7632590462,5,2,18,13
35.0,125,0.0,16710.01,1.0,5,2,41,0
67.0,228,20654.55,24045.17,0.8742787013,3,2,30,28
0.0,360,0.0,128985.84,1.0,5,2,29,7
0.0,72,0.0,23302.93,0.4219946584,1,2,21,51
45.0,300,61536.01,59530.56,0.0,4,2,19,7
24.98,240,71297.53,79110.63,0.0,5,2,15,6
12.0,360,0.0,132732.07,1.0,5,2,23,1
24.98,240,94383.97,85937.71,0.0,5,2,8,7
92.0,60,16688.08,17124.63,0.0,5,2,38,4
1.0,300,0.0,16423.3,1.0,4,2,23,11
1.0,300,0.0,24262.75,1.0,4,2,20,11
0.0,120,94337.05,188025.08,0.9671010746,5,2,35,38
0.0,240,226887.55,159564.18,1.0,5,2,10,25
7.0,240,0.0,15275.04,1.0,4,2,14,11
96.0,232,15236.26,18143.08,0.911341404,3,2,24,59
91.0,240,28559.9,4362.46,0.9153023753,3,2,7,56
18.0,240,73360.06,73321.63,0.0,5,2,30,2
83.0,240,73157.05,85291.45,0.6782834917,5,2,18,40
68.0,218,33540.79,17724.5,0.9266659144,3,4,24,40
24.98,240,81820.76,80528.62,0.0,5,2,18,9
8.0,240,0.0,61211.23,0.7714959336,4,2,47,7
1.0,300,0.0,66889.39,1.0,4,2,17,6
25.0,240,0.0,225750.51,1.0,5,2,43,2
9.0,346,0.0,135140.35,1.0,5,2,15,2
13.0,300,77900.15,75594.48,0.0,4,2,23,4
2.0,225,11346.01,11568.78,0.0192561359,3,2,46,22
5.0,360,57256.36,61173.12,0.0640274683,5,2,12,1
0.0,240,208070.67,211446.84,0.015966992,5,2,12,11
1.0,360,0.0,102334.28,1.0,5,2,27,10
64.0,240,0.0,38543.1,0.7704232694,4,2,22,13
1.0,234,16594.43,18105.8,0.9706127318,3,4,21,51
5.0,360,65509.18,71826.57,0.0879533855,5,2,31,5
94.0,185,76900.35,74180.01,0.0,5,2,11,4
37.0,300,0.0,116341.98,1.0,4,2,22,6
13.0,240,0.0,24865.73,1.0,4,2,35,2
1.0,360,0.0,220134.67,1.0,5,2,27,5
24.98,228,28719.01,26569.28,0.0,3,4,41,18
1.0,240,0.0,65443.33,1.0,5,2,33,3
9.0,240,0.0,131126.66,1.0,5,2,27,2
65.0,300,0.0,63306.53,1.0,4,2,28,2
68.0,240,11291.74,49410.14,0.7148181708,5,2,19,9
12.0,240,0.0,98654.73,0.0,4,2,33,12
1.0,219,34607.7,33921.56,0.0,1,2,129,2
1.0,300,0.0,60135.69,1.0,4,2,25,6
28.0,120,32866.79,51159.35,0.6323460525,5,2,17,30
3.0,240,0.0,27117.63,0.8028464389,4,2,27,7
76.0,360,54047.25,62154.42,1.0,5,2,20,26
94.0,180,56125.34,59631.09,0.0,1,2,65,6
1.0,240,0.0,28920.21,1.0,4,2,45,12
4.0,245,0.0,71217.6,1.0,5,2,26,3
76.0,240,11098.55,11905.12,0.0677498421,3,2,31,13
3.0,204,29962.59,24826.7,0.0,5,2,49,17
1.0,300,50069.81,55006.73,0.0897511995,4,2,8,17
1.0,300,0.0,49314.13,1.0,4,2,13,13
1.0,240,0.0,120100.2,0.7025146299,5,2,8,1
2.0,300,0.0,70430.13,1.0,4,2,21,13
1.0,240,10481.31,11701.73,0.0,3,2,31,22
7.0,224,14223.04,14565.86,0.9072241529,3,2,24,59
24.98,240,23441.03,24049.77,0.0,5,2,42,9
1.0,236,16103.56,19645.76,0.9597414404,3,2,15,59
58.0,360,0.0,84148.86,1.0,5,2,12,2
24.98,218,14776.54,9678.42,0.8844139849,3,4,17,32
14.0,240,44700.74,44333.92,0.0,5,2,14,2
1.0,240,0.0,74070.25,1.0,4,2,24,4
1.0,220,5686.83,7181.52,0.9013370429,3,2,45,38
5.0,300,0.0,32840.85,1.0,4,2,11,19
89.0,72,0.0,1723.15,0.4477028438,4,1,20,52
24.98,240,29426.98,27174.25,0.0,4,2,31,8
24.98,360,0.0,207008.18,1.0,5,2,10,3
25.0,300,0.0,83547.66,1.0,4,2,24,3
9.0,300,0.0,82553.24,1.0,4,2,15,6
94.0,240,103484.45,85646.8,0.0,5,2,14,21
24.98,240,40710.67,34262.62,0.0,5,2,10,15
24.98,240,148683.87,133960.23,0.0,5,2,22,9
94.0,300,0.0,45822.65,1.0,4,2,30,2
1.0,240,0.0,115132.72,0.7833379381,5,2,15,5
24.98,239,38237.91,35554.01,0.0,4,2,26,7
2.0,236,21260.47,10897.32,0.0,3,2,45,23
24.98,240,11339.73,10087.25,0.0,4,2,28,16
5.0,300,0.0,43293.77,1.0,4,2,17,9
24.98,222,26711.69,6143.73,0.0,3,2,20,23
27.0,240,48771.63,51465.91,0.0523507697,5,2,20,20
0.0,240,0.0,60579.18,0.7480947694,5,2,26,1
14.0,240,67589.66,71729.83,0.0577189434,4,2,50,5
0.0,180,245420.55,165439.99,0.9738804474,5,2,10,32
24.98,300,65911.27,67788.51,0.0276925986,4,2,13,1
18.0,245,201598.74,202245.51,0.0031979449,5,2,30,0
1.0,240,26238.24,26535.7,0.9838142578,3,4,21,38
12.0,360,0.0,104097.38,1.0,5,2,28,1
1.0,240,45723.75,34829.67,1.0,5,2,23,39
24.98,300,0.0,78784.32,1.0,4,2,11,2
2.0,291,0.0,67883.81,1.0,5,2,34,4
1.0,230,10496.9,11646.56,0.9413011224,3,4,38,46
56.0,216,9841.57,13893.85,0.9005610396,3,4,13,42
60.0,300,0.0,75323.44,1.0,4,2,22,3
6.0,300,0.0,44892.53,1.0,4,2,24,3
5.0,240,0.0,51425.0,1.0,4,2,40,7
93.0,240,12139.21,12879.03,0.9110771541,3,4,24,28
24.98,240,25138.75,40492.75,0.3346400101,4,2,36,5
1.0,150,7169.32,10846.88,0.7874863555,3,4,14,49
1.0,240,45839.76,40408.45,0.0,5,2,43,12
4.0,240,10872.54,11648.85,0.8062333252,4,2,39,27
3.0,360,188343.64,185345.31,0.0,5,2,18,19
0.0,240,231434.32,122914.28,1.0,1,2,39,41
95.0,240,41153.67,46628.49,0.8130360034,4,2,18,36
80.0,300,48732.3,49182.05,0.0091445965,4,2,11,1
24.98,236,21223.83,10980.3,0.0,3,2,49,19
1.0,360,122546.34,123224.58,0.0055040967,5,2,24,3
96.0,240,74811.22,74679.28,0.0,5,2,23,1
36.0,300,0.0,31499.23,1.0,4,2,27,1
1.0,240,0.0,47162.14,1.0,4,2,49,4
75.0,240,16731.9,19467.93,0.9125941998,3,2,33,52
1.0,240,9126.47,8002.41,1.0,3,4,19,34
3.0,360,0.0,68323.43,1.0,5,2,29,8
5.0,222,13116.06,7128.71,0.9273683457,3,2,41,30
1.0,300,49155.39,47264.67,0.0,4,2,7,10
94.0,240,61115.46,63092.37,0.0,5,2,33,1
22.0,240,47745.19,46646.11,0.0,5,2,20,16
94.0,230,5886.72,9612.49,0.8958490464,3,2,28,52
29.0,240,0.0,51847.85,1.0,5,2,50,1
13.0,236,3867.05,5770.16,0.8466437672,3,4,45,32
3.0,96,0.0,11608.69,0.0,1,2,71,8
96.0,240,81916.72,86921.93,0.0,5,2,17,3
0.0,240,116687.35,111674.75,0.0,5,2,25,3
1.0,240,0.0,36671.39,0.7670212576,4,2,26,24
24.98,235,13081.03,13229.55,0.978068793,3,2,21,54
70.0,240,29739.88,33162.99,0.0,5,2,18,10
1.0,250,0.0,362609.9,1.0,5,2,19,1
1.0,240,26238.24,26530.07,1.0,3,4,21,38
17.0,229,15067.1,17982.23,0.9556273054,3,2,23,60
5.0,300,0.0,44033.41,1.0,4,2,14,8
1.0,222,13542.93,12717.01,0.9502461664,3,4,30,53
0.0,360,0.0,274564.19,1.0,5,2,7,6
1.0,240,88570.16,88574.34,4.7192e-05,5,2,32,2
1.0,180,7797.42,9932.22,0.9017007275,3,2,31,40
1.0,360,233606.81,226175.69,0.0,5,2,20,3
1.0,213,63040.86,65113.09,0.0318250908,5,2,27,1
21.0,180,79780.58,79850.14,0.0008711318,5,2,35,2
24.98,360,0.0,174226.46,1.0,5,2,13,1
12.0,240,0.0,36742.77,1.0,4,2,50,4
4.0,240,0.0,68378.71,1.0,4,2,20,2
37.0,230,11483.39,13825.64,0.9345086376,3,4,33,29
4.0,240,10516.15,8973.06,0.0,3,4,35,18
53.0,300,0.0,108173.72,1.0,4,2,15,2
1.0,224,14961.6,17840.36,0.9113683805,3,2,17,55
1.0,229,13214.58,12066.14,0.0,3,2,42,20
18.0,240,112445.78,111504.42,0.0,5,2,17,5
4.0,240,0.0,197090.86,0.8022970124,5,2,13,42
91.0,240,53801.12,56054.83,0.0,5,2,26,3
8.0,240,0.0,34954.98,0.751205192,5,2,22,0
24.98,204,21351.65,20001.02,0.0,4,3,23,7
92.0,300,0.0,50830.92,1.0,4,2,26,1
1.0,300,0.0,55388.39,1.0,4,2,26,1
96.0,230,26085.12,4740.99,0.8871902282,3,4,7,64
38.0,360,0.0,222364.98,1.0,5,2,32,4
2.0,236,21262.15,10965.68,0.0,3,2,54,14
1.0,360,0.0,82134.29,1.0,5,2,24,16
1.0,348,148930.43,131948.33,0.0,5,2,10,12
7.0,240,78483.82,74267.63,0.0,4,2,40,10
1.0,240,26231.58,26610.31,1.0,3,4,21,38
36.0,240,50295.02,51161.61,0.0,4,2,21,3
1.0,218,28572.15,20779.01,0.9609942918,3,2,42,33
30.0,281,0.0,33847.73,1.0,4,2,30,5
0.0,120,105701.94,104592.54,0.594649894,5,2,10,31
8.0,240,0.0,77619.47,0.7871878762,4,2,12,7
71.0,300,0.0,92657.32,1.0,5,2,24,5
64.0,240,50953.58,48687.14,0.0,5,2,38,7
1.0,240,0.0,81062.5,1.0,5,2,25,7
0.0,360,143279.8,134788.44,0.0,5,2,15,6
4.0,180,22961.33,23378.0,0.0178231671,5,2,36,3
63.0,240,78673.95,78424.54,0.0,5,2,17,1
24.98,240,30902.72,36626.8,0.7818632442,4,2,21,29
1.0,300,77714.09,70800.36,0.0,4,2,18,17
1.0,240,24091.84,26663.67,0.0964544641,3,4,48,9
1.0,204,0.0,48800.37,1.0,4,3,71,17
4.0,300,0.0,57888.48,1.0,4,2,16,7
94.0,234,20916.82,28483.62,0.8575170572,3,4,17,40
2.0,300,0.0,60985.38,1.0,4,2,12,6
94.0,234,13511.24,14117.12,0.9617089038,3,2,14,60
89.0,240,0.0,64445.19,0.7109018061,5,2,25,4
26.0,222,13542.93,12717.01,0.9507895331,3,4,30,53
1.0,300,48735.7,46142.91,0.0,4,2,15,8
21.0,360,0.0,233875.25,1.0,5,2,15,0
2.0,240,252670.83,275951.2,0.0843640832,5,2,26,8
24.98,222,26712.39,6074.13,0.0,3,2,26,17
1.0,360,0.0,49814.7,1.0,5,2,30,5
24.98,360,90983.62,89651.89,0.0,4,2,35,2
56.0,360,0.0,268362.45,1.0,5,2,14,1
1.0,119,0.0,59846.64,1.0,5,2,12,9
45.0,180,75573.11,90420.65,0.6028586378,5,2,36,33
24.98,240,29590.88,27185.71,0.0,4,2,23,9
24.98,239,508742.67,346788.89,1.0,1,2,31,27
24.98,300,0.0,54844.21,1.0,4,2,8,8
24.98,360,0.0,51117.65,1.0,5,2,7,10
24.98,240,119503.27,116794.54,0.0,5,2,17,2
24.98,240,48295.6,48048.32,0.0,5,2,34,0
24.98,300,0.0,75213.47,1.0,4,2,11,2
18.0,240,0.0,90390.81,1.0,5,2,47,1
24.98,300,0.0,78449.29,1.0,4,2,8,3
56.0,300,0.0,55728.64,1.0,4,2,16,2
1.0,180,97611.6,98096.05,0.0049385271,5,2,23,2
81.0,300,0.0,71457.38,1.0,4,2,16,3
26.0,240,96645.44,94786.31,0.0,5,2,18,3
8.0,225,11345.97,11564.43,0.0,3,2,46,22
24.98,300,0.0,79798.56,1.0,4,2,10,4
13.0,240,26236.34,26459.62,0.0084385188,3,4,39,23
56.0,300,73230.06,24634.74,0.0,4,2,7,23
0.0,300,111783.36,105548.97,0.0,5,2,8,16
30.0,240,0.0,58168.88,1.0,5,2,68,3
17.0,120,26590.01,29147.41,0.0,5,2,42,2
1.0,360,72190.85,70231.04,0.0,5,2,20,3
23.0,300,0.0,91233.22,1.0,4,2,16,1
24.98,180,392455.51,466761.97,0.1591956174,5,2,21,11
4.0,200,10358.99,10623.44,0.8883779642,3,4,21,58
5.0,360,157309.35,160833.56,0.0219121556,5,2,20,1
4.0,300,0.0,35190.55,1.0,4,2,20,3
22.0,240,21167.32,19689.68,0.0,1,2,135,6
1.0,240,10249.71,11735.94,0.9305517922,3,2,21,34
24.98,240,119237.28,119075.6,0.0,5,2,27,0
0.0,240,0.0,98195.12,0.7971940825,5,2,35,3
1.0,240,100585.78,127938.15,0.2137936964,5,2,20,9
1.0,240,64089.85,61150.49,0.0,5,2,53,6
1.0,360,0.0,172587.4,1.0,5,2,20,3
34.0,240,53213.34,55409.27,0.0396310942,5,2,24,16
0.0,360,135678.7,102901.68,0.8909320238,5,2,25,30
1.0,360,99759.78,93783.14,0.0,5,2,15,6
0.0,180,65223.94,58012.24,0.0,1,2,103,18
24.98,300,60768.89,58711.88,0.0,4,2,12,6
46.0,240,0.0,75350.42,1.0,5,2,51,1
6.0,352,0.0,171058.03,1.0,5,2,11,8
5.0,324,0.0,100290.27,1.0,5,2,37,1
23.0,218,32619.68,15675.62,0.9217109116,3,4,22,43
27.0,180,87997.98,100203.08,0.0,5,2,19,21
81.0,240,32935.42,31793.79,0.0,4,2,17,6
94.0,240,18211.81,18701.24,0.9243477973,3,2,20,35
24.98,300,82507.87,78078.38,0.0,4,2,9,6
1.0,240,47634.85,47814.36,0.0037543115,4,2,35,7
0.0,300,55191.9,53440.85,0.0,5,2,24,4
0.0,228,20655.05,24128.47,1.0,3,2,28,30
18.0,300,0.0,37063.92,1.0,4,2,21,4
60.0,300,0.0,74259.92,1.0,4,2,17,4
94.0,224,14956.45,17840.36,0.9069430213,3,2,17,55
24.98,240,47090.35,41289.68,0.0,5,2,23,11
24.98,240,64085.59,66040.08,0.0,5,2,28,17
3.0,240,0.0,72643.28,0.0,5,2,13,23
4.0,240,39273.35,42314.2,0.0,4,2,24,10
24.98,236,13141.11,14188.64,0.9588988092,3,2,11,57
24.98,236,13141.11,14197.38,0.934011064,3,2,11,57
14.0,240,0.0,61839.48,1.0,5,2,32,0
0.0,360,157350.22,141868.72,0.0,5,2,12,12
24.98,240,35294.5,35575.02,0.0078853083,3,4,39,1
0.0,360,271788.41,270206.37,0.0,5,2,23,1
24.98,300,0.0,43859.18,1.0,4,2,13,4
22.0,300,0.0,47142.4,1.0,4,2,19,2
2.0,240,0.0,45899.46,1.0,4,2,34,2
76.0,204,19790.88,19932.84,0.0,4,3,31,2
1.0,300,0.0,71052.15,1.0,4,2,23,0
1.0,236,21223.83,10043.62,0.9634822902,3,2,28,40
56.0,240,39755.58,40360.53,0.0,4,2,29,1
56.0,300,0.0,86126.14,1.0,4,2,29,2
1.0,300,0.0,175238.72,1.0,5,2,23,7
94.0,221,33287.42,30902.54,0.0,3,4,48,10
24.98,204,16036.24,14594.0,0.0,4,3,16,11
17.0,240,0.0,37221.45,0.746509051,4,2,20,27
1.0,360,0.0,98443.39,1.0,5,2,19,1
24.98,240,217840.42,228936.16,0.0484665245,5,2,15,9
24.98,216,10441.97,10691.68,0.8764459842,3,4,15,35
89.0,180,86012.88,98952.7,0.0,1,2,20,17
44.0,240,0.0,116442.14,1.0,5,2,45,4
24.98,218,14774.96,9484.36,0.9418790514,3,4,17,32
7.0,360,0.0,80828.37,1.0,5,2,10,8
2.0,240,154295.15,146138.86,0.0,5,2,27,8
24.98,240,37022.06,32448.06,0.0,5,2,39,12
2.0,120,67157.17,60704.86,0.0,1,2,9,6
1.0,240,94347.47,93174.33,0.0,5,2,32,8
86.0,360,84767.69,85686.2,0.0107194624,5,2,9,1
94.0,230,20375.0,22268.3,0.9009511278,3,2,28,31
0.0,120,0.0,13917.14,0.8490692565,5,2,32,1
0.0,240,0.0,128910.57,1.0,5,2,39,3
7.0,300,0.0,54367.59,1.0,4,2,22,6
24.98,240,151736.3,147629.84,0.0,5,2,7,2
4.0,240,34311.93,36642.03,0.0635909091,4,2,42,6
93.0,240,0.0,29789.58,1.0,5,2,65,1
1.0,348,104266.98,89186.35,0.0,5,2,21,14
10.0,240,45154.37,54099.31,0.7717170509,4,2,29,34
1.0,240,0.0,51438.11,0.7529871021,5,2,26,3
24.98,240,65205.64,65479.5,0.0,5,2,7,8
24.98,240,21817.57,22675.24,0.0,4,2,32,3
0.0,300,49850.61,48069.74,0.0,5,2,13,4
24.98,300,0.0,71762.54,1.0,4,2,8,1
64.0,236,21260.47,9840.29,0.9676666033,3,2,28,40
65.0,300,0.0,46801.51,1.0,4,2,22,1
1.0,300,0.0,34830.87,1.0,4,2,26,12
18.0,266,512195.57,510260.25,0.0,5,2,19,1
1.0,236,21302.92,13201.44,0.9327997552,3,2,7,66
52.0,360,48576.5,75313.87,0.0,4,2,21,19
94.0,221,33287.52,27283.0,0.0,3,4,43,15
25.0,240,20640.16,23271.07,0.9015309567,3,2,16,40
64.0,240,73487.24,72497.36,0.0,5,2,10,4
0.0,240,107209.72,98326.53,0.7750984204,5,2,15,32
0.0,300,80685.35,73893.04,0.0,4,2,7,12
2.0,300,0.0,22329.13,0.8599347156,4,2,12,11
1.0,240,20854.77,14508.29,0.9512719969,3,4,20,37
9.0,36,0.0,9355.24,1.0,5,2,23,2
24.98,223,12697.29,7733.48,1.0,3,2,39,30
1.0,240,36404.61,34629.18,0.0,4,2,35,24
1.0,240,168917.32,116752.43,1.0,5,2,14,27
0.0,240,124523.66,129052.98,0.0350965937,5,2,34,8
24.98,222,12708.02,7639.17,1.0,3,2,39,30
81.0,230,20347.79,22123.54,0.9104799684,3,2,28,31
1.0,300,0.0,16551.18,0.8260136709,4,2,20,14
1.0,231,7862.07,9102.51,0.1362745001,3,2,58,20
70.0,240,19221.72,19762.88,0.9594082441,3,2,23,38
18.0,240,0.0,76621.71,1.0,5,2,47,3
0.0,240,0.0,30502.79,0.6604281614,1,2,76,1
24.98,360,0.0,84983.44,1.0,5,2,12,1
24.98,222,26685.76,4342.05,0.8805537234,3,2,7,36
7.0,300,0.0,47425.66,1.0,4,2,49,1
24.98,240,106877.72,114419.05,0.0,4,2,7,11
60.0,96,59725.83,58906.34,0.0,5,2,18,2
24.98,72,138011.75,128991.97,0.0,1,2,44,3
94.0,240,23041.5,23086.86,0.0,4,2,33,1
24.98,240,84317.46,94384.87,0.1066633879,5,2,25,0
7.0,360,0.0,112058.71,1.0,5,2,7,1
2.0,240,0.0,24580.11,1.0,5,2,66,2
64.0,232,15180.72,18143.08,0.9082250643,3,2,24,59
24.98,240,63656.06,65096.98,0.0,4,2,35,8
24.98,240,233742.2,171833.82,0.0,5,2,12,23
37.0,240,93292.72,82079.2,0.0,5,2,40,11
93.0,240,18211.81,18657.35,0.9435889877,3,2,20,35
1.0,204,46204.45,56544.21,0.1828615167,4,2,64,21
1.0,240,19961.82,19909.66,0.0,4,2,20,1
1.0,240,0.0,54907.86,0.803165205,5,2,23,31
45.0,360,0.0,157005.96,1.0,5,2,15,1
0.0,360,0.0,106523.78,1.0,5,2,7,2
1.0,236,4903.94,5848.37,0.8978877875,3,4,28,54
4.0,350,0.0,143922.67,1.0,5,2,7,1
68.0,240,35466.47,38319.14,0.0,5,2,41,14
1.0,240,0.0,212529.65,0.7186957575,5,2,10,31
94.0,230,20375.0,21995.84,0.8991832092,3,2,28,31
1.0,240,10116.95,11404.81,0.1129225301,3,2,35,21
1.0,360,127805.01,113808.63,0.0,5,2,13,13
24.98,300,63074.79,62357.6,0.0,4,2,13,2
1.0,204,0.0,13914.97,1.0,4,2,60,16
1.0,240,28904.29,41267.15,0.8028114026,4,2,19,54
24.98,120,70437.45,63142.75,0.0,5,2,13,9
0.0,360,172354.09,168762.42,0.0,5,2,33,2
24.98,220,5721.92,6306.8,0.0927379971,3,2,73,10
24.98,240,139717.24,136251.45,0.0,5,2,18,3
94.0,240,18211.81,18656.03,0.9390229325,3,2,20,35
24.98,240,22165.59,21251.65,0.0,5,2,17,21
94.0,300,0.0,46524.45,1.0,4,2,16,2
8.0,300,0.0,45408.79,0.7925192652,5,2,8,3
9.0,300,0.0,91086.18,1.0,4,2,10,1
40.0,360,149449.82,136505.14,0.0,5,2,16,8
5.0,360,75891.67,73320.32,0.0,5,2,16,3
24.98,360,0.0,102585.34,1.0,5,2,7,1
1.0,222,11449.99,4272.04,0.9147479893,3,2,12,53
7.0,180,0.0,175630.56,0.5982664651,1,2,43,5
5.0,300,0.0,78180.77,1.0,4,2,7,1
1.0,300,0.0,53543.91,1.0,4,2,14,6
67.0,222,13527.4,12869.99,0.9463853507,3,4,30,53
61.0,300,0.0,65528.08,1.0,4,2,23,4
1.0,240,129120.11,129851.21,0.0056302902,5,2,58,10
1.0,240,34879.9,39636.4,0.0,4,2,30,17
24.98,300,58509.34,57354.7,0.0,4,2,10,3
0.0,240,60134.11,55187.12,0.6735083774,5,2,21,38
72.0,240,73556.58,79968.62,0.0801819514,5,2,27,9
24.98,360,0.0,130231.12,1.0,5,2,8,2
1.0,360,180179.63,174176.74,0.0,5,2,25,2
14.0,360,109781.16,111610.3,0.0,5,2,19,18
2.0,240,93958.2,93947.28,0.0,5,2,34,1
24.98,240,19984.43,91491.91,0.6174640425,5,2,27,17
95.0,360,0.0,127384.37,1.0,5,2,26,6
24.98,228,28680.4,27135.17,0.0,3,4,41,18
56.0,240,0.0,185305.89,0.7518316675,5,2,6,35
3.0,240,20396.96,22533.86,0.0948306238,3,2,36,22
18.0,150,0.0,55621.65,1.0,4,2,31,5
24.98,240,48828.11,53861.21,0.0,4,2,33,21
27.0,204,34883.82,39348.9,0.0,1,2,58,21
24.98,222,11975.19,5544.74,0.936734635,3,2,21,49
1.0,234,7397.49,8476.54,0.1272984024,3,2,68,17
8.0,240,0.0,32955.71,1.0,5,2,67,6
70.0,360,0.0,150929.88,1.0,5,2,35,1
4.0,204,27903.56,32663.03,0.723853827,4,2,16,50
24.98,222,26666.74,4300.18,0.8272289196,3,2,7,36
93.0,300,0.0,41668.08,1.0,4,2,28,3
26.0,240,19879.72,20808.9,0.0,4,2,30,24
0.0,360,95093.08,84088.35,0.0,5,2,14,12
94.0,300,64566.68,59066.42,0.0,4,2,9,13
24.98,300,0.0,55483.23,1.0,4,2,7,1
4.0,240,0.0,118898.27,1.0,5,2,31,3
1.0,240,0.0,78077.92,0.85114401,5,2,40,6
94.0,180,10716.29,11715.87,0.8658955758,3,2,25,29
1.0,220,12729.89,11382.38,0.9402778681,3,4,18,61
89.0,300,64954.25,65379.61,0.0065060039,5,2,23,1
94.0,222,13550.35,12643.91,0.9695695398,3,4,30,53
95.0,360,0.0,96326.85,1.0,5,2,21,1
56.0,229,15067.1,17871.93,0.927476775,3,2,27,56
1.0,234,13578.94,14178.79,0.9497326641,3,2,14,60
13.0,232,15424.12,12517.1,0.9764338385,3,2,31,32
1.0,222,11450.79,4283.57,0.9282210866,3,2,14,51
96.0,240,105731.55,114120.2,0.0,5,2,25,6
3.0,300,0.0,59087.14,1.0,4,2,19,0
11.0,240,0.0,156199.02,0.7071043849,5,2,15,1
1.0,224,14414.39,16148.28,0.0,3,2,64,12
1.0,240,98425.41,95501.4,0.0,5,2,29,2
94.0,240,43144.03,42517.48,0.0,5,2,46,1
17.0,180,0.0,33957.55,1.0,5,2,50,3
1.0,220,11656.94,11382.38,0.9463486547,3,4,18,61
1.0,236,16103.55,19637.99,0.9421656697,3,2,14,60
0.0,277,0.0,78250.5,1.0,4,2,10,2
1.0,218,32993.05,15691.5,0.9175419813,3,4,22,43
24.98,300,0.0,65191.46,1.0,4,2,12,1
24.98,180,72070.34,80122.33,0.0,5,2,20,18
1.0,360,0.0,186094.13,0.7291062307,5,2,12,8
80.0,360,0.0,93125.15,1.0,5,2,23,1
34.0,240,28561.86,4351.47,0.9270246606,3,2,7,56
1.0,240,20651.04,20934.85,0.0135568203,3,4,43,19
9.0,360,21849.94,22224.23,0.6999160838,5,2,15,25
6.0,240,0.0,59577.75,1.0,5,2,32,3
24.98,360,221589.36,202188.38,0.0,5,2,9,7
24.98,360,126041.87,124244.5,0.0,5,2,13,1
0.0,360,71757.51,74383.55,0.0353040424,5,2,11,24
70.0,180,107544.26,95211.05,0.0,1,2,7,6
24.98,346,67178.03,71824.83,0.0,5,2,14,10
24.98,240,90868.32,56153.78,0.9905904981,5,2,7,41
93.0,155,0.0,35066.44,0.6617049658,5,2,32,32
1.0,222,7640.47,5546.63,0.9283438773,3,2,17,55
24.98,220,14971.26,11382.38,0.9386912052,3,4,18,61
94.0,300,71606.19,72659.2,0.0144924524,4,2,9,6
94.0,230,20375.0,22050.63,0.8978224205,3,2,28,31
4.0,300,0.0,43422.43,1.0,4,2,16,2
5.0,240,0.0,61396.09,1.0,5,2,38,1
24.98,240,63845.71,56784.9,0.0,5,2,23,10
24.98,240,59606.91,68370.07,0.1178234165,5,2,21,9
25.0,240,0.0,49584.16,0.5443905693,5,2,35,5
0.0,240,67907.4,78232.28,0.131977235,5,2,31,13
24.98,240,86958.11,84511.0,0.0,5,2,15,2
4.0,240,59332.81,61355.21,0.0,5,2,26,2
24.98,204,12142.34,11921.34,0.0,4,3,28,8
4.0,240,20755.33,21005.28,0.0118993891,3,4,50,12
1.0,240,111661.54,96235.49,0.0,5,2,38,13
4.0,300,15540.19,16706.82,0.0,4,2,17,17
17.0,230,7788.13,9083.7,0.1426258023,3,2,43,24
3.0,236,18396.86,17154.76,0.9399391189,3,2,24,41
0.0,240,83670.39,75217.02,0.0,5,2,19,23
24.98,120,8608.37,4852.67,1.0,1,3,80,35
11.0,240,15991.11,18672.25,0.9284874613,3,2,31,54
24.98,240,0.0,19875.14,0.8550367125,4,2,20,4
1.0,300,55016.81,48979.59,0.0,4,2,23,16
2.0,240,31837.87,34610.24,0.0801025939,4,2,53,3
24.98,218,14775.06,9498.82,0.9244453522,3,4,17,32
0.0,240,0.0,151814.3,1.0,5,2,20,3
68.0,180,23985.56,24243.03,0.0106203721,4,2,60,2
68.0,218,33451.9,17722.53,0.9271418923,3,4,24,40
1.0,240,0.0,82332.63,1.0,5,2,37,18
1.0,360,0.0,95218.08,1.0,5,2,11,2
26.0,300,0.0,75803.31,1.0,4,2,25,3
70.0,360,0.0,105995.16,1.0,5,2,13,3
92.0,240,19952.88,19407.69,0.0,4,2,19,6
47.0,236,18498.98,17154.71,0.9396084224,3,2,24,41
4.0,360,389447.25,360741.83,0.0,5,2,27,7
11.0,300,0.0,63034.18,1.0,4,2,24,2
2.0,360,0.0,159424.2,1.0,5,2,26,1
24.98,240,110111.57,96186.0,0.0,5,2,11,12
1.0,300,0.0,26756.96,1.0,4,2,12,8
1.0,240,292321.87,256321.46,0.6856866928,1,2,23,49
4.0,96,0.0,101432.05,0.58872856,5,2,13,19
24.98,240,21359.4,28903.75,0.6365161871,1,2,42,29
8.0,360,0.0,89778.51,1.0,5,2,10,8
55.0,240,18211.83,18656.52,0.9366762933,3,2,20,35
38.0,240,71994.35,75248.15,0.0432409302,5,2,48,2
24.98,180,274486.77,266319.79,0.0,5,2,27,3
24.98,239,54496.84,49985.48,0.0,1,2,44,6
2.0,240,32566.24,31669.55,0.0,4,2,12,5
94.0,236,16108.83,19391.48,0.9030914608,3,2,16,63
1.0,240,45116.54,39629.47,0.0,5,2,39,12
4.0,180,82645.4,83503.57,0.0,1,2,23,2
1.0,300,0.0,50131.44,1.0,4,2,27,5
0.0,360,42366.14,46621.29,0.0912705333,5,2,21,10
77.0,360,0.0,107699.92,1.0,5,2,19,5
24.98,240,42645.36,41104.54,0.0,5,2,22,4
68.0,240,231885.51,237676.48,0.0,5,2,21,1
26.0,204,10932.26,12770.14,0.0,4,3,53,17
83.0,240,23230.95,26915.24,0.0,5,2,29,13
1.0,300,0.0,58719.71,1.0,4,2,19,12
7.0,180,0.0,71479.89,0.7135601336,1,2,59,28
1.0,235,13081.03,13295.76,0.951677076,3,2,13,62
4.0,240,0.0,116993.74,1.0,5,2,44,1
24.98,300,0.0,62720.38,1.0,4,2,8,2
61.0,300,59558.25,63593.31,0.063451014,4,2,13,8
23.0,218,33115.79,17792.18,0.9112722556,3,4,24,40
1.0,300,0.0,60266.16,1.0,4,2,14,1
24.98,224,14948.3,17840.36,0.902085496,3,2,17,55
1.0,204,0.0,12993.01,1.0,4,3,64,1
0.0,204,0.0,38639.48,0.8602194308,4,3,13,4
4.0,200,10193.84,10623.44,0.8737179294,3,4,21,58
18.0,240,0.0,173065.5,1.0,5,2,33,3
1.0,360,290374.06,264708.38,0.0,5,2,16,9
1.0,230,13653.02,15965.83,0.9309863628,3,2,23,53
22.0,120,35123.13,38114.34,0.0,1,2,48,2
41.0,240,80798.98,79547.66,0.0,5,2,23,6
24.98,222,7644.76,5537.83,0.9282733489,3,2,17,55
2.0,360,0.0,139505.23,1.0,5,2,12,10
9.0,240,72581.39,71145.85,0.0,5,2,30,10
1.0,360,0.0,63317.4,0.0,5,2,13,12
70.0,240,31287.7,34219.92,0.7432490616,4,2,18,54
1.0,240,0.0,114426.63,0.7268037301,1,2,88,1
2.0,300,0.0,67333.51,1.0,4,2,27,1
70.0,240,19221.72,19912.16,0.9702352733,3,2,19,42
24.98,240,15255.95,17121.76,0.0,1,2,51,17
65.0,360,0.0,85761.5,1.0,5,2,23,2
77.0,300,0.0,53694.22,1.0,4,2,15,6
2.0,240,0.0,53458.84,1.0,4,2,24,5
5.0,300,0.0,38479.28,1.0,4,2,29,19
4.0,360,0.0,160635.74,1.0,5,2,8,2
2.0,252,107578.32,117108.19,0.0,5,2,12,9
7.0,232,15421.74,12548.9,0.9728900541,3,2,31,32
1.0,240,0.0,69547.24,1.0,5,2,27,9
24.98,240,63959.48,62957.13,0.0,5,2,15,2
24.98,86,13408.47,16303.72,0.0,1,2,87,18
1.0,236,21260.47,9859.99,0.9832403481,3,2,28,40
1.0,240,0.0,117268.15,0.9884792269,5,2,9,27
1.0,240,26316.66,26455.85,0.9933224599,3,4,29,26
40.0,300,0.0,42701.41,1.0,4,2,33,8
29.0,234,14892.43,14673.36,0.9534578311,3,2,32,48
1.0,218,0.0,172253.8,0.6058267302,5,2,17,12
10.0,240,33745.96,37848.79,0.0,5,2,27,23
0.0,300,0.0,70213.9,1.0,4,2,15,15
6.0,360,0.0,63671.61,1.0,5,2,14,2
61.0,300,0.0,100750.43,1.0,5,2,30,1
1.0,236,21260.47,10945.44,0.0,3,2,52,16
18.0,300,30005.41,32620.47,0.0801662269,4,2,13,14
1.0,240,20755.33,20949.36,0.0092618581,3,4,40,22
24.98,240,95958.8,84674.13,0.0,5,2,10,12
4.0,240,34334.8,32108.66,0.0,4,2,37,13
5.0,240,50680.9,52984.7,0.0,5,2,12,3
1.0,300,0.0,29142.6,1.0,5,2,33,7
24.98,236,21260.47,10914.4,1.0,3,2,42,26
91.0,240,28555.25,27439.2,0.0,3,2,55,8
1.0,360,0.0,174327.2,1.0,5,2,8,8
1.0,300,42575.55,38436.2,0.0,4,2,11,12
17.0,300,0.0,57022.81,1.0,4,2,15,1
95.0,240,56658.47,55055.55,0.0,5,2,19,8
4.0,300,0.0,90967.2,1.0,4,2,7,4
1.0,240,16842.86,20269.1,0.6440135828,1,2,56,26
2.0,228,12655.14,15263.59,0.1708936102,3,4,70,3
24.98,240,5247.14,18907.24,0.7809024839,4,2,37,28
0.0,240,116979.63,97695.77,0.0,5,2,32,15
32.0,236,21249.77,15700.62,0.0,3,2,58,10
13.0,300,0.0,71194.94,1.0,4,2,14,4
25.0,236,21302.92,13201.44,0.9327997552,3,2,7,66
30.0,240,75764.47,76779.65,0.0,4,2,10,1
26.0,300,0.0,33798.16,1.0,4,2,17,1
24.98,240,75142.51,68523.09,0.0,5,2,23,9
77.0,360,0.0,58902.14,1.0,5,2,21,3
1.0,224,14961.6,17840.36,0.958470569,3,2,17,55
35.0,119,94337.84,94771.33,0.0,5,2,18,1
0.0,300,0.0,88888.98,1.0,4,2,11,6
2.0,300,0.0,77611.47,1.0,4,2,19,12
94.0,236,18361.6,17154.71,0.9266743652,3,2,24,41
5.0,300,0.0,38353.62,1.0,4,2,16,6
1.0,228,20655.37,24127.28,0.9010315295,3,2,28,30
44.0,236,16072.78,19301.88,0.9128592655,3,2,14,65
25.0,300,0.0,59260.01,0.0,4,2,12,23
5.0,300,0.0,53443.24,1.0,4,2,19,8
2.0,240,0.0,56853.29,1.0,5,2,17,2
1.0,233,18083.59,23416.91,0.0,3,4,39,21
24.98,240,30563.72,36151.61,0.0,5,2,31,17
24.98,180,32677.89,40810.88,0.5220464306,1,2,46,35
0.0,300,0.0,39359.07,1.0,4,2,18,20
1.0,329,323622.76,347698.9,0.0692442225,5,2,24,3
27.0,300,0.0,46113.17,1.0,4,2,28,2
1.0,234,14892.43,16076.49,0.983175432,3,2,20,60
9.0,240,71108.67,69171.53,0.0,5,2,21,20
24.98,240,80339.34,85206.54,0.0,5,2,41,17
1.0,235,13081.03,13295.76,0.9921824702,3,2,13,62
8.0,300,0.0,57305.91,1.0,4,2,19,1
24.98,240,49817.33,47777.84,0.0,4,2,17,10
1.0,300,0.0,28656.33,1.0,4,2,10,25
65.0,240,19221.72,19690.29,0.9584830899,3,2,29,32
94.0,224,14844.74,17926.37,0.8861827576,3,2,17,55
4.0,360,103468.67,103452.96,0.0,5,2,12,3
5.0,224,14956.45,17852.06,0.9154556953,3,2,17,55
1.0,280,66631.19,65887.15,0.0,4,2,9,1
0.0,240,0.0,102395.37,0.7812770417,4,2,13,1
56.0,240,0.0,47039.29,1.0,4,2,66,2
1.0,300,0.0,54800.56,1.0,4,2,14,1
24.98,232,15412.64,12517.1,0.959008077,3,2,31,32
1.0,360,259393.33,190246.27,1.0,5,2,12,27
1.0,300,45219.4,42128.36,0.0,4,2,11,10
2.0,180,69976.61,73157.87,0.0,5,2,23,1
24.98,360,109254.96,105333.68,0.0,5,2,12,4
7.0,240,0.0,79891.99,1.0,4,2,31,8
24.98,218,14777.0,9814.34,0.8642578105,3,4,17,32
0.0,240,139170.13,96394.06,1.0,4,2,19,36
1.0,360,0.0,69617.08,1.0,5,2,32,6
14.0,300,79603.59,80082.4,0.0,4,2,19,1
24.98,240,51853.35,58272.17,0.0,5,2,20,14
90.0,221,26176.27,20060.46,0.940026799,3,4,31,33
93.0,180,118650.36,123085.21,0.0,5,2,20,2
24.98,240,43902.98,54453.06,0.7513139966,5,2,26,39
1.0,180,8729.9,37681.65,0.0,5,2,12,14
17.0,240,10527.25,11273.23,0.0661726941,3,2,47,7
24.98,230,9181.67,9612.49,0.8999447594,3,2,28,29
1.0,300,0.0,91189.7,1.0,4,2,14,8
5.0,360,0.0,57410.89,1.0,5,2,22,1
29.0,236,16072.78,19301.88,0.9152719839,3,2,14,65
10.0,240,0.0,96340.67,1.0,4,2,23,1
24.98,221,33287.14,31538.31,0.0,3,4,45,13
24.98,236,131833.53,117758.31,0.0,1,2,53,6
56.0,232,15195.45,18071.38,0.9216595523,3,2,24,59
1.0,231,7862.07,8894.6,1.0,3,2,52,26
24.98,240,35839.51,35880.0,0.0011284838,3,4,40,0
96.0,120,9302.94,11677.64,0.0,4,2,47,14
1.0,300,24433.05,23115.43,0.0,4,2,20,9
94.0,240,11057.87,11477.11,0.0,3,2,31,24
24.98,300,0.0,142934.83,1.0,5,2,8,9
1.0,240,0.0,73828.92,0.7842609029,5,2,18,37
45.0,240,7364.48,34855.39,0.7595273101,5,2,42,25
0.0,180,0.0,94942.89,0.7392615592,5,2,24,24
7.0,180,0.0,24248.0,0.6110560493,1,2,35,4
61.0,360,0.0,196334.31,1.0,5,2,18,1
0.0,300,0.0,35078.19,1.0,4,2,27,5
91.0,180,91484.63,91478.62,0.0,4,3,12,4
23.0,300,0.0,201040.99,1.0,5,2,27,4
24.98,240,177308.0,172802.73,0.0,5,2,23,2
70.0,240,8286.19,9052.85,0.0846871427,3,2,45,19
24.98,240,137268.65,128311.56,0.0,5,2,11,6
34.0,240,0.0,109183.83,0.6685811691,5,2,17,20
24.98,218,28572.13,28933.28,0.0124821659,3,2,61,14
1.0,240,0.0,111062.01,1.0,4,2,25,2
1.0,240,64029.38,64672.26,0.0099405835,4,2,30,2
37.0,240,0.0,42618.41,1.0,1,2,78,7
1.0,300,74086.07,71762.99,0.0,4,2,8,5
2.0,240,0.0,82215.74,1.0,4,2,8,2
7.0,360,0.0,71536.58,1.0,5,2,15,10
1.0,240,0.0,36460.82,1.0,5,2,58,3
2.0,300,0.0,74706.53,1.0,4,2,12,2
5.0,360,79055.44,85176.2,0.7527578623,5,2,11,28
10.0,240,35239.36,38167.48,0.0,1,2,81,8
1.0,240,20754.74,20952.62,0.009444165,3,4,39,23
2.0,240,0.0,58883.49,1.0,5,2,51,4
7.0,240,73725.59,70944.69,0.0,5,2,21,5
4.0,240,0.0,27894.91,1.0,4,2,37,7
24.98,240,14414.33,43238.56,0.6666325151,5,2,42,3
24.98,300,69421.85,64355.8,0.0,4,2,9,13
56.0,236,18498.98,17164.4,0.9396838806,3,2,24,41
1.0,218,29155.95,15792.89,0.891283356,3,4,22,43
68.0,218,33386.43,17718.42,0.9280748509,3,4,24,40
96.0,180,34509.76,33768.74,0.0,5,2,38,2
1.0,300,15993.57,16129.24,0.0084114317,4,2,33,1
94.0,236,18396.87,17154.71,0.9346267002,3,2,24,41
2.0,225,11346.01,11551.94,0.0,3,2,46,22
1.0,300,57175.85,54297.45,0.0,4,2,18,18
24.98,240,18099.92,19465.28,0.0120416983,4,2,36,2
1.0,240,0.0,33409.81,1.0,4,2,45,15
56.0,220,12673.73,11382.38,0.9437885574,3,4,18,61
94.0,230,20375.45,22027.0,0.9014786399,3,2,28,31
94.0,240,50024.42,46755.58,0.0,5,2,52,7
4.0,240,10532.34,11412.49,0.0771216448,3,2,44,12
89.0,300,0.0,67360.1,1.0,4,2,16,1
0.0,228,13133.36,17666.66,0.8996352451,3,4,26,44
3.0,360,0.0,141351.41,1.0,4,2,26,8
24.98,200,0.0,11264.0,0.9669318182,3,4,20,3
1.0,234,21374.01,23099.62,1.0,3,4,31,37
1.0,236,21260.47,9859.99,0.9817261478,3,2,28,40
26.0,240,20753.82,20948.76,0.0093055627,3,4,54,8
24.98,180,24200.47,30385.4,0.203549402,1,2,55,10
38.0,240,0.0,35599.11,0.6692579387,5,2,37,2
53.0,228,162741.28,162672.34,0.0,5,2,12,1
0.0,236,21260.47,9851.58,0.9839660237,3,2,28,40
24.98,218,14774.99,9491.91,0.9325025206,3,4,17,32
2.0,225,11346.01,11567.31,0.0191315008,3,2,46,22
1.0,180,139621.32,135546.09,0.0,5,2,20,17
3.0,300,0.0,72746.03,1.0,4,2,22,2
1.0,300,25495.39,24043.35,0.0,4,2,22,10
1.0,300,56639.87,61509.73,0.0791721895,5,2,36,4
7.0,300,0.0,68827.22,1.0,4,2,21,1
2.0,300,0.0,82684.14,1.0,4,2,15,1
1.0,228,6944.99,8335.61,0.1668288224,3,4,37,16
94.0,200,0.0,174162.08,1.0,5,2,27,3
56.0,240,58864.85,58645.34,0.0,1,2,33,1
1.0,216,17895.2,16303.09,0.9580484436,3,4,26,29
18.0,240,77315.25,74270.47,0.0,4,2,22,9
5.0,240,57914.43,65355.39,0.1138538076,4,2,8,17
1.0,240,36280.75,32044.47,0.0,4,2,17,13
1.0,240,20754.74,18087.19,0.9802158323,3,4,23,39
24.98,204,31760.93,29840.37,0.0,4,3,30,12
89.0,72,0.0,1723.17,0.4477901061,4,1,20,52
26.0,236,20786.44,13201.44,0.9392429917,3,2,7,66
94.0,224,14956.45,17852.06,0.9138698839,3,2,17,55
24.98,234,4864.17,5609.38,0.945662444,3,2,55,26
1.0,224,14956.45,17840.36,0.9312721268,3,2,17,55
1.0,240,0.0,91545.93,0.8619227521,5,2,12,6
24.98,204,25560.88,27655.47,0.0,4,3,17,8
76.0,236,18395.41,17164.45,0.9485541337,3,2,24,41
94.0,240,18575.08,14511.14,0.8738403737,3,4,20,37
77.0,300,0.0,61256.44,1.0,4,2,19,3
0.0,360,136847.58,128946.84,0.0,5,2,24,5
24.98,240,81091.2,80781.77,0.0,5,2,24,0
2.0,240,20752.31,21020.3,0.0127491044,3,4,49,13
94.0,204,16200.23,45210.01,0.769258156,4,3,54,35
90.0,234,9792.86,12907.56,0.8718619166,3,2,27,54
1.0,232,15906.45,19010.94,0.9235813695,3,2,24,59
90.0,240,110605.67,116313.72,0.0,5,2,21,1
5.0,300,0.0,38933.42,1.0,4,2,20,5
22.0,240,55600.8,55962.99,0.0,4,2,33,17
34.0,180,0.0,35497.9,0.7427403718,5,2,44,1
56.0,300,0.0,37810.27,1.0,4,2,32,7
24.98,360,126610.91,126244.87,0.0,5,2,14,0
13.0,119,0.0,100267.29,1.0,5,2,16,1
2.0,180,19179.46,19449.17,0.0,1,2,45,19
2.0,300,0.0,89393.56,1.0,5,2,20,4
1.0,300,77417.78,68587.59,0.0,4,2,7,19
26.0,300,66927.44,65108.32,0.0,4,2,14,6
24.98,360,96709.73,93364.85,0.0,5,2,8,3
5.0,180,36547.08,38360.75,0.0472793154,5,2,22,18
85.0,234,13512.06,14125.48,0.9600764009,3,2,14,60
37.0,230,20374.99,22011.42,0.910422408,3,2,28,31
1.0,300,0.0,62792.92,1.0,4,2,21,4
2.0,180,39093.87,44500.41,0.1214941615,4,2,29,8
93.0,240,11109.42,11445.97,0.9376147238,3,2,25,29
1.0,222,7641.54,5537.84,0.9319752828,3,2,17,55
1.0,236,22731.66,19254.23,0.9592463578,3,2,17,57
0.0,300,0.0,52357.47,1.0,4,2,11,16
24.98,240,35652.19,35628.02,0.0,4,2,31,0
24.98,300,0.0,71426.76,1.0,4,2,10,1
24.0,240,0.0,176661.45,1.0,5,2,29,2
4.0,236,21262.15,10962.85,0.0,3,2,55,13
56.0,300,0.0,71618.04,1.0,4,2,15,1
94.0,216,15660.31,20617.21,0.8948402815,3,4,10,44
54.0,233,19245.78,21833.7,0.1185286965,3,4,58,2
0.0,300,0.0,50275.36,1.0,4,2,15,9
18.0,300,0.0,72482.98,1.0,4,2,12,7
1.0,240,20903.12,22985.79,0.0906068488,3,2,49,11
24.98,240,58065.73,56440.94,0.0,5,2,38,2
7.0,300,0.0,39120.46,1.0,4,2,49,5
56.0,204,0.0,35647.1,0.6854922103,5,2,50,8
24.98,240,60682.58,58563.57,0.0,1,2,33,2
14.0,240,0.0,37890.64,0.7879319196,4,2,26,4
93.0,230,8256.13,9769.6,0.910743531,3,2,28,52
56.0,240,0.0,47820.28,0.7198184056,4,2,24,7
1.0,240,23148.26,26955.34,0.1412365787,3,4,45,12
24.98,180,94545.79,80569.38,0.0,5,2,38,13
28.0,240,105369.6,101927.08,0.0,5,2,20,3
1.0,300,0.0,69168.19,1.0,4,2,7,13
24.98,240,44209.96,44740.59,0.0118601476,4,2,18,0
1.0,236,13542.12,13698.7,0.9951272749,3,2,24,59
4.0,234,19199.08,23083.15,0.0,3,4,47,19
89.0,225,19560.93,14750.06,0.92424302,3,4,22,26
24.98,240,92943.21,86042.71,0.0,5,2,13,8
32.0,237,204471.4,195839.66,0.0,5,2,30,4
1.0,226,0.0,10831.92,0.8139319783,4,2,50,2
1.0,360,74744.41,63556.96,0.0,5,2,17,14
1.0,236,21262.15,9851.59,0.9680254659,3,2,28,40
1.0,222,13455.71,4872.86,0.9734734837,3,2,27,40
70.0,235,13081.03,13352.39,0.9543549881,3,2,13,62
3.0,240,0.0,37418.56,1.0,4,2,44,1
1.0,240,0.0,49902.55,1.0,4,2,34,2
24.98,204,70944.36,77858.06,0.0,5,2,30,8
3.0,360,0.0,217012.08,1.0,5,2,15,1
24.98,240,18211.83,18678.86,0.9378902139,3,2,20,35
0.0,300,0.0,117646.71,1.0,5,2,9,8
4.0,240,0.0,30759.03,1.0,4,2,44,2
96.0,360,0.0,87769.95,1.0,4,2,51,4
48.0,332,363302.16,444753.02,0.1831372837,5,2,23,6
71.0,300,72997.81,73576.41,0.0078639336,4,2,38,3
0.0,300,0.0,86351.53,1.0,4,2,13,7
7.0,240,113719.9,110065.9,0.0,4,2,8,9
2.0,240,84052.67,85520.42,0.0,5,2,36,12
24.98,300,0.0,82744.26,1.0,4,2,15,3
4.0,360,0.0,147780.71,1.0,5,2,29,10
1.0,234,14892.43,14611.49,0.9729931718,3,2,32,48
5.0,300,0.0,40369.18,1.0,4,2,24,2
1.0,228,13215.18,12022.23,0.9649698933,3,2,26,36
2.0,360,0.0,104464.95,1.0,5,2,12,3
37.0,300,0.0,54891.48,1.0,4,2,23,2
94.0,360,44480.25,43594.9,0.0,5,2,10,2
24.98,120,47670.52,55313.85,0.0,4,2,24,7
24.98,240,91564.06,114398.99,1.0,5,2,25,30
1.0,360,0.0,324522.06,1.0,5,2,10,24
0.0,228,13207.54,12086.55,0.9506608586,3,2,27,35
24.98,300,78684.61,77326.5,0.0,4,2,8,3
1.0,360,0.0,192107.53,1.0,5,2,12,1
1.0,236,14260.36,14421.6,0.9814153769,3,2,42,41
94.0,224,14959.34,17845.44,0.9167199016,3,2,17,55
2.0,240,0.01,22524.88,0.999999556,5,2,56,16
0.0,300,66055.5,63494.58,0.0,4,2,13,5
0.0,240,89179.84,92114.54,0.0,5,2,13,22
13.0,336,0.0,73303.45,0.7155392389,5,2,9,18
24.98,218,14774.95,9498.6,0.9212936643,3,4,17,32
65.0,360,0.0,139470.8,1.0,5,2,22,2
4.0,240,10159.43,11334.94,0.1037067686,3,2,37,17
3.0,360,0.0,118408.1,0.8144779837,5,2,11,10
24.98,120,78289.22,80326.28,0.0,5,2,18,1
5.0,229,15067.1,18763.55,0.8967540791,3,2,41,42
4.0,300,0.0,41739.9,1.0,4,2,9,12
1.0,240,10717.55,11971.99,0.1047812436,3,2,30,24
9.0,300,0.0,25564.99,1.0,4,2,7,8
4.0,240,10526.41,11653.22,0.8733217085,3,2,29,25
22.0,240,44631.97,45992.45,0.0,5,2,21,1
1.0,234,21347.77,15213.36,0.9799656355,3,2,18,40
0.0,360,0.0,40606.71,1.0,5,2,20,1
2.0,240,23133.27,23536.43,0.0,4,2,26,2
0.0,204,64287.66,50978.54,0.0,5,2,27,21
10.0,218,33466.45,17708.46,0.9303637922,3,4,24,40
8.0,300,23351.42,25028.9,0.0670217229,4,2,31,7
4.0,204,0.0,101820.17,1.0,5,2,61,11
1.0,228,20642.7,24221.66,0.8934717934,3,2,29,29
91.0,240,56115.96,60295.41,0.0,5,2,39,8
24.98,204,22041.82,21330.54,0.0,4,2,13,3
1.0,236,14260.36,14428.25,0.9957125778,3,2,26,57
9.0,300,0.0,75227.61,1.0,4,2,38,4
1.0,222,11449.99,4290.48,0.9155782104,3,2,12,53
24.98,240,50854.78,55883.45,0.0648858807,1,2,77,8
4.0,240,9613.18,11442.78,0.9210908538,3,4,24,31
24.98,240,96830.31,95572.54,0.0,5,2,16,1
1.0,360,211719.59,205151.36,0.0,5,2,7,3
24.98,223,11975.19,5586.13,0.9099054265,3,2,20,50
0.0,236,19371.79,15723.47,0.9696797208,3,2,11,49
2.0,240,0.0,61682.23,1.0,4,2,44,8
47.0,360,0.0,159330.38,1.0,5,2,11,4
85.0,240,31221.5,29140.5,0.0,3,2,40,3
1.0,228,13215.56,12050.22,1.0,3,2,36,26
94.0,240,19221.73,19935.63,0.967132215,3,2,19,42
11.0,240,45726.83,48437.26,0.0559575418,4,2,36,10
94.0,240,19809.37,10106.13,0.0,3,4,15,21
1.0,240,0.0,112557.88,1.0,5,2,47,4
1.0,228,13202.69,12097.31,0.9523381644,3,2,28,34
71.0,240,0.0,60723.24,1.0,5,2,41,4
24.98,239,45417.79,49525.94,0.0,4,2,55,19
41.0,360,0.0,166992.15,1.0,5,2,15,4
96.0,300,0.0,54217.13,1.0,4,2,14,0
64.0,240,19221.69,19933.75,0.9640017558,3,2,19,42
14.0,240,0.0,93005.54,1.0,5,2,55,1
31.0,240,0.0,37560.93,1.0,4,2,45,7
1.0,300,47312.55,44708.48,0.0,4,2,7,10
1.0,236,21260.47,9851.58,0.9841599013,3,2,28,40
94.0,240,10527.25,11555.84,0.0,3,2,30,24
24.98,180,28961.53,34255.06,0.0064963818,4,2,33,14
2.0,228,22395.54,23212.29,0.0351861018,3,2,40,18
77.0,240,0.0,48694.66,1.0,4,2,61,1
8.0,180,0.0,124832.26,1.0,5,2,12,1
1.0,240,0.0,73686.94,1.0,4,2,17,1
1.0,300,39426.05,35830.19,0.0,4,2,14,11
24.98,240,27498.96,33025.39,0.7418765141,5,2,13,31
20.0,230,7423.02,11425.59,0.9056206288,3,4,19,61
0.0,224,163366.96,113683.71,1.0,5,2,11,29
1.0,300,76312.02,73660.35,0.0,4,2,13,6
5.0,240,0.0,215593.25,1.0,5,2,55,3
53.0,240,103730.31,115286.52,0.1002390392,5,2,36,1
1.0,120,83114.47,104215.73,0.2024767278,1,2,12,6
1.0,236,21262.15,9851.59,0.9766870119,3,2,28,40
1.0,180,0.0,117153.89,1.0,5,2,42,5
90.0,221,26175.87,20060.46,0.9412949653,3,4,31,33
25.0,229,15065.75,17846.82,0.895858758,3,2,31,52
0.0,360,0.0,132858.93,1.0,5,2,19,5
24.98,240,29621.4,28675.84,0.0,4,2,14,6
11.0,240,0.0,140013.54,1.0,5,2,15,2
24.98,236,7304.24,8258.81,0.115582027,3,4,43,14
1.0,300,0.0,36740.12,1.0,4,2,20,4
94.0,240,19710.24,22184.84,0.910454166,3,2,18,39
24.98,240,68440.66,77120.55,0.7444178297,5,2,14,34
1.0,240,0.0,51662.77,0.7986006985,5,2,11,12
2.0,230,20374.99,22268.3,0.9224314384,3,2,28,31
0.0,240,0.0,76034.89,1.0,5,2,40,1
2.0,300,0.0,68053.74,1.0,4,2,13,2
1.0,240,48621.13,48484.52,0.0,4,2,35,8
24.98,180,33139.43,37805.02,0.0,5,2,49,4
94.0,300,85185.48,85657.48,0.0,4,2,9,6
24.98,240,111822.88,111254.61,0.0,5,2,11,0
0.0,360,241312.32,240170.46,0.0,5,2,18,10
24.98,218,14774.88,9484.36,0.9293384055,3,4,17,32
96.0,360,0.0,142800.18,1.0,5,2,16,1
5.0,240,54985.78,53690.66,0.0,5,2,9,6
24.98,300,67834.29,66001.2,0.0,4,2,11,4
77.0,300,35619.29,34560.65,0.0,4,2,26,5
82.0,218,33568.75,17724.5,0.9266659144,3,4,24,40
1.0,301,239768.56,170514.67,0.9764614238,5,2,7,25
94.0,240,18574.75,14495.09,0.8621622908,3,4,20,37
94.0,240,5605.18,20212.91,0.0,4,2,67,11
52.0,240,0.0,110901.69,1.0,5,2,45,1
1.0,360,0.0,113198.4,1.0,5,2,28,2
4.0,360,139596.51,150100.19,0.0699777928,5,2,29,7
24.98,204,17579.26,19821.67,0.1131292167,2,2,56,1
3.0,360,151829.94,153297.0,0.0,5,2,9,2
94.0,240,45882.85,56649.65,0.7414346868,4,2,32,49
5.0,300,0.0,47500.11,1.0,4,2,21,4
1.0,300,0.0,73021.77,1.0,4,2,13,5
1.0,240,0.0,75794.64,1.0,5,2,28,3
24.98,240,275626.95,240996.31,0.7023930511,5,2,10,32
5.0,300,0.0,32055.68,1.0,4,2,21,4
24.98,180,229491.63,218958.65,0.0,5,2,17,4
0.0,240,0.0,27415.51,1.0,4,2,43,14
54.0,120,18923.69,74654.93,0.5917992672,5,2,30,35
9.0,240,0.0,89055.4,0.7264068654,5,2,23,2
1.0,240,0.0,69178.98,0.769724726,5,2,39,42
1.0,240,158299.04,117216.0,1.0,5,2,14,25
24.98,300,80526.19,77850.77,0.0,4,2,9,5
15.0,340,0.0,187584.0,1.0,5,2,15,2
5.0,240,0.0,69619.41,0.9868536662,4,2,27,63
24.98,359,0.0,148936.2,1.0,5,2,13,1
4.0,236,21249.77,10994.33,0.0,3,2,55,13
21.0,300,0.0,38060.08,0.8502153182,4,2,13,27
0.0,216,18656.79,18844.29,1.0,3,4,16,36
31.0,300,82065.97,78019.99,0.0,4,2,13,9
3.0,234,21308.26,25810.78,0.1744433915,3,4,51,9
1.0,80,24508.58,53654.52,0.4977804541,5,2,18,39
24.98,240,53032.73,51739.43,0.0,5,2,43,1
44.0,236,16072.78,19288.84,0.9151327918,3,2,14,65
1.0,240,35528.98,34937.56,0.0,3,4,41,14
24.98,240,58595.93,47514.4,0.0,4,2,14,22
8.0,180,117472.87,113299.49,0.0,5,2,14,3
1.0,360,0.0,43599.62,1.0,5,2,8,10
1.0,204,39252.09,31574.21,1.0,4,3,32,27
4.0,240,0.0,95754.51,1.0,5,2,37,4
94.0,230,20375.07,21995.84,0.8995951053,3,2,28,31
66.0,300,0.0,90724.35,1.0,4,2,12,6
94.0,230,13653.05,15975.48,0.8999322712,3,2,23,53
0.0,300,0.0,59892.0,1.0,4,2,32,7
1.0,240,10220.42,11170.51,0.085053413,3,2,41,13
93.0,230,20374.99,21995.84,0.9124411707,3,2,28,31
2.0,240,0.0,69365.02,1.0,4,2,21,2
96.0,180,20169.81,20979.71,0.0,4,2,12,9
24.98,72,92845.51,97093.99,0.0437563643,1,2,17,3
0.0,240,0.0,63384.78,1.0,4,2,38,11
1.0,360,0.0,108505.39,1.0,5,2,27,11
22.0,360,0.0,126696.36,1.0,5,2,21,0
77.0,360,0.0,471726.89,1.0,5,2,14,1
26.0,300,62660.17,62940.79,0.004458476,4,2,14,1
1.0,240,26316.66,26480.32,0.9960072235,3,4,22,33
8.0,240,0.0,68286.0,0.7111872836,5,2,25,0
1.0,234,21341.46,15151.78,0.9851001005,3,2,22,36
1.0,235,13119.93,13298.44,1.0,3,2,16,65
25.0,240,0.0,103079.87,1.0,5,2,16,2
94.0,300,0.0,52503.58,1.0,4,2,21,2
33.0,204,26938.96,31982.59,0.1576992357,4,3,50,17
6.0,240,0.0,71093.28,1.0,5,2,22,3
2.0,242,0.0,49668.07,1.0,4,2,12,1
1.0,300,99690.85,89255.0,0.0,4,2,7,19
4.0,240,12328.53,14542.01,0.1522127959,5,2,58,10
1.0,240,0.0,33796.98,0.8011257022,5,2,26,10
4.0,360,0.0,241145.94,1.0,5,2,18,3
24.98,60,152.87,1745.46,0.9124185029,5,2,51,7
0.0,300,0.0,45740.82,0.8413430611,4,2,18,3
25.0,234,15793.39,19340.36,0.8829602965,3,2,38,36
31.0,300,0.0,70473.76,1.0,4,2,11,8
0.0,180,72293.92,34326.0,1.0,5,2,8,59
1.0,240,0.0,155211.27,0.7948577249,5,2,18,5
24.98,240,23832.06,28519.27,0.7644063321,4,2,7,34
24.98,120,37852.91,46283.49,0.1821509139,5,2,26,8
1.0,240,10505.25,11713.4,0.1031425547,3,2,40,14
3.0,300,0.0,51403.77,1.0,4,2,15,11
2.0,240,20748.79,21038.8,0.0137845314,3,4,51,11
94.0,240,34221.76,35807.4,0.0,4,2,20,10
4.0,240,44390.67,44642.21,0.0056345777,4,2,23,1
1.0,240,173445.65,147665.51,0.0,5,2,13,12
24.98,240,104353.12,96625.37,0.0,5,2,13,7
93.0,230,20375.0,22123.54,0.9024559361,3,2,28,31
41.0,360,0.0,55812.64,1.0,5,2,15,2
1.0,240,26319.94,25902.95,0.9822908202,3,4,18,43
5.0,240,0.0,123914.28,1.0,5,2,30,19
24.98,230,20375.0,21989.04,0.9040144545,3,2,28,31
24.98,240,16407.51,35084.14,0.2315408281,1,2,23,19
89.0,60,0.0,22026.72,0.3144587839,5,2,21,39
81.0,240,72360.54,71647.13,0.0,4,2,23,4
1.0,180,0.0,70271.95,1.0,5,2,56,14
56.0,240,75139.09,80083.89,0.0,1,2,46,3
25.0,240,21261.29,20066.29,0.0,4,2,37,8
24.98,240,8381.82,76169.98,0.8899590101,5,2,26,9
5.0,360,256198.43,237987.17,0.0,5,2,14,8
38.0,360,0.0,199947.2,1.0,5,2,46,4
82.0,240,58055.69,56760.71,0.0,4,2,13,4
5.0,119,31558.38,52819.13,0.7609589932,5,2,24,41
94.0,224,14923.81,17852.06,0.9194759596,3,2,17,55
68.0,218,33408.59,17778.96,0.9142688886,3,4,24,40
2.0,240,38474.75,49299.88,0.747159698,4,2,35,41
3.0,300,0.0,63148.83,1.0,4,2,11,1
10.0,360,53968.48,53480.76,0.0,5,2,9,1
1.0,240,0.0,75400.56,1.0,4,2,23,7
96.0,360,0.0,24029.25,1.0,5,2,42,4
96.0,300,0.0,51867.22,1.0,4,2,13,3
8.0,240,27780.87,32473.94,0.7484468757,4,2,39,45
21.0,360,83741.73,82953.97,0.0,5,2,21,2
92.0,300,0.0,59932.86,1.0,4,2,32,2
2.0,240,42996.49,42616.03,0.0,4,2,26,3
1.0,300,86695.61,76750.4,0.0,4,2,7,19
0.0,300,35154.79,38315.24,0.0,4,2,10,12
82.0,228,53378.86,53362.72,0.0,4,2,35,5
0.0,360,0.0,79531.8,1.0,5,2,29,11
24.98,240,158153.53,155363.37,0.0,5,2,43,7
77.0,240,82554.58,96653.0,0.0,5,2,36,13
24.98,222,26718.46,4389.71,0.9048835022,3,2,7,36
9.0,300,0.0,68558.26,1.0,4,2,7,2
94.0,240,31447.57,33310.54,0.0,4,2,35,17
24.98,360,0.0,84020.01,1.0,5,2,11,3
1.0,240,22918.82,14495.09,0.9806865635,3,4,20,37
94.0,230,11483.38,13856.47,0.9072202372,3,4,33,29
1.0,330,37987.16,29722.17,0.0,5,2,10,19
1.0,300,0.0,82361.42,1.0,4,2,16,12
24.98,360,0.0,231661.6,1.0,5,2,12,1
94.0,222,13527.4,12869.99,0.9405671644,3,4,30,53
24.98,90,99889.04,104639.13,0.0,5,2,14,19
2.0,240,11109.73,11443.67,0.9729614713,3,2,25,29
56.0,234,12452.74,18304.3,0.8949186803,3,4,15,59
1.0,235,13119.9,13298.44,0.9866841524,3,2,16,65
26.0,236,18396.86,17154.76,0.9553704045,3,2,24,41
0.0,300,0.0,70885.23,1.0,4,2,13,4
0.0,360,186360.86,176629.8,0.0,5,2,13,5
24.98,300,0.0,44514.05,1.0,4,2,10,7
16.0,240,0.0,68865.64,1.0,5,2,43,4
64.0,231,7856.3,8652.04,0.0919713732,3,2,70,8
1.0,180,27049.31,21592.51,0.0,5,2,44,16
1.0,300,0.0,158143.58,1.0,5,2,9,3
77.0,360,0.0,123885.6,1.0,5,2,19,1
30.0,228,10481.71,11653.71,0.9340802199,3,4,38,46
90.0,221,25924.21,20042.98,0.945315018,3,4,31,33
1.0,240,0.0,86566.09,1.0,5,2,31,1
1.0,240,10239.47,11438.44,0.1048193635,3,2,37,18
24.98,360,0.0,225303.07,1.0,5,2,9,2
24.98,204,110775.04,109644.67,0.0,2,2,59,1
0.0,300,41054.99,40684.59,0.0,4,2,15,2
7.0,240,0.0,96008.08,1.0,5,2,33,0
24.98,240,43045.26,42805.54,0.0,5,2,14,1
0.0,240,102527.55,83795.56,0.0,5,2,33,20
26.0,240,46512.23,51588.8,0.0,4,2,14,15
24.98,240,90459.3,80017.54,0.0,4,2,25,12
24.98,360,152322.65,144174.83,0.0,5,2,9,5
0.0,360,0.0,58281.83,1.0,5,2,17,1
1.0,216,7292.72,10044.11,0.2739306917,3,4,57,14
0.0,300,0.0,56545.28,1.0,4,2,9,4
70.0,230,7419.45,11425.6,0.9233318163,3,4,19,61
4.0,240,0.0,110692.3,0.6559076346,5,2,34,21
24.98,360,0.0,53192.34,1.0,5,2,7,5
18.0,240,0.0,59300.62,1.0,5,2,71,7
1.0,180,95838.96,75506.51,0.7802079393,5,2,8,32
24.98,240,42623.69,43146.14,0.619004719,1,2,44,26
1.0,240,0.0,19800.96,0.0,4,2,52,13
24.98,240,99234.79,101541.81,0.0,5,2,26,13
1.0,240,94079.2,79560.24,0.0,5,2,21,15
24.98,240,160306.46,140703.16,0.0,5,2,33,11
32.0,240,26318.38,25966.37,0.9709585899,3,4,18,46
29.0,300,0.0,96110.04,1.0,4,2,12,2
24.98,240,79868.26,77762.39,0.0,1,2,76,2
4.0,360,0.0,138889.87,1.0,5,2,12,2
5.0,240,88924.84,85969.31,0.0,5,2,23,5
1.0,240,0.0,116255.48,1.0,5,2,36,1
24.98,60,11894.35,18469.83,0.0,1,2,27,9
24.98,240,35280.56,34536.61,0.0,3,4,25,15
91.0,240,79815.42,82493.11,0.0,5,2,21,2
92.0,300,0.0,45462.29,1.0,4,2,20,7
1.0,240,10788.84,11431.31,1.0,3,4,24,31
1.0,146,2456.02,25137.98,1.0,1,2,117,27
24.98,240,19126.37,20446.0,0.0645422087,4,2,47,1
18.0,240,0.0,21606.0,0.7682393973,4,2,7,37
2.0,300,0.0,69547.72,1.0,4,2,17,3
2.0,360,0.0,63356.23,1.0,5,2,20,1
94.0,240,38200.68,38754.86,0.0142996259,4,2,49,1
1.0,360,129554.53,140558.53,0.0782876713,5,2,22,2
23.0,240,10267.18,11344.98,0.0950023711,3,2,35,19
1.0,180,79397.59,61983.54,0.0,5,2,12,24
38.0,360,0.0,192692.73,1.0,5,2,27,2
0.0,294,99988.2,79703.1,0.0,5,2,12,19
93.0,240,39659.52,14986.32,0.0,4,2,7,21
1.0,240,0.0,55525.95,1.0,5,2,25,4
1.0,222,11449.99,4290.49,0.9155784071,3,2,12,53
1.0,240,0.0,159106.56,1.0,5,2,19,8
24.98,360,0.0,496256.1,1.0,5,2,9,2
24.98,222,7645.83,5546.63,0.9241431284,3,2,17,55
0.0,236,15921.35,19614.04,0.9488080987,3,2,12,57
24.98,360,0.0,100995.02,1.0,5,2,9,1
1.0,120,0.0,62550.76,1.0,5,2,46,6
3.0,300,0.0,66663.52,1.0,4,2,27,3
1.0,235,1821.61,17565.77,0.8455962932,3,2,43,26
24.98,240,83439.42,93530.17,0.0,5,2,32,16
26.0,241,0.0,221717.61,1.0,5,2,15,2
13.0,240,25370.72,26637.58,0.977146948,3,4,13,46
1.0,360,0.0,141237.64,1.0,5,2,12,2
0.0,240,102205.76,87991.79,0.0,5,2,39,14
38.0,239,0.0,23162.08,0.6180286979,1,2,82,20
4.0,230,13653.02,15965.84,0.9296391546,3,2,23,53
61.0,240,0.0,84809.03,1.0,5,2,78,3
1.0,360,0.0,124104.51,1.0,5,2,26,3
1.0,216,6868.12,7256.32,0.0534981919,3,4,53,22
1.0,240,10481.31,11065.72,0.0528126502,3,2,40,13
1.0,222,12685.39,7733.5,1.0,3,2,39,30
1.0,240,82843.86,80943.12,0.6853656296,4,2,23,45
46.0,240,0.0,58440.66,1.0,4,2,21,2
1.0,236,21158.33,10043.61,0.9634822539,3,2,28,40
24.98,240,71122.69,80495.1,0.1164345407,5,2,44,7
2.0,360,0.0,179790.62,1.0,5,2,16,9
77.0,300,0.0,54891.38,1.0,4,2,13,3
24.98,240,248790.69,241126.79,0.0,5,2,33,3
0.0,300,0.0,106691.07,1.0,5,2,23,10
1.0,300,0.0,72776.98,1.0,4,2,16,10
56.0,230,0.0,56848.81,0.7477429073,4,2,52,33
23.0,120,0.0,43163.08,1.0,4,2,33,6
0.0,360,0.0,105130.39,1.0,5,2,7,21
16.0,240,51514.64,55954.88,0.0793539366,4,2,40,4
2.0,300,0.0,61591.08,1.0,4,2,16,1
2.0,300,62962.21,60588.07,0.0,4,2,11,7
1.0,240,0.0,94863.83,1.0,5,2,58,1
10.0,240,137243.91,126385.72,0.0,5,2,23,9
89.0,240,52671.97,53590.3,0.0,5,2,17,2
94.0,240,11056.49,11451.67,0.9271355182,3,2,25,30
2.0,240,132708.5,135965.06,0.0,5,2,11,13
0.0,360,0.0,106341.28,1.0,5,2,14,13
4.0,240,0.0,76790.52,1.0,4,2,34,2
77.0,240,0.0,265418.75,1.0,5,2,34,0
1.0,180,100999.88,82589.88,1.0,5,2,13,25
94.0,240,40690.51,44726.39,0.7217505513,4,2,38,36
45.0,240,105509.66,107340.93,0.0,5,2,23,2
5.0,240,54585.93,54621.22,0.0,5,2,25,1
24.98,180,41275.49,46650.95,0.0,4,2,34,9
24.98,240,132416.62,96753.22,1.0,5,2,7,26
24.98,240,19245.87,19191.67,0.0,4,2,19,1
24.98,240,24789.6,19919.2,0.0,5,2,24,18
1.0,360,136765.51,133323.02,0.0,5,2,27,4
1.0,240,68917.43,67703.9,0.0,5,2,8,4
24.98,168,72308.02,59455.45,0.0,5,2,36,17
56.0,194,0.0,10156.69,0.7271352627,4,3,46,10
24.98,240,97147.29,113644.56,0.0,5,2,20,14
93.0,360,138694.07,135493.42,0.0,5,2,7,2
70.0,240,0.0,28223.39,1.0,4,2,33,6
8.0,240,0.0,103251.03,1.0,5,2,32,8
24.98,218,14775.23,9529.62,0.930934287,3,4,17,32
24.98,240,86538.83,78665.62,0.0,4,2,8,14
38.0,240,128966.23,115302.22,0.0,5,2,20,11
24.98,320,82111.42,82436.66,0.0,4,2,10,9
1.0,360,0.0,213053.65,1.0,5,2,7,7
0.0,204,0.0,80883.71,0.8127625613,1,2,52,4
68.0,218,33467.93,17716.79,0.9284407616,3,4,24,40
13.0,240,91992.29,84655.83,0.0,4,2,26,16
1.0,300,29457.72,30884.0,0.0,4,2,9,15
9.0,300,0.0,35470.99,1.0,4,2,15,1
9.0,300,62834.99,63789.56,0.0,5,2,13,4
24.98,300,0.0,78908.1,1.0,4,2,12,1
1.0,240,0.0,95422.35,0.9053843083,5,2,22,33
24.98,218,14774.95,9484.36,0.9379104125,3,4,17,32
1.0,310,86686.76,66969.68,0.0,5,2,27,21
1.0,120,67284.59,60553.64,0.0,5,2,22,12
5.0,300,0.0,68285.07,1.0,5,2,17,8
1.0,300,0.0,61371.74,1.0,4,2,30,7
1.0,240,0.0,92959.95,1.0,5,2,41,2
5.0,236,3690.86,5657.58,0.851090042,3,4,49,29
94.0,240,19809.08,10130.28,0.0,3,4,15,21
24.98,240,39599.11,40697.33,0.0,4,2,33,10
1.0,360,0.0,126252.98,1.0,5,2,21,8
1.0,240,20752.31,20967.46,0.010261138,3,4,39,23
1.0,300,72521.55,68992.79,0.0,4,2,13,8
26.0,240,0.0,54302.36,1.0,5,2,49,6
2.0,235,6143.76,7941.05,0.2263290119,3,4,58,11
1.0,240,10249.71,11494.13,0.1082656974,3,2,37,18
17.0,360,274678.89,260297.4,0.0,5,2,27,5
17.0,204,21505.55,38946.64,0.7627191729,4,3,34,52
9.0,300,0.0,57544.55,1.0,4,2,27,3
94.0,240,8309.91,9270.71,0.8611918612,3,2,38,26
4.0,240,0.0,27949.41,0.8053896744,4,2,21,2
44.0,360,0.0,274702.32,1.0,5,2,15,5
24.98,360,74303.11,67012.5,0.0,5,2,19,15
96.0,122,103377.26,100440.38,0.0,5,2,7,8
96.0,240,71462.06,71492.73,0.0,4,2,47,4
1.0,240,22420.64,26538.36,0.1551610574,3,4,49,8
88.0,300,28725.85,30188.93,0.0,4,2,21,12
5.0,228,12549.08,15174.31,0.173004901,3,4,71,2
2.0,300,0.0,48732.17,1.0,4,2,21,3
1.0,240,0.0,77521.22,0.745885286,5,2,27,19
93.0,240,161749.52,156729.32,0.0,5,2,20,3
2.0,204,8242.56,26217.07,0.8625064889,4,3,22,34
24.98,120,84850.11,106275.45,0.0,5,2,8,12
24.98,240,41699.36,42240.69,0.0,5,2,11,7
6.0,300,0.0,49501.93,1.0,4,2,18,1
94.0,240,18211.82,18658.72,0.9344140434,3,2,20,35
32.0,240,0.0,47234.93,1.0,5,2,23,1
1.0,236,21249.77,9872.05,0.9813605077,3,2,28,40
94.0,234,14450.08,17371.26,0.9283229887,3,4,21,37
2.0,240,32862.74,32873.83,0.0003373504,4,2,31,2
24.98,240,57747.55,55073.55,0.0,5,2,7,4
1.0,360,45035.56,39938.61,0.0,5,2,8,11
24.98,222,13455.71,4813.57,0.9878094637,3,2,28,39
1.0,360,0.0,71572.86,0.814984227,5,2,17,35
3.0,360,0.0,120826.3,1.0,5,2,15,6
9.0,300,83047.67,78925.51,0.0,4,2,13,10
90.0,221,26174.86,20042.98,0.9458019716,3,4,31,33
7.0,240,0.0,21376.31,0.5672884098,5,2,16,34
5.0,240,139503.42,139035.52,0.0,5,2,14,1
1.0,240,0.0,54834.66,1.0,5,2,38,3
94.0,224,12455.41,17840.36,0.8907589309,3,2,17,55
89.0,72,0.0,1656.53,0.4353611453,4,1,22,50
24.98,240,19636.06,20422.39,0.0,5,2,35,13
24.98,236,10050.01,7460.58,0.9677102853,3,2,15,29
24.98,240,68734.5,100096.0,0.6837429558,5,2,14,34
24.98,180,62986.46,72181.11,0.0,5,2,11,13
1.0,240,0.0,41708.76,0.8598346433,4,2,23,12
24.98,222,11436.94,4309.11,0.9258361936,3,2,18,47
1.0,240,10581.74,11589.52,0.0,3,2,36,19
1.0,240,0.0,79672.57,1.0,1,2,71,20
94.0,240,21303.09,27813.61,0.9170542767,3,4,8,48
76.0,240,85210.64,74782.18,0.0,5,2,29,21
8.0,300,75150.87,72722.88,0.0,4,2,12,6
3.0,240,44287.47,41139.48,0.0,1,2,85,6
1.0,300,87618.79,89863.83,0.0249826877,4,2,13,7
23.0,240,19221.72,19934.16,0.9625095815,3,2,19,42
1.0,234,13511.21,14117.12,0.9617089038,3,2,14,60
1.0,228,15265.93,18402.81,0.9330314229,3,4,39,27
0.0,233,20769.08,24013.38,0.9614023515,3,4,32,28
24.98,120,60596.8,56421.62,0.0,5,2,29,6
83.0,240,59239.72,56507.52,0.0,4,2,27,5
25.0,360,0.0,133614.6,1.0,5,2,11,2
24.98,218,14775.19,9498.82,0.9348140085,3,4,17,32
1.0,240,10116.95,11135.84,0.0,3,2,42,14
0.0,180,0.0,145432.87,0.6123906697,5,2,23,1
1.0,240,26235.6,26567.31,1.0,3,4,21,38
55.0,240,0.0,157527.25,1.0,5,2,38,1
29.0,300,0.0,219732.15,1.0,5,2,16,1
1.0,240,51825.57,117226.33,0.0,5,2,10,23
1.0,360,0.0,422447.54,1.0,5,2,13,1
1.0,240,0.0,41835.55,1.0,4,2,53,18
0.0,300,0.0,44406.72,0.8574295691,4,2,13,8
1.0,240,0.0,29559.84,1.0,4,2,45,5
24.98,119,25468.91,35198.04,0.5902174721,5,2,13,36
0.0,360,184599.76,166570.17,0.0,5,2,21,8
94.0,120,42793.66,38961.01,0.0,5,2,17,15
24.98,240,109202.69,89499.99,0.0,5,2,30,17
8.0,225,11346.02,11558.04,0.0,3,2,46,22
61.0,360,0.0,102378.84,1.0,5,2,22,1
87.0,230,7421.41,11425.6,0.9195595855,3,4,19,61
94.0,230,13652.86,15965.84,0.9192125187,3,2,23,53
94.0,236,8104.39,11880.18,0.8639288294,3,4,26,40
5.0,216,10368.95,12598.67,0.176980586,3,4,48,6
1.0,240,74426.47,62626.81,0.0,5,2,22,15
1.0,198,0.0,56166.61,1.0,5,2,27,4
24.98,120,31492.26,32148.76,0.0204206943,5,2,7,2
26.0,300,95578.59,92156.63,0.0,4,2,16,7
0.0,240,0.0,341330.29,1.0,5,2,26,11
0.0,240,0.0,79382.44,1.0,4,2,39,9
24.98,360,119704.59,128119.23,0.0,5,2,11,22
1.0,180,0.0,19423.98,0.6576637515,5,2,21,1
94.0,360,0.0,93940.61,1.0,5,2,20,4
1.0,180,0.0,96024.13,1.0,5,2,23,13
2.0,240,15171.91,15433.88,0.0,4,2,29,0
24.98,281,0.0,59835.77,1.0,4,2,9,5
1.0,240,49252.4,49129.21,0.0,4,2,11,0
85.0,240,63300.03,64058.63,0.0118422764,4,2,47,1
1.0,240,42258.76,42411.4,0.7357973717,5,2,14,27
5.0,300,0.0,70334.26,1.0,4,2,14,1
77.0,240,42394.08,42720.33,0.0,4,2,27,1
2.0,240,0.0,72578.8,1.0,4,2,50,4
71.0,240,65035.12,77111.94,0.0,1,2,77,11
2.0,240,0.0,73124.57,0.0,5,2,17,19
1.0,240,60812.7,56679.89,0.0,5,2,55,6
2.0,240,46732.92,52446.96,0.7581974291,5,2,15,49
24.98,360,113445.8,110276.49,0.0,5,2,9,3
38.0,360,0.0,212826.66,1.0,5,2,25,0
1.0,360,136415.14,116340.42,0.0,5,2,11,14
1.0,240,0.0,66487.27,1.0,5,2,49,11
1.0,300,0.0,122255.66,1.0,5,2,13,21
3.0,240,0.0,61282.9,1.0,4,2,32,8
96.0,300,0.0,43138.53,1.0,4,2,34,1
1.0,240,88384.75,86635.35,0.0,5,2,20,3
7.0,120,6449.27,13649.19,0.6332901438,4,3,22,62
18.0,360,24671.59,95181.97,0.7407955519,5,2,20,10
1.0,240,10009.05,11859.46,0.9622849607,3,2,24,34
10.0,300,0.0,56920.25,1.0,4,2,22,2
5.0,300,0.0,89474.75,1.0,4,2,21,2
4.0,236,21260.47,10914.99,0.0,3,2,55,13
46.0,240,0.0,69503.96,0.7572166481,5,2,12,30
24.98,240,171246.89,172815.62,0.0090774781,5,2,32,1
16.0,234,21279.26,28363.08,0.8858382094,3,4,24,36
2.0,240,0.0,54670.02,0.0,4,2,25,10
31.0,180,0.0,60866.19,1.0,5,2,37,5
1.0,240,250623.0,228867.11,0.0,5,2,10,14
1.0,240,0.0,35202.69,1.0,4,2,50,4
2.0,240,0.0,108547.04,1.0,5,2,14,6
24.98,240,24064.24,22244.42,0.0,4,2,10,9
24.98,228,13469.95,18417.65,0.9050926693,3,4,38,28
24.98,110,303924.15,285826.87,0.0,5,2,15,4
96.0,240,31215.65,31510.35,0.0,4,2,42,1
0.0,360,130448.52,123315.01,0.0,5,2,15,5
70.0,200,9106.96,10629.46,0.9459219942,3,4,21,58
75.0,230,7421.14,11425.6,0.9020734141,3,4,19,61
8.0,180,0.0,33237.85,1.0,5,2,55,1
94.0,240,11056.49,11451.67,0.9280166124,3,2,25,30
3.0,240,46281.33,60865.77,0.7253650343,5,2,19,40
3.0,360,0.0,126899.39,1.0,5,2,36,2
24.98,218,14774.94,9484.36,0.9345670135,3,4,17,32
93.0,218,28176.64,24594.63,0.0,3,4,39,17
24.98,300,32595.45,32201.74,0.0,4,2,8,2
71.0,300,0.0,66026.59,1.0,4,2,25,1
8.0,300,0.0,56001.88,1.0,4,2,13,1
1.0,360,108416.31,108809.44,0.0036130137,5,2,16,11
4.0,300,47346.98,45361.81,0.0,4,2,21,8
1.0,300,0.0,88886.25,1.0,4,2,12,4
1.0,223,12698.85,7672.62,1.0,3,2,39,30
1.0,220,5686.83,6663.18,0.8854736027,3,2,56,27
49.0,240,174381.05,163877.65,0.6907949542,5,2,23,31
18.0,240,113635.53,96986.07,0.6156881966,5,2,21,25
13.0,218,33155.49,17806.97,0.9079175177,3,4,24,40
24.98,300,0.0,78952.08,1.0,4,2,12,2
87.0,240,109291.36,112158.97,0.0,5,2,21,1
11.0,300,0.0,82375.27,1.0,4,2,14,1
75.0,240,25855.29,26628.83,0.9705540949,3,4,13,46
22.0,300,0.0,34648.29,1.0,4,2,20,17
0.0,240,90438.53,70070.95,1.0,4,2,24,27
0.0,228,20656.76,24128.66,1.0,3,2,28,30
1.0,240,86486.47,69070.88,0.0,4,2,26,22
94.0,224,14956.45,17840.36,0.8907589309,3,2,17,55
1.0,300,0.0,51820.12,1.0,4,2,21,9
1.0,360,344954.36,266904.93,0.0,5,2,7,22
24.98,228,38519.48,39376.43,0.8318144574,4,2,19,27
2.0,240,18211.81,18667.65,0.9375020423,3,2,20,35
24.98,240,78152.51,78790.04,0.0,5,2,18,7
48.0,300,40321.69,41590.52,0.0305076734,4,2,12,6
1.0,240,0.0,72801.4,0.7112853888,1,2,35,3
1.0,120,0.0,47959.03,0.8119795095,5,2,41,2
94.0,240,11054.51,11501.09,0.0,3,2,31,24
0.0,300,97626.9,84673.84,0.0,5,2,24,17
24.98,240,127480.42,115542.91,0.0,5,2,15,9
0.0,360,0.0,184543.7,1.0,5,2,18,1
2.0,240,22008.82,28036.53,0.0,3,4,34,23
5.0,234,19877.05,23084.37,0.9709742999,3,4,26,33
0.0,240,19170.13,21948.29,0.1265775147,4,2,68,2
2.0,239,0.0,75683.52,1.0,5,2,10,8
24.98,240,61874.19,59869.69,0.0,5,2,30,3
5.0,360,0.0,295679.04,1.0,5,2,10,7
2.0,240,21296.85,21604.66,0.0,4,2,17,3
4.0,230,8256.85,9612.49,0.9158032934,3,2,28,52
4.0,240,0.0,56574.7,1.0,5,2,53,1
56.0,240,17535.07,20746.78,0.8807940317,3,2,24,34
0.0,240,0.0,103549.64,0.7046840141,5,2,18,7
1.0,300,0.0,62132.88,0.0,4,2,15,10
96.0,240,0.0,59466.76,0.0,5,2,43,22
76.0,240,32003.25,31519.99,0.0,4,2,38,12
10.0,204,0.0,20885.63,0.7390489514,4,3,40,15
18.0,234,13510.61,14117.12,0.9617089038,3,2,14,60
96.0,240,0.0,44707.21,1.0,5,2,54,3
24.98,236,16103.55,17302.91,0.0693155082,3,2,67,7
24.98,240,61572.51,59354.57,0.0,4,2,37,23
0.0,240,110344.05,77884.48,0.7453460195,5,2,24,39
1.0,144,59157.88,60881.23,0.028306754,5,2,27,5
4.0,240,51530.93,55347.23,0.0,5,2,24,5
44.0,229,15884.08,18004.48,0.9222365767,3,2,23,51
56.0,240,195308.23,191875.85,0.0,1,2,40,5
5.0,132,82134.29,84250.97,0.0,5,2,31,2
90.0,221,26175.89,20060.46,0.9412949653,3,4,31,33
13.0,240,0.0,86124.14,0.7243759247,4,2,24,26
56.0,240,50148.73,49956.42,0.0,4,2,10,9
1.0,240,115172.78,109290.34,0.0,5,2,25,11
15.0,360,0.0,98221.08,1.0,5,2,14,1
8.0,300,0.0,89458.81,1.0,4,2,23,4
77.0,240,50859.19,50331.7,0.0,4,2,50,10
24.98,218,28572.13,16594.12,0.9583280102,3,2,29,46
85.0,240,0.0,60863.28,1.0,4,2,33,1
70.0,236,3620.6,5211.93,0.8949448669,3,4,52,26
17.0,240,0.0,59079.71,1.0,5,2,63,0
1.0,240,0.0,42820.51,1.0,5,2,44,19
56.0,240,33044.57,34467.61,0.0,4,2,27,8
2.0,53,0.0,16679.28,1.0,5,2,51,2
18.0,260,0.0,49685.65,1.0,4,2,17,1
24.98,293,0.0,53979.48,1.0,5,2,7,1
24.98,60,0.0,15931.0,0.344929239,1,2,25,2
14.0,300,0.0,54749.87,1.0,4,2,23,4
17.0,240,0.0,111326.76,0.6662873965,5,2,12,9
1.0,236,21260.47,10919.19,1.0,3,2,43,25
9.0,180,126151.58,144588.37,0.1275122612,5,2,76,1
1.0,240,0.0,35886.9,1.0,5,2,30,2
24.98,240,26316.67,26420.87,1.0,3,4,26,29
24.98,228,57352.63,50382.45,0.0,5,2,38,8
1.0,240,20753.82,18094.17,0.9871759799,3,4,23,39
2.0,237,277933.19,275945.65,0.0,5,2,39,1
1.0,240,0.0,96039.95,1.0,5,2,21,9
24.98,236,16120.98,19306.52,0.9126958147,3,2,16,63
1.0,310,0.0,484579.95,1.0,5,2,7,6
1.0,240,17378.52,19302.79,0.9949359652,3,2,41,26
1.0,240,25370.69,26624.64,1.0,3,4,15,44
18.0,240,133958.95,131373.15,0.0,5,2,13,4
4.0,240,10513.0,9011.47,0.0,3,4,35,18
0.0,240,0.0,97797.32,1.0,5,2,16,8
0.0,240,0.0,188524.55,0.8346096706,5,2,8,3
24.98,240,47505.75,85942.98,0.6843023167,5,2,13,39
5.0,240,0.0,17962.18,0.0,4,2,21,24
5.0,300,38654.86,38362.55,0.0,4,2,13,5
15.0,240,0.0,69601.82,1.0,5,2,37,2
1.0,236,8781.31,12046.3,0.9956932834,3,4,24,40
24.98,240,178219.36,161406.61,0.0,5,2,11,8
1.0,300,101542.59,98118.93,0.0,4,2,7,6
94.0,240,18738.77,18760.77,0.0011726598,4,2,42,4
1.0,228,24895.45,14104.0,0.8894030062,3,4,14,60
56.0,240,0.0,66586.31,0.6968454222,5,2,19,14
39.0,300,0.0,74750.38,1.0,4,2,16,1
2.0,204,28416.63,32815.96,0.1340606827,4,3,45,9
24.98,228,13946.27,16506.96,0.1551278976,3,4,70,1
0.0,240,0.0,168130.26,1.0,5,2,37,18
24.98,240,81785.05,89450.99,0.08569989,5,2,35,1
18.0,300,0.0,31080.98,1.0,4,2,27,4
24.98,221,33287.43,26590.03,0.0,3,4,36,22
82.0,240,91231.99,89964.99,0.0,5,2,32,2
0.0,234,21345.37,15221.36,0.9786779894,3,2,18,40
24.98,222,11945.14,5529.58,0.9374636048,3,2,20,50
30.0,229,15067.11,17982.23,0.9672443295,3,2,23,60
17.0,180,105830.16,165927.28,0.3621895086,5,2,29,19
22.0,120,33416.84,42383.84,0.2115664838,1,2,13,7
24.98,60,23193.67,22518.43,0.0,5,2,33,2
1.0,236,14260.36,14411.64,0.9840365149,3,2,26,57
1.0,231,7856.23,9554.09,0.818812676,3,2,49,29
1.0,204,0.0,40170.26,1.0,4,3,72,9
1.0,240,0.0,59669.78,1.0,4,2,20,6
1.0,216,6427.31,7181.63,0.1050346509,3,4,40,13
41.0,230,8256.88,9742.54,0.9118843751,3,2,28,52
1.0,360,0.0,210003.84,1.0,5,2,15,13
24.98,236,19917.92,19282.07,0.9316971674,3,2,16,57
24.98,240,34835.38,38675.33,0.0,1,2,26,16
94.0,240,10160.54,10616.97,0.0429906084,3,2,51,3
1.0,220,13170.43,11382.38,0.9463486547,3,4,18,61
2.0,144,94522.74,121215.21,0.6582819631,5,2,18,34
24.98,300,36413.19,37005.22,0.0,4,2,9,13
1.0,300,0.0,41881.21,1.0,5,2,15,1
8.0,225,11347.66,11558.09,0.0,3,2,46,22
56.0,230,13655.11,15975.48,0.9054807743,3,2,23,53
1.0,360,76910.9,72423.65,0.0,5,2,34,5
0.0,240,80485.35,62904.11,0.0,4,2,58,20
94.0,232,15236.44,18143.08,0.9082063244,3,2,24,59
24.98,230,24270.62,4740.99,0.832887224,3,4,7,64
1.0,240,10726.24,11392.94,1.0,3,4,25,30
18.0,360,0.0,105543.62,1.0,5,2,23,1
9.0,100,0.0,48643.59,1.0,5,2,35,1
1.0,360,0.0,167683.31,1.0,5,2,11,2
8.0,360,0.0,277451.49,1.0,5,2,9,11
56.0,240,11428.52,65030.35,0.7274748623,5,2,15,55
11.0,263,0.0,49977.5,1.0,4,2,23,3
9.0,218,32687.66,15675.62,0.9217109116,3,4,22,43
0.0,350,0.0,82718.2,1.0,5,2,24,2
14.0,300,0.0,55095.94,1.0,4,2,24,1
0.0,240,10161.07,11403.55,0.1089555445,3,2,35,19
24.98,326,51154.76,50348.66,0.0,5,2,22,1
26.0,360,0.0,160544.13,1.0,5,2,15,18
24.98,240,10287.16,10602.57,0.0,4,2,34,5
24.98,240,74135.1,79652.95,0.0590499242,4,2,25,2
1.0,340,0.0,73837.51,1.0,5,2,15,13
2.0,240,0.0,29468.04,1.0,5,2,39,8
24.98,300,95208.45,93425.95,0.0,4,2,10,4
24.98,300,0.0,52451.55,1.0,4,2,13,1
4.0,300,0.0,80481.06,1.0,4,2,14,3
24.98,240,19368.48,20982.78,0.0,3,2,28,19
56.0,240,83459.3,91893.75,0.7755430005,4,2,24,29
1.0,240,10220.42,11357.72,0.100134534,3,2,36,18
95.0,240,43275.03,46874.07,0.0,5,2,33,24
1.0,240,16278.97,18987.22,0.9441355817,3,2,31,54
4.0,234,15900.12,19938.17,0.8864113407,3,2,29,45
1.0,240,35528.98,35514.24,0.0,3,4,41,14
56.0,240,0.0,39372.65,0.0,4,2,7,19
1.0,300,65130.01,65128.23,0.0,4,2,8,2
1.0,234,14892.43,16011.93,0.9859916949,3,2,21,59
45.0,240,40323.42,74120.96,0.7624923533,4,2,19,30
94.0,240,11055.52,11493.66,0.0,3,2,31,24
1.0,300,0.0,25524.14,1.0,4,2,22,9
38.0,240,145206.24,149048.95,0.0,5,2,10,1
5.0,120,36689.99,34705.4,0.0,5,2,47,3
96.0,236,8280.93,11694.09,0.86362342,3,4,27,35
5.0,235,0.0,81666.1,0.7758626034,5,2,29,6
1.0,223,0.0,40036.25,1.0,5,2,39,14
49.0,300,44395.86,40981.74,0.0,4,2,21,14
93.0,240,29841.76,29733.39,0.0,5,2,26,1
61.0,300,0.0,32734.84,1.0,4,2,25,3
18.0,300,0.0,40099.4,1.0,4,2,19,0
1.0,300,0.0,84164.91,1.0,4,2,10,9
2.0,360,192232.03,181489.64,0.0,5,2,31,7
24.98,240,41587.84,29723.48,0.7469585017,4,2,11,43
1.0,300,0.0,48822.65,1.0,4,2,15,7
24.98,300,0.0,105542.2,1.0,5,2,7,2
2.0,240,72655.59,79335.43,0.0841974386,4,2,51,3
94.0,300,0.0,54094.19,1.0,4,2,31,1
1.0,222,13455.71,4880.57,0.9717614951,3,2,27,40
1.0,236,21249.81,10598.72,1.0,3,2,43,25
2.0,180,47424.89,53942.76,0.0,5,2,11,15
24.98,225,16828.9,19448.4,0.9619845334,3,2,45,35
24.98,300,0.0,36195.92,1.0,4,2,10,1
0.0,360,0.0,121315.52,1.0,5,2,13,2
1.0,240,26238.24,26534.59,0.973155794,3,4,20,38
24.98,300,61731.17,59807.26,0.0,5,2,17,4
94.0,360,0.0,89615.77,1.0,5,2,35,1
24.98,240,197768.35,196290.6,0.0,5,2,21,0
19.0,240,225802.32,229662.55,0.0,5,2,15,1
24.98,360,201685.32,222576.5,0.0938606726,5,2,12,6
90.0,240,43544.06,40532.55,0.0,4,2,26,14
1.0,230,10496.9,11646.56,0.9413097086,3,4,38,46
26.0,240,0.0,48376.5,1.0,5,2,61,1
77.0,240,34344.37,37011.15,0.0720534217,4,2,27,1
26.0,240,104479.0,106144.82,0.0,5,2,24,1
93.0,240,24442.97,25188.82,0.0,5,2,37,18
22.0,234,13510.56,14117.12,0.9617089038,3,2,14,60
0.0,167,172172.2,151944.77,0.0,5,2,20,9
40.0,240,15214.32,18002.56,0.7926868718,4,2,17,37
24.98,360,0.0,111050.47,1.0,5,2,15,0
94.0,235,8552.62,11267.84,0.9059961803,3,2,35,51
24.98,180,56273.0,55935.27,0.0,5,2,39,6
1.0,239,0.0,72633.27,0.7767446054,4,2,36,10
1.0,240,9986.99,11522.64,0.1332724098,3,2,34,23
0.0,240,237674.41,198564.44,0.0,5,2,13,16
10.0,300,0.0,72210.35,1.0,4,2,20,1
1.0,234,21348.08,15211.13,0.9803249331,3,2,18,40
0.0,360,0.0,103769.59,1.0,5,2,15,9
24.98,240,39311.06,45152.0,0.0,4,2,22,14
1.0,240,6198.85,8376.23,0.8709562655,3,4,32,28
0.0,240,76567.45,67607.9,0.0,5,2,29,11
4.0,240,0.0,58438.1,1.0,4,2,33,5
94.0,240,55800.15,55086.12,0.0,5,2,16,7
0.0,240,56143.55,39598.45,0.978826422,5,2,19,30
5.0,240,0.0,95160.54,1.0,4,2,8,2
24.98,180,51512.32,51398.75,0.0,5,2,19,0
24.98,180,28831.01,41921.85,0.0,5,2,17,13
24.98,204,132575.56,87361.0,1.0,4,3,19,31
45.0,240,60012.81,62376.7,0.0378970032,5,2,58,8
1.0,240,10220.42,11848.53,0.9305989857,3,2,23,31
0.0,360,265909.81,226098.54,0.0,5,2,7,14
71.0,300,0.0,64236.17,1.0,4,2,21,1
24.98,240,66412.82,63919.49,0.0,5,2,13,4
94.0,230,20377.71,22011.42,0.9156751359,3,2,28,31
96.0,360,0.0,150426.93,1.0,5,2,18,2
4.0,300,0.0,59526.01,1.0,4,2,17,3
2.0,240,164190.38,159022.42,0.0,5,2,38,2
60.0,240,0.0,38804.71,1.0,4,2,18,8
0.0,360,275753.13,269000.24,0.0,5,2,17,3
70.0,300,0.0,55791.47,1.0,4,2,21,2
1.0,60,0.0,154646.06,1.0,5,2,19,19
29.0,240,0.0,149745.09,0.7313619213,5,2,12,25
1.0,240,0.0,103255.86,1.0,4,2,19,23
0.0,337,350754.65,288863.6,0.0,5,2,8,16
1.0,300,58696.6,56048.26,0.0,4,2,21,7
90.0,221,26175.06,20042.98,0.9451793097,3,4,31,33
24.98,240,118670.06,117354.57,0.0,5,2,24,6
96.0,240,36113.87,38033.03,0.0,5,2,28,2
1.0,257,0.0,49467.32,0.8396775651,4,2,9,15
18.0,260,0.0,57915.57,1.0,4,2,22,1
24.98,300,144706.84,142263.79,0.0,5,2,13,0
49.0,300,0.0,50295.23,1.0,4,2,16,1
24.98,222,13455.71,4880.64,0.9717619001,3,2,27,40
90.0,240,10009.06,11378.27,0.0,3,2,35,23
96.0,300,0.0,28532.23,1.0,4,2,16,5
21.0,240,76118.11,77280.62,0.0,5,2,15,1
2.0,300,88662.74,84386.07,0.0,4,2,23,8
1.0,240,0.0,24448.43,1.0,4,2,46,17
0.0,360,166990.47,135899.88,0.0,5,2,8,21
1.0,222,11450.79,4283.61,0.9247177031,3,2,14,51
0.0,240,78473.64,67197.99,0.0,5,2,24,15
8.0,240,68700.23,69766.55,0.0,5,2,38,2
1.0,228,24408.02,14104.0,0.8959422859,3,4,14,60
1.0,220,12908.18,11390.42,0.9314827724,3,4,18,61
24.98,205,69130.07,61337.43,0.0,5,2,28,9
24.98,204,45544.9,50864.3,0.0,4,3,37,18
3.0,180,49159.04,52429.88,0.0623850369,5,2,12,12
1.0,240,58888.02,75451.98,0.6813851043,5,2,16,41
79.0,360,0.0,119289.1,0.707400485,5,2,25,8
1.0,300,39467.3,38675.05,0.0,4,2,10,2
96.0,233,18059.65,21378.21,0.1552309571,3,4,55,5
0.0,240,0.0,76380.32,1.0,5,2,26,24
0.0,240,0.0,87527.94,1.0,5,2,23,4
0.0,240,141448.15,133682.64,0.0,5,2,8,6
24.98,300,0.0,54045.81,1.0,4,2,12,3
4.0,240,0.0,22751.34,0.7546522894,4,2,17,5
24.98,153,23806.84,14890.0,0.6175977166,3,4,14,60
14.0,240,0.0,47037.76,1.0,4,2,30,4
24.98,60,2559.53,8901.21,0.0,1,2,35,21
18.0,348,52767.45,57440.55,0.0,5,2,21,18
24.98,236,10027.14,7460.58,0.9677102853,3,2,15,29
1.0,180,0.0,100049.13,1.0,4,2,27,4
96.0,360,0.0,85449.6,1.0,5,2,17,1
12.0,240,0.0,146468.56,0.7472902372,5,2,15,32
1.0,240,10578.62,11864.45,0.1083767052,3,2,34,21
1.0,120,265692.36,272812.71,0.0,1,2,10,20
24.98,240,36568.92,39783.51,0.0,5,2,35,14
24.98,240,119752.96,117366.93,0.0,5,2,49,1
1.0,240,0.0,105723.38,1.0,5,2,43,1
24.98,240,106746.62,94022.0,0.0,5,2,22,17
24.0,300,55445.5,55962.35,0.0092356736,4,2,13,1
1.0,240,101836.78,81855.55,0.9821584669,4,2,17,34
1.0,240,0.0,54271.79,0.8029819092,5,2,30,4
24.98,300,0.0,41488.39,1.0,4,2,8,10
94.0,236,7337.48,11471.68,0.8892115191,3,4,30,47
24.98,360,0.0,94022.07,1.0,5,2,13,3
24.98,180,347070.37,295068.82,0.0,5,2,24,12
64.0,240,60350.29,60916.78,0.0,4,2,14,0
24.98,180,15369.42,15097.72,0.0,5,2,26,1
5.0,240,159274.85,153694.83,0.0,5,2,12,3
1.0,180,0.0,47038.27,1.0,5,2,35,5
1.0,300,0.0,69768.96,1.0,5,2,16,4
87.0,360,116376.0,117979.46,0.0,5,2,18,1
94.0,216,8326.88,10586.27,0.8884167889,3,4,15,49
2.0,240,123282.5,132907.03,0.0,5,2,23,24
24.98,229,18450.0,18016.95,0.0,3,2,25,10
24.98,240,33032.7,27937.23,0.0,5,2,29,14
94.0,236,9347.59,10958.25,0.9148723564,3,4,7,64
3.0,180,0.0,57598.49,0.7101186392,5,2,14,28
1.0,348,227447.64,243637.69,0.066451336,5,2,17,5
1.0,240,0.0,29656.58,1.0,4,2,57,14
1.0,240,0.0,72434.45,1.0,4,2,26,34
1.0,116,17221.12,10955.59,0.8861056319,3,4,15,49
4.0,240,36558.41,35717.69,0.0,4,2,42,16
8.0,240,0.0,97430.83,1.0,5,2,47,3
4.0,240,0.0,39461.19,0.7788761628,4,2,30,15
24.98,240,80927.75,79189.48,0.0,5,2,14,1
64.0,240,88864.05,92590.33,0.0,5,2,25,8
0.0,240,126116.42,122090.83,0.0,5,2,38,3
2.0,300,0.0,82576.37,1.0,4,2,15,2
4.0,240,0.0,56575.93,0.7395604778,5,2,32,2
94.0,240,22932.78,23212.97,0.0120704072,4,2,46,2
0.0,240,89274.25,71880.66,0.0,5,2,27,19
1.0,240,146964.86,81929.95,1.0,4,2,23,52
3.0,360,0.0,94825.62,0.7546087017,5,2,11,4
13.0,240,19124.35,19764.23,0.962235311,3,2,23,38
0.0,360,73602.77,73516.15,0.0,5,2,20,1
5.0,360,0.0,86380.16,1.0,5,2,16,1
0.0,240,91324.35,67644.28,1.0,5,2,13,26
94.0,240,32017.25,31785.47,0.0,4,2,39,5
23.0,180,83516.7,86923.59,0.0391940784,4,2,29,1
56.0,230,11483.45,13838.6,0.9192902461,3,4,33,29
2.0,225,11346.01,11568.37,0.0192213769,3,2,46,22
15.0,218,32664.82,15792.89,0.891283356,3,4,22,43
14.0,240,0.0,28380.0,0.7768005183,4,2,16,14
1.0,222,11449.99,4293.09,0.9116906471,3,2,13,52
55.0,228,13471.64,17541.88,0.1342860628,3,4,42,24
0.0,360,0.0,78393.36,1.0,5,2,23,7
24.98,240,81582.11,80200.99,0.0,5,2,26,2
88.0,240,0.0,68764.09,1.0,4,2,27,1
24.98,240,79337.65,64088.64,0.0,4,2,30,21
1.0,222,8033.53,7680.88,1.0,3,2,39,30
1.0,240,0.0,186805.03,1.0,5,2,10,1
5.0,360,173406.22,189706.01,0.0,5,2,12,15
24.98,250,58393.92,55256.36,0.0,4,2,21,8
38.0,360,0.0,104771.7,1.0,5,2,16,7
24.98,300,0.0,69425.48,1.0,4,2,10,1
45.0,240,0.0,66537.15,1.0,4,2,31,1
29.0,300,0.0,60104.9,1.0,4,2,34,2
75.0,146,63884.36,63851.63,0.0,5,2,31,3
2.0,240,0.0,18626.07,0.7376998048,5,2,20,1
0.0,300,0.0,25894.25,1.0,4,2,16,3
20.0,234,9861.54,12808.94,0.9080649921,3,2,22,59
3.0,240,0.0,28452.55,1.0,4,2,28,7
24.98,360,125024.93,122132.86,0.0,5,2,25,5
24.98,300,0.0,72944.13,1.0,4,2,7,2
2.0,229,15146.53,18849.75,0.9045913076,3,2,40,43
5.0,180,0.0,50507.85,1.0,5,2,34,9
1.0,360,117986.77,104004.38,0.0,5,2,16,9
2.0,360,0.0,201157.58,1.0,5,2,15,3
24.98,240,44586.32,49477.36,0.0,4,2,49,8
73.0,240,74828.84,77863.21,0.0,5,2,27,2
24.98,240,33035.26,33327.41,0.0,4,2,32,19
24.98,201,101917.01,84166.62,0.0,1,2,37,11
24.98,240,55726.62,52651.13,0.0,5,2,42,6
1.0,300,51210.71,51999.39,0.015167101,4,2,12,1
0.0,120,0.0,54858.35,0.5993770201,5,2,17,3
24.98,300,66882.23,65172.69,0.0,4,2,11,5
1.0,300,0.0,53219.93,1.0,4,2,23,20
1.0,300,62520.25,62771.25,0.0039986459,5,2,28,16
24.98,240,5326.55,41824.47,0.5914156799,1,2,29,22
1.0,176,0.0,67165.85,1.0,4,2,9,22
24.98,360,89045.29,99046.3,0.0,4,2,26,16
9.0,240,0.0,100998.5,0.7116896875,5,2,32,17
1.0,360,0.0,139450.85,1.0,5,2,18,3
1.0,240,0.0,114506.33,1.0,5,2,41,3
1.0,240,7633.64,5602.95,0.8961118696,3,2,17,55
44.0,240,68061.58,67936.69,0.0,1,2,26,1
24.98,240,99212.02,97938.09,0.0,5,2,49,1
24.98,234,34770.73,22122.28,0.9921730095,4,2,24,47
94.0,240,22663.29,22902.51,0.0,4,2,27,1
0.0,300,112379.49,95311.36,0.0,5,2,9,17
5.0,240,0.0,27629.05,1.0,5,2,55,3
24.98,222,13116.06,7128.69,0.9429740948,3,2,41,30
3.0,300,59377.1,64329.23,0.076981024,4,2,18,8
8.0,240,96830.73,98466.91,0.0,4,2,13,3
2.0,360,119292.29,110581.64,0.0,5,2,19,7
94.0,221,33294.41,26485.18,0.0,3,4,37,21
1.0,240,198709.97,190040.21,0.0,5,2,35,3
70.0,232,15189.3,18051.06,0.916583846,3,2,24,59
4.0,300,64173.69,60836.85,0.0,4,2,7,9
2.0,120,45900.8,45575.65,0.0,1,2,31,2
2.0,240,0.0,69021.45,1.0,5,2,45,7
96.0,240,60398.78,56853.87,0.0,5,2,10,3
0.0,175,0.0,33689.61,0.3265913448,1,2,112,20
1.0,228,24879.11,14117.0,0.8835276617,3,4,14,60
5.0,240,10161.44,11929.37,0.8879915704,3,2,23,31
24.0,240,0.0,291140.62,1.0,5,2,10,20
2.0,84,37615.31,40194.22,0.0,1,2,32,4
1.0,236,21260.47,9860.0,0.9744401623,3,2,28,40
24.98,240,16440.3,15101.88,0.0,4,2,46,10
0.0,240,0.0,48205.78,1.0,4,2,23,3
25.0,240,0.0,145069.14,1.0,5,2,31,2
1.0,218,28572.16,16566.31,0.9505001416,3,2,29,46
94.0,234,11789.63,14864.92,0.8593863943,3,2,31,43
24.98,360,0.0,120266.03,1.0,5,2,12,3
1.0,240,0.0,43997.99,0.7387080226,1,2,81,63
93.0,234,9792.86,12331.52,0.8799555935,3,2,40,41
15.0,207,0.0,99708.81,0.6774781058,5,2,16,5
1.0,240,0.0,74383.14,1.0,4,2,36,3
94.0,225,19560.93,14801.78,0.9217918385,3,4,22,26
0.0,300,0.0,52922.89,1.0,4,2,28,6
9.0,180,0.0,96557.72,0.4981771784,1,2,92,6
1.0,240,0.0,14231.37,0.8322951304,4,2,18,13
1.0,240,38928.34,23727.0,1.0,1,2,59,27
29.0,300,0.0,62317.01,1.0,4,2,12,5
2.0,218,32616.82,15691.5,0.9175419813,3,4,22,43
1.0,300,0.0,57680.63,1.0,4,2,16,5
1.0,236,7026.61,6224.99,1.0,3,4,25,57
8.0,240,77255.66,76346.4,0.0,4,2,29,2
24.98,300,69389.3,71453.31,0.0288861356,4,2,10,3
1.0,230,20374.99,22011.42,0.9270097068,3,2,28,31
24.98,290,39771.82,39171.87,0.0,5,2,16,1
2.0,240,19221.72,19904.65,0.9705812461,3,2,19,42
4.0,240,0.0,93018.52,1.0,5,2,41,0
85.0,240,45119.06,44256.75,0.0,4,2,30,4
1.0,240,9124.88,8019.4,1.0,3,4,19,34
38.0,300,138088.1,129778.82,0.0,5,2,20,5
2.0,240,0.0,167734.59,1.0,5,2,33,1
85.0,240,0.0,47301.39,1.0,4,2,18,3
1.0,204,0.0,15774.51,0.7312833521,4,3,42,11
1.0,300,0.0,119521.74,1.0,5,2,18,8
1.0,300,61090.28,56814.35,0.0,4,2,20,12
18.0,360,0.0,57855.27,1.0,5,2,10,1
0.0,240,55802.48,53102.62,0.0,5,2,33,13
56.0,236,21262.15,10825.88,0.9672774869,3,2,39,29
1.0,228,13316.54,16097.92,0.1727788435,3,4,55,15
89.0,120,0.0,16580.48,0.359533216,2,2,75,45
24.98,360,148273.16,152379.13,0.0269457504,4,2,25,3
6.0,300,0.0,63214.18,1.0,4,2,21,0
93.0,230,20374.99,22268.3,0.9082067333,3,2,28,31
1.0,240,0.0,47129.22,0.6925474179,1,2,34,3
72.0,240,67897.17,79707.24,0.0,5,2,14,21
0.0,240,0.0,58392.96,1.0,4,2,29,7
52.0,255,0.0,58002.05,1.0,4,2,15,1
94.0,180,37872.57,36166.72,0.0,5,2,33,13
0.0,240,142369.56,120353.27,0.0,5,2,23,14
1.0,236,21249.77,9884.45,0.9722351775,3,2,28,40
30.0,240,0.0,92512.31,0.7547172086,5,2,40,28
89.0,240,18211.81,18666.22,0.9384487057,3,2,20,35
56.0,234,15900.23,19697.13,0.9068285583,3,2,25,49
1.0,300,0.0,51237.31,1.0,4,2,13,9
24.98,180,140778.65,128936.32,0.0,5,2,9,7
24.98,240,67875.59,74747.41,0.0919338877,5,2,15,1
24.98,240,30827.3,37523.78,0.7096720828,1,2,73,32
85.0,60,36225.78,84967.14,0.0,1,2,24,20
2.0,150,0.0,52355.33,1.0,5,2,60,4
1.0,236,21260.47,10880.52,0.9466689092,3,2,38,30
3.0,240,34532.04,36948.33,0.0,4,2,49,18
24.98,336,142192.76,127268.83,0.0,5,2,18,10
24.98,300,86108.84,83062.99,0.0,4,2,11,6
24.98,240,52563.59,60298.04,0.1282703385,5,2,8,15
7.0,240,0.0,72483.01,1.0,5,2,47,1
2.0,222,13116.06,7120.66,0.9315625237,3,2,41,30
24.98,240,79775.7,78916.36,0.0,1,2,80,1
24.98,300,0.0,87456.07,1.0,4,2,7,1
1.0,240,0.0,13129.96,1.0,4,2,38,14
1.0,216,8397.85,10651.68,0.0,3,4,48,16
9.0,300,0.0,71437.01,1.0,4,2,22,4
1.0,240,53255.88,49918.35,0.0,5,2,48,6
12.0,360,0.0,92597.89,1.0,5,2,10,5
5.0,240,10239.8,11037.16,0.072243222,3,2,47,8
6.0,240,0.0,39391.84,0.7664948549,4,2,28,10
1.0,240,10578.63,11906.69,0.1115389751,3,2,31,24
3.0,120,65735.96,60635.88,0.0,5,2,54,6
1.0,60,269145.69,374811.31,0.2819168397,1,2,19,2
70.0,300,75393.25,25660.51,0.5817978417,5,2,7,29
44.0,120,17736.97,15638.15,0.0,5,2,16,14
24.98,120,39532.18,58951.17,0.0433698927,5,2,22,15
4.0,180,106373.84,103126.26,0.0,5,2,25,3
24.98,360,228756.83,230069.0,0.0057033759,5,2,10,4
1.0,300,0.0,50031.52,1.0,4,2,14,6
8.0,300,0.0,88532.1,1.0,4,2,21,2
24.98,222,11454.57,4285.37,0.9214653577,3,2,13,52
56.0,300,0.0,73298.86,1.0,4,2,16,1
1.0,240,49827.43,47140.66,0.7390068486,5,2,15,67
1.0,240,0.0,88945.33,0.7256243239,5,2,12,2
12.0,240,0.0,90336.85,1.0,5,2,45,3
24.98,296,105093.6,95529.92,0.0,5,2,12,10
1.0,228,24329.25,14117.0,0.9090153715,3,4,14,60
24.98,120,24041.89,25403.8,0.556313002,1,2,23,25
58.0,240,81091.53,56601.86,1.0,1,2,79,30
9.0,300,0.0,87812.31,1.0,4,2,14,1
24.98,360,0.0,159169.01,1.0,5,2,9,2
1.0,222,11450.79,4285.36,0.9239270446,3,2,13,52
94.0,240,31235.43,31844.58,0.0,5,2,39,3
30.0,360,356778.94,320993.34,0.7449254329,5,2,10,25
8.0,360,0.0,127935.31,1.0,5,2,13,6
10.0,300,0.0,58166.11,1.0,4,2,9,3
94.0,240,95387.54,97051.71,0.0,4,2,33,1
1.0,300,0.0,64958.61,1.0,5,2,16,3
1.0,360,0.0,264628.55,1.0,5,2,15,1
56.0,240,51929.21,54052.05,0.0,5,2,35,20
24.98,240,28870.16,5200.92,0.9960064758,3,4,10,32
24.98,240,82168.7,68608.1,0.0,5,2,8,17
1.0,230,7788.13,9481.29,0.9263190979,3,2,33,34
1.0,300,0.0,41379.44,1.0,4,2,12,12
24.98,240,155589.99,153346.84,0.0,5,2,32,1
1.0,240,0.0,54070.2,1.0,4,2,24,10
96.0,240,0.0,60014.3,1.0,4,2,38,3
70.0,60,28489.88,26558.91,0.0,1,2,35,4
4.0,300,0.0,46867.84,1.0,4,2,22,11
24.98,218,33770.15,17724.5,0.9317571723,3,4,24,40
0.0,300,0.0,95157.12,0.8788283735,5,2,8,27
24.98,236,10020.92,8886.9,0.0,3,2,24,20
1.0,240,0.0,71319.06,1.0,5,2,63,11
24.98,240,309.1,6811.34,0.0,4,2,49,19
1.0,240,26229.98,26623.12,1.0,3,4,21,38
5.0,300,0.0,61072.58,1.0,4,2,20,10
17.0,240,62365.03,62005.73,0.0,5,2,11,13
24.98,360,0.0,104417.92,1.0,5,2,8,3
8.0,300,0.0,56916.5,1.0,4,2,24,7
24.98,240,66076.74,53510.28,0.0,5,2,12,18
24.98,204,37774.48,32933.17,0.0,4,2,17,17
24.98,228,24059.37,14050.96,0.9402752552,3,4,19,55
11.0,240,16104.24,18785.91,0.9316583546,3,2,31,54
96.0,155,0.0,22289.31,1.0,1,2,11,4
48.0,180,105178.35,111311.27,0.0550970266,5,2,43,1
1.0,240,0.0,150367.17,0.8868397606,5,2,9,2
1.0,360,0.0,1502445.05,1.0,5,2,26,4
93.0,230,23602.13,22786.51,0.9642977358,3,4,39,36
1.0,300,0.0,69265.45,1.0,4,2,13,7
28.0,300,0.0,72460.58,1.0,4,2,22,1
4.0,240,26318.38,26181.31,0.9433970264,3,4,24,40
1.0,300,125392.96,152109.35,0.0,5,2,20,15
24.98,240,61850.27,61579.31,0.0,4,2,20,1
13.0,240,10713.81,11925.96,0.1016396164,3,2,36,18
6.0,180,0.0,49731.81,1.0,4,2,53,8
0.0,224,14961.61,17840.36,0.9474960147,3,2,17,55
24.98,60,50999.85,57473.34,0.0,1,2,7,7
94.0,240,8815.86,12085.32,0.8773950545,3,4,24,36
24.98,120,75543.3,70220.66,0.0,5,2,29,6
2.0,300,76274.38,73061.57,0.0,4,2,26,8
56.0,300,0.0,38064.57,1.0,4,2,7,19
1.0,240,9124.88,8009.25,1.0,3,4,19,34
1.0,180,0.0,45657.83,0.5529224262,5,2,47,20
81.0,317,0.0,135464.89,1.0,5,2,16,5
77.0,300,0.0,68204.63,1.0,4,2,32,4
24.98,240,50784.31,56940.33,0.0,4,2,28,7
13.0,218,33450.04,17724.5,0.9266659144,3,4,24,40
24.98,324,278779.99,267064.65,0.0,5,2,9,4
27.0,240,20095.55,18062.17,0.0,5,2,55,9
24.98,240,81099.69,88999.59,0.0,5,2,32,12
14.0,360,0.0,165651.86,1.0,5,2,9,1
24.98,175,77959.71,60456.92,0.0,5,2,20,22
24.0,240,0.0,39871.7,1.0,4,2,33,22
82.0,218,33274.21,16038.48,0.8289993815,3,4,22,43
5.0,60,0.0,25624.49,1.0,4,2,38,5
1.0,360,0.0,63413.62,1.0,5,2,20,2
96.0,360,89347.96,89881.51,0.0,4,2,10,10
1.0,236,21249.77,10967.9,0.9239681252,3,2,41,27
64.0,240,41686.5,41359.74,0.0,5,2,21,3
1.0,180,79540.57,99434.7,0.7687157759,5,2,11,38
24.98,260,52735.38,56674.82,0.0,5,2,22,3
24.98,300,76268.25,76014.1,0.0,4,2,10,0
4.0,300,0.0,43472.31,1.0,4,2,26,6
71.0,300,0.0,61006.33,1.0,4,2,20,1
24.98,240,26316.67,26445.08,0.9808660061,3,4,22,33
1.0,120,59458.69,98926.97,0.4967684363,1,2,12,28
2.0,360,66182.5,65521.25,0.0,5,2,18,8
24.98,240,80160.45,76315.71,0.0,5,2,25,5
71.0,240,0.0,64000.35,1.0,4,2,23,8
94.0,180,10716.35,11715.87,0.8622048555,3,2,25,29
24.98,240,31536.04,32374.61,0.0,4,2,32,14
94.0,234,6173.25,7743.17,0.8836264734,3,2,39,42
0.0,240,10220.42,11274.37,0.0597718542,3,2,30,24
24.98,60,42286.41,34636.96,0.0,1,2,20,8
1.0,300,139922.82,127520.72,0.0,5,2,9,9
10.0,300,51583.31,48667.3,0.0,4,2,10,7
24.98,240,145968.11,121451.94,0.0,5,2,11,17
31.0,240,48073.9,51912.15,0.0,5,2,17,24
19.0,240,44847.55,44278.42,0.0,5,2,18,3
1.0,240,0.0,49089.52,1.0,4,2,32,1
1.0,180,47876.0,52371.84,0.0,5,2,25,14
24.98,240,0.0,102113.32,1.0,4,2,7,3
2.0,240,10671.28,104096.96,0.897487112,5,2,38,13
24.98,240,61026.51,61243.67,0.0,5,2,42,3
1.0,240,99885.26,102072.1,0.0214244637,5,2,49,2
94.0,222,129199.82,110773.6,0.0,5,2,18,17
94.0,240,53343.13,58517.15,0.0,5,2,23,16
24.98,240,173768.39,122320.13,0.9358580938,5,2,13,34
2.0,360,0.0,72800.13,0.7524741949,5,2,17,31
65.0,360,70919.12,76084.17,0.0,5,2,15,15
1.0,360,0.0,153363.75,1.0,5,2,15,4
10.0,180,31698.85,33803.97,0.0,5,2,37,0
68.0,240,40954.95,38307.71,0.0,5,2,19,9
0.0,240,20642.93,22880.29,0.0977854739,3,2,40,16
71.0,360,0.0,143445.92,1.0,5,2,21,5
3.0,180,35932.32,36670.75,0.0,5,2,14,13
24.98,240,127434.15,148519.71,0.1419714595,1,2,33,7
25.0,321,153113.29,167685.49,0.0869019735,5,2,30,4
0.0,240,0.0,73206.86,0.7002735094,5,2,34,7
24.98,120,38587.3,36354.0,0.0,1,2,24,4
52.0,240,0.0,56177.37,1.0,4,2,11,7
24.98,300,0.0,65900.46,1.0,4,2,11,1
1.0,236,21260.47,10906.41,0.9452322075,3,2,41,27
1.0,180,66310.72,57128.45,0.7553212111,1,2,55,34
24.98,240,88042.87,100579.68,0.0,1,2,84,6
13.0,232,16157.1,19273.94,0.9044627098,3,2,24,59
10.0,234,11789.62,13657.63,0.1367740962,3,2,50,24
24.98,228,26913.03,25232.74,0.0,3,4,41,18
24.98,240,58728.92,56872.39,0.0,4,2,25,3
24.98,236,10021.02,8886.9,0.0,3,2,24,20
1.0,330,76516.5,73595.99,0.0,5,2,15,6
26.0,240,0.0,36484.23,1.0,5,2,44,4
56.0,240,47268.08,62058.12,0.7256875962,5,2,12,55
5.0,360,0.0,175479.78,1.0,5,2,13,11
24.98,180,53954.96,53661.42,0.0,5,2,13,1
5.0,360,0.0,130524.05,1.0,5,2,24,3
10.0,236,9492.58,9563.81,0.9710575597,3,2,57,29
94.0,240,17388.6,20878.39,0.8682264293,3,2,25,36
56.0,300,84830.24,81562.4,0.0,4,2,21,7
1.0,240,123154.49,96346.69,0.0,5,2,20,22
1.0,360,0.0,121646.27,1.0,5,2,9,1
31.0,240,0.0,105526.38,1.0,5,2,20,5
60.0,240,0.0,30536.74,0.714306268,5,2,8,24
4.0,240,7589.0,2378.86,0.9307441379,3,4,8,53
82.0,156,0.0,64161.57,1.0,5,2,39,1
4.0,180,29054.2,30167.17,0.0,5,2,20,1
0.0,300,84186.43,79808.45,0.7248807606,4,2,19,30
4.0,300,0.0,30210.31,1.0,4,2,32,3
24.98,360,204924.97,195299.82,0.0,5,2,9,2
24.98,240,47745.62,46108.19,0.0,4,2,23,4
7.0,300,0.0,64474.13,1.0,4,2,24,8
64.0,240,0.0,32925.51,1.0,4,2,53,5
1.0,222,11449.99,4290.47,0.9108932122,3,2,12,53
0.0,240,92602.59,80111.02,0.0,5,2,12,15
1.0,240,63929.16,77518.95,0.6999635235,5,2,14,27
24.98,120,47411.81,41502.24,0.0,5,2,32,11
24.98,204,45187.53,37251.19,0.0,4,2,35,18
7.0,236,16072.79,19301.88,0.9287012457,3,2,14,65
6.0,240,0.0,41324.91,0.7230467154,5,2,17,1
1.0,300,67055.58,64470.56,0.0,4,2,12,7
7.0,300,0.0,105084.0,1.0,4,2,17,7
0.0,240,0.0,187324.95,0.6744593986,5,2,12,1
1.0,360,117851.12,108362.87,0.0,5,2,13,14
76.0,230,10475.66,11650.56,0.9298042326,3,4,38,46
1.0,234,11640.31,16265.56,0.0,3,4,52,20
0.0,300,36142.57,35616.63,0.0,4,2,17,20
93.0,240,31221.5,29134.68,0.0,3,2,40,3
93.0,240,11043.31,11580.8,0.0,3,2,31,24
24.98,240,37886.19,37607.98,0.0,4,2,27,1
0.0,240,0.0,121762.09,1.0,5,2,25,9
1.0,300,0.0,37576.83,1.0,4,2,26,1
1.0,300,28141.35,27144.66,0.0,4,2,10,5
0.0,240,104232.53,133378.14,1.0,5,2,9,42
4.0,240,0.0,42723.26,1.0,5,2,44,4
1.0,240,0.0,84082.23,1.0,5,2,61,1
85.0,300,0.0,63073.69,0.8456404479,4,2,11,12
1.0,236,17669.19,23280.11,0.8960894085,3,4,26,40
1.0,120,0.0,42971.73,1.0,5,2,22,10
52.0,218,33728.75,17827.17,0.9033570668,3,4,24,40
0.0,240,26274.99,28488.93,0.9954399832,3,4,29,26
1.0,96,0.0,248620.22,0.7491969063,5,2,17,5
1.0,180,0.0,66341.65,0.8384149644,5,2,36,35
24.98,300,55872.64,53552.78,0.0,4,2,14,8
24.98,236,21302.91,13201.44,0.9327997552,3,2,7,66
1.0,300,0.0,47075.67,0.8633047743,4,2,14,10
24.98,360,116578.03,114744.33,0.0,5,2,13,1
1.0,240,99239.86,84549.76,0.0,4,2,14,17
2.0,300,0.0,77699.76,1.0,4,2,12,1
1.0,300,0.0,57230.14,1.0,4,2,25,3
1.0,240,10249.71,12081.4,0.9629248266,3,2,21,34
73.0,240,84470.23,82362.5,0.0,5,2,13,8
24.98,240,45666.06,50738.78,0.0,5,2,14,5
45.0,180,0.0,64884.49,1.0,5,2,55,1
2.0,360,0.0,141747.05,1.0,5,2,21,10
2.0,300,0.0,37911.56,1.0,4,2,24,4
4.0,240,10516.15,8983.27,0.0,3,4,35,18
6.0,360,2069723.93,2012073.05,0.0,5,2,24,2
16.0,240,0.0,97376.04,0.7424385125,5,2,9,15
1.0,120,0.0,31778.84,0.5123205014,5,2,20,16
28.0,240,0.0,64012.66,1.0,4,2,30,2
1.0,240,62795.83,56611.88,0.0,5,2,36,9
2.0,240,0.0,41309.27,1.0,5,2,52,2
24.98,180,84075.97,98913.03,0.0311287095,5,2,21,9
46.0,360,306820.35,293237.91,0.0,5,2,10,4
4.0,360,43059.74,46880.94,0.0815086046,5,2,32,4
96.0,240,14426.86,27114.02,0.8087752211,4,2,38,29
1.0,240,100899.44,99800.34,0.0,5,2,39,3
24.98,180,120459.12,111871.91,0.0,1,2,8,3
24.98,240,34364.52,31607.88,0.0,4,2,19,11
94.0,236,16072.79,19384.9,0.9065385945,3,2,14,65
1.0,300,83139.37,81482.98,0.0,4,2,9,3
1.0,216,16278.33,20260.96,0.936110135,3,4,10,44
94.0,300,0.0,36814.63,1.0,4,2,32,4
1.0,240,0.0,46155.1,1.0,4,2,39,3
0.0,300,0.0,50286.69,1.0,4,2,18,4
94.0,224,14961.61,17840.36,0.8907589309,3,2,17,55
24.98,300,56833.68,55140.12,0.0,4,2,7,5
3.0,240,0.0,70950.47,1.0,5,2,22,15
49.0,360,56476.45,56537.99,0.0,5,2,16,2
0.0,240,121963.28,94788.55,0.8786868737,5,2,31,26
0.0,300,0.0,49770.84,1.0,4,2,21,5
2.0,300,0.0,54599.11,1.0,4,2,24,11
24.98,109,71178.1,78103.55,0.0,5,2,7,7
76.0,240,0.0,93301.7,0.0,4,2,29,12
52.0,300,0.0,82092.84,1.0,4,2,12,4
24.98,218,14774.97,9484.36,0.9340356123,3,4,17,32
24.98,80,101558.63,87927.24,0.0,2,2,51,10
2.0,180,0.0,10180.22,1.0,5,2,43,9
1.0,240,0.0,115495.28,1.0,5,2,18,2
4.0,240,0.0,63501.74,0.704423868,5,2,42,26
1.0,300,0.0,40547.24,1.0,4,2,11,15
1.0,240,23801.41,25734.34,0.0751109218,4,2,29,11
30.0,360,0.0,50904.21,1.0,5,2,29,2
0.0,300,0.0,146366.39,1.0,5,2,15,16
1.0,300,0.0,54247.31,1.0,4,2,13,2
85.0,229,15057.24,18096.59,0.9015516183,3,2,25,58
1.0,236,14260.36,14494.24,0.9332914316,3,2,31,52
94.0,224,14961.61,17786.72,0.8962647413,3,2,17,55
24.98,72,23403.52,34349.9,0.0,1,2,11,8
6.0,240,44504.17,44673.61,0.0,5,2,17,2
24.98,300,0.0,51079.92,1.0,4,2,10,2
10.0,240,19221.72,19923.34,0.9655188337,3,2,19,42
1.0,240,0.0,51805.44,0.8147038289,4,2,8,34
0.0,300,0.0,49958.54,1.0,4,2,15,8
1.0,240,0.0,93836.12,1.0,5,2,49,17
52.0,240,89154.51,85792.83,0.0,5,2,49,3
24.98,180,67043.39,66172.57,0.0,5,2,20,1
2.0,240,0.0,65291.5,1.0,5,2,53,1
94.0,240,21459.58,29218.45,0.8870419204,3,4,12,44
53.0,84,59.87,56545.9,0.0,5,2,62,23
1.0,300,61967.82,57198.79,0.0,4,2,17,13
1.0,300,0.0,49432.64,1.0,4,2,20,2
77.0,240,0.0,153563.36,1.0,5,2,39,4
32.0,360,0.0,172879.25,1.0,5,2,11,5
94.0,230,20375.0,22123.54,0.8924720004,3,2,28,31
24.98,240,86247.83,80184.78,0.0,1,2,64,6
24.98,360,0.0,145534.69,1.0,5,2,15,2
4.0,300,158384.87,158977.67,0.0,5,2,13,2
24.98,84,8107.68,12672.87,0.0592801415,1,2,26,17
9.0,119,0.0,33184.74,1.0,5,2,32,2
24.98,240,80400.41,78303.0,0.0,5,2,27,3
1.0,236,21262.15,10919.2,0.0,3,2,47,21
1.0,300,49653.91,47758.22,0.0,4,2,20,6
1.0,360,0.0,42072.18,1.0,5,2,14,2
42.0,300,33794.95,33956.72,0.0047640055,4,2,14,3
24.98,240,76266.05,72277.16,0.0,5,2,9,6
9.0,240,85055.78,99330.33,0.1437078685,5,2,31,18
76.0,360,130161.95,137024.32,0.0,4,2,29,21
94.0,240,18880.16,23043.81,0.9150253365,3,4,21,34
93.0,360,38564.99,49642.88,0.2231516383,5,2,20,9
89.0,240,127538.03,128099.36,0.0,5,2,8,2
12.0,120,0.0,283403.93,1.0,5,2,36,3
93.0,230,20374.99,22001.8,0.9235857975,3,2,28,31
24.98,236,10041.0,7443.24,0.9731971561,3,2,15,29
13.0,240,157511.24,153134.11,0.0,5,2,21,3
24.98,240,116851.41,102589.42,0.0,4,2,32,12
0.0,240,157097.76,141828.81,0.0,5,2,28,9
1.0,360,0.0,99391.39,1.0,5,2,21,9
4.0,240,10509.93,9042.88,0.0,3,4,35,18
24.98,300,57129.26,55141.27,0.0,4,2,7,5
4.0,240,0.0,54113.43,0.7220409911,5,2,25,14
0.0,300,0.0,68834.45,1.0,4,2,21,1
94.0,240,136283.99,136776.36,0.0,5,2,32,2
24.98,180,28921.86,26021.2,0.0,1,2,36,19
94.0,204,18920.47,19091.33,0.0,4,2,37,2
24.98,240,36921.96,36251.71,0.0,4,2,36,2
1.0,300,0.0,137036.85,1.0,5,2,27,1
1.0,180,0.0,28564.7,1.0,5,2,59,16
19.0,240,0.0,77215.63,1.0,4,2,20,7
1.0,240,0.0,66795.42,1.0,4,2,22,13
94.0,180,37067.76,44354.64,0.0,5,2,37,12
0.0,234,28095.19,28940.85,1.0,3,4,25,33
5.0,351,0.0,263286.67,1.0,5,2,13,10
1.0,236,21302.92,13268.55,0.9178855263,3,2,7,66
1.0,300,0.0,52182.03,1.0,4,2,25,9
4.0,204,0.0,20263.75,1.0,4,3,59,5
24.98,300,66010.44,64057.59,0.0,4,2,7,5
3.0,300,58053.57,57226.46,0.0,4,2,10,7
1.0,160,6086.36,11713.03,0.8347677757,3,4,19,61
24.98,300,0.0,137939.35,1.0,4,2,12,6
1.0,222,11444.87,4339.83,0.8834885237,3,2,12,53
24.98,240,28307.97,30575.0,0.7131149509,1,2,28,40
24.98,240,81869.35,77691.27,0.0,4,2,38,6
75.0,240,89350.9,105913.39,0.0,5,2,25,23
3.0,180,114976.84,119730.32,0.6795825804,5,2,17,26
24.98,270,93622.93,103333.5,0.0939731065,5,2,21,2
1.0,240,0.0,77937.7,1.0,4,2,21,2
3.0,300,0.0,57211.03,1.0,4,2,12,7
24.98,240,93052.99,90016.07,0.0,5,2,10,2
3.0,360,0.0,176028.85,1.0,5,2,20,2
24.98,220,11555.58,11390.42,0.9428080791,3,4,18,61
31.0,300,0.0,80077.74,1.0,4,2,9,2
56.0,360,0.0,93124.75,1.0,5,2,16,1
24.98,240,47536.68,53104.5,0.0,4,2,19,14
2.0,240,55429.81,55518.64,0.0,5,2,50,1
71.0,240,0.0,89418.52,1.0,5,2,17,1
1.0,300,81165.98,79004.46,0.0,4,2,12,5
24.98,120,56937.8,63787.81,0.0,5,2,11,15
61.0,240,0.0,73599.1,1.0,4,2,11,5
2.0,240,19376.97,19961.88,0.0,4,2,41,15
22.0,360,0.0,127561.26,0.0,5,2,23,13
9.0,240,17174.11,16958.83,0.0,4,2,16,2
56.0,240,85978.16,103651.78,0.6987666786,5,2,20,28
1.0,300,40830.68,38210.29,0.0,4,2,9,8
1.0,240,0.0,42482.32,0.8116581613,4,2,25,2
14.0,180,0.0,74383.83,1.0,5,2,42,7
1.0,360,0.0,189809.08,1.0,5,2,17,5
1.0,300,69215.67,68899.77,0.0,4,2,20,3
37.0,180,41227.52,44951.67,0.0,4,3,29,6
83.0,300,114264.55,117801.91,0.030028036,5,2,17,4
4.0,360,0.0,117638.92,1.0,5,2,20,6
1.0,346,123140.17,134369.79,0.0835725054,5,2,9,6
30.0,240,6280.51,14508.27,0.5671082769,4,2,39,9
2.0,300,0.0,66428.65,1.0,4,2,23,4
24.98,204,23399.6,26476.95,0.0,4,2,38,7
1.0,120,300714.67,263755.82,0.0,5,2,12,9
26.0,218,32906.01,15926.53,0.8571578366,3,4,22,43
11.0,300,0.0,211246.61,1.0,5,2,17,9
4.0,240,10502.54,9079.69,0.0,3,4,35,18
25.0,240,0.0,60733.73,0.6962523827,5,2,14,11
1.0,240,57576.7,57362.59,0.0,4,2,17,6
24.98,218,14775.33,9591.01,0.9058347348,3,4,17,32
1.0,360,155827.57,144728.35,0.0,5,2,16,6
4.0,240,10516.45,8980.38,0.0,3,4,35,18
77.0,300,0.0,13422.7,1.0,4,2,10,7
27.0,240,98278.62,101416.08,0.0,5,2,24,22
60.0,240,28929.53,27707.63,0.0,4,2,20,8
0.0,240,0.0,166297.08,0.7457937392,5,2,23,12
1.0,300,0.0,69933.74,1.0,4,2,23,8
70.0,240,10472.77,10467.76,0.0,3,2,55,1
94.0,240,10249.71,11937.19,0.8770439274,3,2,24,31
24.98,240,78517.26,83795.01,0.0,4,2,16,15
1.0,240,116346.48,115972.3,0.0,5,2,18,1
9.0,240,50030.68,51728.31,0.0,5,2,34,3
81.0,236,9493.28,9598.02,0.9622536732,3,2,34,52
4.0,240,26234.42,26411.79,0.983682666,3,4,32,26
39.0,300,0.0,60113.82,1.0,4,2,21,1
45.0,240,70129.03,69969.83,0.0,5,2,49,1
82.0,360,0.0,37564.33,0.8136361574,5,2,11,14
1.0,360,0.0,71456.99,1.0,5,2,19,6
0.0,180,139177.01,127444.35,0.0,5,2,15,9
1.0,222,11450.79,4284.22,0.9237900948,3,2,14,51
1.0,223,15172.76,19673.77,0.8673594334,3,2,19,53
8.0,120,0.0,46641.74,1.0,5,2,24,3
3.0,240,10116.96,10861.09,0.0685133813,3,2,47,9
1.0,240,0.0,40237.28,0.9191662433,4,2,21,2
24.98,240,124731.28,141140.26,0.0,5,2,19,7
24.98,300,0.0,72038.21,1.0,4,2,9,1
0.0,228,14106.52,16836.0,0.9049453552,3,4,39,38
90.0,300,13867.72,14920.44,0.0,4,2,38,10
2.0,360,311390.9,268725.31,0.0,5,2,10,17
1.0,240,0.0,26250.05,1.0,4,2,51,12
1.0,225,87598.69,80159.04,0.0,5,2,12,8
1.0,240,0.0,31432.85,0.8494934997,4,2,18,4
1.0,300,0.0,42672.4,1.0,4,2,25,3
1.0,240,0.0,27547.07,1.0,4,2,47,2
1.0,360,62114.98,51681.5,0.0,4,2,25,19
24.98,228,25932.91,24540.63,0.0,3,4,41,18
1.0,300,0.0,45827.05,1.0,4,2,18,1
17.0,204,56221.49,57231.32,0.0,5,2,38,2
1.0,180,24881.09,24608.69,0.0,5,2,50,1
96.0,360,0.0,66068.9,1.0,5,2,22,5
52.0,240,78368.34,114317.4,0.314467089,5,2,40,9
18.0,360,319404.81,351854.7,0.0922252566,5,2,24,7
24.98,240,103024.22,101922.55,0.0,4,2,24,1
0.0,240,47733.14,37635.15,0.0,4,2,40,21
70.0,231,6236.71,9116.17,0.3158629117,3,2,57,21
1.0,72,45611.93,33685.45,0.0,1,2,20,11
1.0,230,10557.52,11646.56,0.9420137792,3,4,38,46
67.0,300,0.0,93900.23,1.0,4,2,23,1
0.0,240,121335.79,120730.95,0.0,1,2,35,10
24.98,240,133661.26,118455.67,0.0,5,2,21,9
24.98,300,32915.22,31934.89,0.0,4,2,11,6
1.0,240,10481.31,11420.31,0.0,3,2,40,13
90.0,240,93976.71,101842.69,0.0772365695,5,2,44,20
24.98,300,0.0,82243.59,1.0,4,2,9,4
49.0,300,62296.27,69327.36,0.0,4,2,14,22
94.0,218,32697.35,15691.5,0.9175419813,3,4,22,43
90.0,236,18858.16,17684.17,0.9273067382,3,2,24,41
2.0,316,54912.67,58557.61,0.0622453683,5,2,25,0
1.0,320,31975.95,25654.96,0.0,5,2,7,2
64.0,200,9518.73,10630.64,0.8855591009,3,4,21,58
1.0,300,52908.03,48756.93,0.0,4,2,19,13
1.0,300,0.0,53963.33,1.0,4,2,19,4
52.0,300,0.0,83658.92,1.0,4,2,10,7
26.0,180,0.0,46111.36,1.0,5,2,36,2
0.0,300,0.0,70539.37,1.0,4,2,28,2
0.0,60,16683.05,13858.52,0.0,5,2,27,5
24.98,180,27674.36,26635.3,0.7229868431,4,2,25,26
4.0,240,0.0,61873.18,1.0,4,2,20,10
90.0,221,26175.77,20056.62,0.9419298965,3,4,31,33
1.0,360,0.0,144167.91,0.7462465698,5,2,11,22
1.0,218,32604.95,15792.89,0.891283356,3,4,22,43
24.98,194,24855.47,23962.28,0.0,4,2,7,6
1.0,300,0.0,269300.03,1.0,5,2,11,3
24.98,300,0.0,62449.52,1.0,4,2,7,5
91.0,360,0.0,101115.19,1.0,5,2,30,3
64.0,230,11485.99,13833.36,0.9275215855,3,4,33,29
24.98,48,25545.75,92945.74,0.0,5,2,7,16
24.98,240,35696.71,35654.12,0.0,3,4,39,1
24.98,360,0.0,114057.26,1.0,5,2,9,4
1.0,240,202508.12,186788.66,0.0,5,2,28,7
3.0,240,0.0,64596.16,0.7387000082,5,2,17,4
5.0,300,55811.0,56748.38,0.0165181808,4,2,13,1
24.98,240,44890.9,49004.94,0.0,5,2,51,5
94.0,120,32115.37,41063.01,0.5309380901,5,2,20,40
13.0,240,26238.25,11997.27,0.9574761592,3,4,7,55
0.0,300,60661.34,56231.09,0.0,4,2,10,13
1.0,236,8014.13,8393.88,0.0452412948,3,4,41,24
0.0,240,0.0,53896.54,0.76275449,4,2,16,7
1.0,240,85662.43,72647.25,0.0,4,2,34,14
0.0,240,0.0,103976.2,0.853454703,5,2,22,31
4.0,240,92558.51,86810.22,0.0,4,2,7,7
96.0,240,51461.31,62703.02,0.7214071644,5,2,17,47
90.0,236,9657.02,12123.55,0.8813383869,3,4,19,46
56.0,300,0.0,31284.54,1.0,4,2,23,3
24.98,180,16868.99,21769.49,0.0,1,2,26,16
60.0,300,0.0,24370.31,1.0,4,2,25,3
24.98,240,73073.1,70185.09,0.0,5,2,9,20
1.0,236,21260.47,9859.99,0.9598985395,3,2,28,40
64.0,240,48117.81,49516.57,0.0,5,2,34,1
1.0,300,0.0,79158.69,1.0,4,2,7,10
95.0,300,0.0,35276.96,1.0,4,2,18,5
24.98,240,0.0,19565.26,0.80876595,4,2,9,40
83.0,360,216839.02,225895.57,0.0400917557,5,2,21,1
24.98,240,108708.53,119475.7,0.0,1,2,95,4
94.0,224,14961.61,17840.36,0.8907589309,3,2,17,55
1.0,300,0.0,68076.69,1.0,4,2,21,15
1.0,180,148488.62,129027.03,0.5776808041,5,2,22,29
1.0,240,26237.51,26538.28,1.0,3,4,20,38
1.0,360,0.0,85928.9,1.0,5,2,21,3
70.0,300,60201.66,57673.96,0.0,4,2,26,4
0.0,240,0.0,42631.36,1.0,4,2,30,11
23.0,240,0.0,102228.29,0.6970012118,5,2,16,0
2.0,240,10157.67,11217.92,0.0945139562,3,2,31,23
24.98,240,34999.67,39604.7,0.0,5,2,24,23
94.0,234,19894.55,23082.6,0.9467343367,3,4,25,34
1.0,240,0.0,46291.91,1.0,4,2,27,9
1.0,300,0.0,122283.13,1.0,5,2,19,3
1.0,240,23799.77,27675.72,0.1400487503,3,4,37,20
71.0,240,66567.89,64942.62,0.0,5,2,29,9
24.98,240,45327.83,44715.7,0.0,4,2,19,2
24.98,240,346956.45,339873.0,0.0,5,2,20,2
1.0,240,0.0,50979.87,0.7063223785,4,2,31,23
5.0,360,0.0,66565.79,1.0,5,2,24,1
24.98,240,53828.27,59425.15,0.0,4,2,27,15
24.98,120,60948.42,59950.06,0.0,5,2,9,2
24.98,180,21984.08,16593.96,0.0,1,2,19,24
5.0,240,156396.53,146595.17,0.0,5,2,33,6
1.0,240,38305.04,32722.56,0.0,5,2,33,13
1.0,240,0.0,34012.68,0.7435712864,5,2,36,20
83.0,236,16103.57,18797.48,0.8833396817,3,2,39,35
3.0,60,0.0,37369.41,1.0,1,2,7,15
10.0,240,0.0,70357.97,1.0,4,2,74,5
4.0,180,65900.19,64921.74,0.0,5,2,23,1
1.0,360,0.0,71177.85,1.0,5,2,12,10
0.0,240,131252.56,145298.82,0.0966715353,5,2,21,3
24.98,240,183401.52,117131.64,1.0,1,2,34,30
77.0,240,0.0,59923.82,1.0,5,2,26,1
24.98,240,46536.8,51458.7,0.0,5,2,24,6
24.98,240,129046.53,116932.31,0.0,5,2,14,7
1.0,234,14892.43,14676.52,0.9562961792,3,2,32,48
24.98,120,32251.09,32971.71,0.0,5,2,8,11
1.0,180,7332.55,9655.47,1.0,3,2,27,36
95.0,360,0.0,120130.28,1.0,5,2,22,1
65.0,120,0.0,161729.41,1.0,1,2,14,6
4.0,224,14398.34,15738.91,0.0851755299,3,2,70,6
7.0,240,63374.58,68159.68,0.6605161381,5,2,16,49
2.0,225,11346.01,11549.73,0.0176385076,3,2,46,22
52.0,337,209092.85,204217.28,0.0,5,2,21,4
1.0,234,14892.43,14531.41,0.9659331063,3,2,32,48
9.0,240,0.0,39862.11,0.7337236747,4,2,34,1
24.98,240,107977.49,123008.21,0.0,5,2,13,9
24.98,240,33436.66,41769.99,0.7337633927,5,2,8,32
64.0,236,21056.83,19214.08,0.960399353,3,2,16,55
7.0,300,0.0,51464.43,1.0,4,2,33,3
70.0,236,4828.18,7505.98,0.8419167117,3,4,50,33
65.0,360,0.0,86098.18,1.0,5,2,30,1
96.0,240,16386.42,16290.66,0.0,4,2,11,9
13.0,236,9493.28,9598.02,0.9701917687,3,2,34,52
0.0,240,40107.2,38185.47,0.0,4,2,32,13
16.0,240,19221.72,19713.74,0.9362236694,3,2,35,26
13.0,300,0.0,72301.02,1.0,4,2,22,1
96.0,234,19894.65,23081.34,0.9246889479,3,4,31,28
13.0,240,60478.57,58813.52,0.0,1,2,88,9
38.0,300,0.0,62900.57,1.0,4,2,17,1
52.0,236,9347.57,10958.25,0.9051618643,3,4,7,64
0.0,300,0.0,73353.69,1.0,4,2,24,5
31.0,240,50543.96,51303.7,0.0,4,2,21,3
1.0,360,0.0,95281.75,1.0,5,2,19,9
65.0,240,0.0,64723.04,1.0,4,2,18,3
41.0,360,0.0,92827.75,1.0,5,2,24,2
1.0,300,0.0,77783.02,1.0,4,2,10,2
17.0,300,0.0,107609.95,1.0,4,2,17,4
24.98,236,14668.91,9859.99,0.9830466359,3,2,28,40
5.0,204,0.0,14778.0,0.7433185091,4,3,40,9
24.98,240,44398.66,32075.18,0.0,1,2,74,23
6.0,240,0.0,27121.68,0.7538239696,4,2,50,2
0.0,240,0.0,81520.17,0.9281809994,5,2,12,2
56.0,300,0.0,78382.99,1.0,4,2,25,1
90.0,240,19221.72,19767.51,0.0,3,2,37,24
53.0,300,0.0,63936.8,1.0,4,2,10,2
5.0,300,0.0,71455.54,1.0,4,2,25,3
0.0,240,61226.45,60422.34,0.0,5,2,26,1
1.0,236,21249.77,10914.74,0.9364098458,3,2,41,27
38.0,240,0.0,66384.98,1.0,4,2,24,3
24.98,204,9199.78,8225.66,0.0,4,2,36,14
4.0,240,0.0,105027.21,1.0,5,2,36,2
1.0,234,14892.43,14747.89,0.983902782,3,2,32,48
12.0,240,105353.23,95096.19,0.0,5,2,9,14
24.98,203,36546.97,54001.76,0.696638899,4,2,25,29
56.0,240,19709.97,22290.13,0.9095012008,3,2,15,42
94.0,155,12156.02,18561.78,0.8145937512,3,2,17,55
24.98,300,0.0,89414.03,1.0,4,2,7,1
44.0,240,28561.87,27502.93,0.0,3,2,55,8
0.0,240,134575.25,101842.05,0.8665567588,5,2,31,27
5.0,240,32090.36,37889.24,0.0,5,2,32,23
1.0,240,0.0,43713.68,0.8115176851,4,2,26,29
1.0,236,14670.06,9851.58,0.9839660237,3,2,28,40
17.0,236,21302.92,13213.84,0.9300400186,3,2,7,66
23.0,240,0.0,129049.35,1.0,5,2,19,9
1.0,222,11450.79,4282.76,0.9206726503,3,2,12,53
24.98,240,43849.97,44356.87,0.0114277676,5,2,44,1
2.0,240,0.0,55726.07,1.0,4,2,20,5
4.0,360,0.0,113923.26,1.0,5,2,16,3
1.0,240,21948.14,14495.09,0.9391304228,3,4,20,37
1.0,234,24222.7,27048.16,0.1044603404,3,4,38,20
2.0,180,0.0,52556.49,0.863926708,5,2,23,28
2.0,60,28118.33,32179.25,0.1261968505,5,2,28,3
24.98,222,7644.76,5546.63,0.9233354307,3,2,17,55
0.0,120,0.0,56197.85,0.6654641262,5,2,38,2
52.0,300,0.0,67752.75,1.0,4,2,17,1
1.0,240,0.0,9056.66,1.0,4,2,34,36
1.0,240,0.0,96436.69,1.0,5,2,20,1
1.0,300,0.0,37905.81,1.0,5,2,7,7
1.0,300,0.0,47387.88,1.0,4,2,8,29
56.0,216,15363.65,20261.55,0.8949335071,3,4,10,44
1.0,240,0.0,68287.11,1.0,5,2,38,6
24.98,240,78685.05,72436.25,0.0,5,2,13,7
3.0,300,0.0,64584.49,1.0,4,2,20,2
8.0,240,90302.96,97404.63,0.0729089572,4,2,34,6
1.0,240,40472.88,33046.24,0.0,4,2,32,24
1.0,240,0.0,61476.39,1.0,4,2,20,15
94.0,230,20377.72,22063.35,0.8974013466,3,2,28,31
76.0,232,14711.12,18116.69,0.9255504179,3,2,24,59
44.0,204,17427.79,17286.67,0.0,4,3,70,1
90.0,221,26178.42,20148.83,0.9266949992,3,4,31,33
24.98,240,38545.19,43707.78,0.0,4,2,26,16
5.0,240,17535.66,21071.75,0.9319059879,3,2,20,38
94.0,240,16722.6,17384.73,0.0,4,2,41,6
24.98,240,28944.53,28356.14,0.0,4,2,9,3
10.0,240,19221.66,19679.33,0.9746500516,3,2,31,30
70.0,225,16828.9,17873.31,0.0584340561,3,2,75,5
1.0,240,51575.04,45226.22,0.0,4,2,28,18
13.0,150,0.0,162004.07,1.0,5,2,27,7
68.0,218,33187.46,17827.17,0.9033570668,3,4,24,40
33.0,240,68017.13,66854.89,0.0,4,2,9,3
89.0,225,19560.93,14579.56,0.9482528965,3,4,22,26
1.0,360,0.0,153463.86,1.0,5,2,23,13
91.0,300,34495.26,34270.56,0.0,4,2,16,4
1.0,300,53668.78,49711.0,0.0,4,2,12,13
86.0,240,0.0,10613.01,0.7609194206,4,2,32,40
24.98,240,35758.32,35724.48,0.0,3,4,39,1
49.0,240,0.0,47537.83,1.0,5,2,43,6
94.0,240,11107.7,11449.72,0.9251693491,3,2,25,29
3.0,300,4086.04,16615.83,0.7540875177,5,2,20,20
1.0,220,13356.73,11382.38,0.9522876586,3,4,18,61
24.98,120,15428.33,18025.32,0.0461140187,1,2,53,8
1.0,236,9562.26,11132.85,0.8549904113,3,4,39,26
52.0,230,20375.0,22011.42,0.911719462,3,2,28,31
1.0,204,0.0,32793.27,0.802353256,4,3,25,1
89.0,240,60735.11,60665.14,0.0,4,2,17,7
59.0,72,6567.94,11569.2,0.0,5,2,44,21
1.0,300,54351.57,54511.4,0.0029320472,4,2,11,0
94.0,236,3871.21,4957.73,0.2191567512,3,4,81,1
45.0,240,73732.76,71123.96,0.0,5,2,31,6
1.0,240,9150.37,10365.71,0.1172461896,3,4,50,10
52.0,240,0.0,35257.86,1.0,4,2,37,7
24.98,132,57896.22,57317.89,0.0,5,2,33,0
17.0,60,0.0,16315.87,1.0,1,2,42,1
0.0,236,21249.77,10922.73,1.0,3,2,42,26
65.0,360,0.0,198479.2,1.0,5,2,27,4
94.0,236,16103.55,19817.02,1.0,3,2,32,42
82.0,234,9793.75,12618.09,0.9061648792,3,2,33,48
5.0,360,0.0,121263.58,1.0,5,2,17,17
91.0,240,127726.81,120030.07,0.0,1,2,94,8
2.0,300,0.0,71437.71,1.0,4,2,11,13
0.0,340,0.0,104186.1,1.0,5,2,15,1
1.0,228,16095.37,17964.36,0.1040387746,3,2,55,16
90.0,240,0.0,28733.76,1.0,4,2,16,3
2.0,360,142059.48,136818.7,0.8213262701,5,2,10,25
93.0,240,66121.96,68252.04,0.0,5,2,39,1
16.0,300,0.0,37474.62,0.8232203705,4,2,15,1
24.98,221,33287.59,26407.46,0.0,3,4,36,22
71.0,240,15671.97,15756.41,0.0,4,2,25,3
0.0,360,126141.32,105788.77,0.0,5,2,8,19
94.0,240,10723.65,10680.64,0.0,3,2,54,2
0.0,240,69906.15,72269.78,0.6939322804,5,2,24,33
93.0,240,8286.19,9436.2,0.0,3,2,43,21
25.0,360,113659.8,114562.29,0.0,5,2,14,7
11.0,300,0.0,39779.43,1.0,4,2,13,5
26.0,240,38609.41,38969.35,0.0092364897,5,2,63,3
57.0,236,10687.04,12369.75,0.1360342772,3,4,62,1
1.0,120,0.0,122952.35,1.0,5,2,34,15
94.0,225,19560.93,14579.56,0.9477796312,3,4,22,26
24.98,300,70222.66,53463.84,1.0,4,2,8,25
1.0,225,11346.02,11630.89,0.0244925367,3,2,46,22
44.0,236,16072.78,19301.88,0.9111853353,3,2,14,65
94.0,240,16672.47,19409.06,0.7885969591,4,2,26,32
1.0,300,0.0,22399.66,1.0,4,2,29,25
24.98,218,14774.87,9484.36,0.9284980747,3,4,17,32
37.0,231,7862.07,9197.57,0.0,3,2,54,24
1.0,304,0.0,127851.64,1.0,5,2,28,6
18.0,232,15719.54,18596.54,0.9301800227,3,2,24,59
9.0,300,0.0,53069.28,1.0,4,2,24,3
1.0,240,26318.38,25949.78,0.9726598838,3,4,18,46
24.98,300,50148.99,56012.8,0.0190207794,4,2,20,5
1.0,180,0.0,132655.72,1.0,5,2,38,10
93.0,300,28173.74,28336.15,0.0057315479,4,2,17,2
70.0,234,13512.22,14117.12,0.9617089038,3,2,14,60
24.98,240,108845.55,126016.05,0.0875185386,5,2,11,16
1.0,300,0.0,65413.83,1.0,4,2,7,20
24.98,240,155424.12,126903.27,0.0,5,2,15,18
24.98,301,206352.16,202808.98,0.0,5,2,17,2
2.0,240,0.0,51780.41,1.0,5,2,67,1
1.0,300,0.0,47522.62,1.0,4,2,10,3
1.0,234,13714.95,18113.31,0.8561648865,3,4,18,56
7.0,360,0.0,59929.76,1.0,5,2,23,7
39.0,240,20754.74,20964.63,0.0100116243,3,4,53,9
39.0,300,0.0,55843.13,1.0,4,2,28,10
2.0,300,0.0,91916.02,1.0,4,2,13,1
3.0,300,64884.26,64768.38,0.0,4,2,15,1
1.0,288,0.0,50300.42,1.0,4,2,22,9
1.0,205,0.0,21809.98,1.0,4,2,33,4
1.0,240,26318.38,26506.32,1.0,3,4,39,25
28.0,360,93731.0,92563.92,0.0,5,2,11,3
31.0,240,19221.72,20181.96,0.9198373201,3,2,19,42
1.0,236,21262.15,10918.78,0.0,3,2,49,19
8.0,225,11347.27,11567.63,0.0,3,2,46,22
1.0,222,12707.61,7672.63,1.0,3,2,39,30
24.98,240,50882.84,51238.63,0.0,5,2,32,2
1.0,300,0.0,80022.91,1.0,4,2,16,2
0.0,60,14812.97,12476.2,0.0,5,2,35,7
1.0,300,0.0,51784.01,1.0,4,2,17,5
93.0,218,28280.87,24321.67,0.0,3,4,39,17
0.0,300,92693.85,88116.49,0.0,4,2,14,9
89.0,240,86072.0,85907.62,0.0,5,2,18,1
1.0,240,24250.12,27229.07,0.1094032958,3,4,42,15
77.0,360,0.0,164226.89,1.0,5,2,14,3
1.0,228,20654.21,23255.75,0.1118665276,3,2,39,19
5.0,360,0.0,126024.62,1.0,5,2,16,4
24.98,240,66274.99,57834.3,0.8363895413,4,2,28,30
4.0,240,57569.99,53386.74,0.0,4,2,13,11
22.0,300,39639.45,37748.44,0.0,4,2,37,4
22.0,320,0.0,134795.4,1.0,5,2,33,9
2.0,240,10578.62,11478.96,0.0784339348,3,2,44,11
1.0,240,9126.47,8002.42,1.0,3,4,19,34
64.0,200,8611.33,10676.54,0.8042521266,3,4,21,58
1.0,180,0.0,45597.51,1.0,5,2,14,12
24.98,60,32799.51,49624.22,0.0,1,2,10,10
24.98,240,71630.71,56860.04,0.0,5,2,12,21
49.0,300,0.0,54845.31,1.0,4,2,14,0
2.0,240,10249.71,11916.23,0.8898443551,3,2,22,33
3.0,218,33400.51,17708.46,0.9303637922,3,4,24,40
1.0,222,12698.85,7672.62,1.0,3,2,39,30
32.0,300,0.0,90377.01,1.0,4,2,19,1
1.0,222,12707.61,7680.86,1.0,3,2,39,30
1.0,230,13653.02,15967.72,0.9614891794,3,2,23,53
3.0,240,37981.22,39011.89,0.7724204266,4,2,24,33
94.0,240,904.83,24815.53,0.841806959,4,2,31,40
1.0,240,10481.31,11507.4,0.0891678398,3,2,36,17
96.0,320,39766.82,39409.8,0.0,5,2,25,3
37.0,218,33339.99,17802.76,0.9088596375,3,4,24,40
27.0,360,0.0,122611.11,0.7718793593,5,2,19,0
0.0,360,168351.72,152098.91,0.0,5,2,11,8
12.0,360,143392.19,148896.12,0.0369648987,5,2,20,6
94.0,230,20375.0,22011.42,0.9116535871,3,2,28,31
64.0,240,26282.9,29679.15,0.7829697928,4,2,22,29
24.98,120,0.0,47413.33,1.0,1,2,8,5
0.0,240,0.0,140749.33,1.0,5,2,28,9
1.0,240,25013.44,26637.58,1.0,3,4,13,46
18.0,300,0.0,50133.52,1.0,4,2,26,8
61.0,240,52962.47,58966.25,0.0,5,2,37,14
1.0,228,13211.32,12085.7,0.0,3,2,43,19
6.0,240,0.0,134121.32,1.0,5,2,31,5
24.98,120,65950.79,66984.01,0.0154248753,4,2,23,2
1.0,360,0.0,166855.74,1.0,5,2,15,5
1.0,240,0.0,50152.09,0.8094639864,5,2,18,5
8.0,300,0.0,48409.88,1.0,4,2,19,8
1.0,240,50443.28,42251.7,0.0,5,2,65,15
24.98,218,14775.07,9498.82,0.9351761587,3,4,17,32
0.0,360,0.0,148977.48,1.0,5,2,17,2
24.0,300,0.0,31215.94,1.0,4,2,17,4
24.98,240,111935.15,101064.25,0.0,5,2,15,10
24.98,180,0.0,217257.86,1.0,1,2,14,3
1.0,240,0.0,13117.45,1.0,4,2,39,13
0.0,300,68887.54,66998.8,0.0,4,2,19,5
5.0,300,0.0,72077.88,1.0,5,2,18,14
9.0,300,0.0,56622.05,1.0,4,2,11,1
0.0,360,124974.15,122011.91,0.0,5,2,15,2
1.0,360,0.0,210282.32,0.8590513526,5,2,21,4
24.98,204,11623.71,12661.29,0.0,4,3,37,8
1.0,240,21658.46,32155.65,0.7143106645,1,2,36,49
0.0,240,17535.07,20169.76,0.9324865541,3,2,31,27
0.0,240,0.0,77205.55,1.0,5,2,41,8
0.0,236,21260.47,9859.99,0.9832403481,3,2,28,40
90.0,240,0.0,32404.2,1.0,4,2,34,19
1.0,180,0.0,53094.68,1.0,4,3,61,26
1.0,240,0.0,71689.11,1.0,4,2,13,1
0.0,360,33258.98,28790.01,0.0,5,2,16,13
10.0,300,0.0,55699.83,1.0,4,2,19,3
24.98,240,167353.35,164163.93,0.0,1,2,35,1
0.0,240,69808.78,65144.05,0.0,1,2,69,5
24.98,204,29261.12,28073.6,0.0,4,3,17,5
1.0,300,53037.67,51673.36,0.0,5,2,20,3
4.0,234,19206.29,23092.17,0.9955097334,3,4,14,52
23.0,240,26316.66,26537.42,0.0083188192,3,4,49,6
94.0,150,30153.66,34395.89,0.0,5,2,27,14
37.0,360,0.0,210447.45,1.0,5,2,18,3
0.0,240,0.0,102975.28,0.7352695058,5,2,20,2
60.0,240,0.0,20490.2,1.0,4,2,68,2
1.0,240,76556.14,77680.47,0.0,5,2,39,1
31.0,300,67300.94,68530.91,0.0179476677,4,2,10,1
24.98,240,105354.97,103564.29,0.0,5,2,21,1
52.0,240,0.0,11740.4,1.0,4,2,50,7
52.0,240,0.0,49837.55,0.8233308655,5,2,38,13
24.98,180,73601.12,77511.6,0.0,5,2,28,1
47.0,240,19710.24,22278.83,1.0,3,2,15,42
24.98,360,24858.7,27469.63,0.0950478765,5,2,42,2
89.0,300,31922.92,31190.24,0.0,4,2,23,4
6.0,360,138454.64,143418.14,0.0346085927,5,2,11,0
24.98,300,53392.2,51831.87,0.0,4,2,8,5
2.0,218,28572.13,16616.64,0.9468737362,3,2,29,46
24.98,228,29906.76,27995.41,0.0,3,4,41,18
2.0,180,34506.4,36295.43,0.7058279724,1,2,30,57
24.98,360,68463.27,62570.71,0.0,5,2,18,8
4.0,300,0.0,40612.37,1.0,4,2,20,4
1.0,236,21262.15,9785.83,0.9731203178,3,2,28,40
44.0,240,22262.09,33373.58,0.7567548987,4,2,35,44
2.0,300,0.0,69957.6,1.0,4,2,12,11
1.0,240,0.0,64709.84,1.0,4,2,45,16
4.0,300,116296.29,132022.26,0.1191160491,5,2,18,20
1.0,240,42288.22,43107.26,0.0190000478,5,2,59,2
10.0,240,26592.66,26348.96,0.0,4,2,20,3
85.0,300,0.0,62652.63,1.0,4,2,31,4
24.98,221,33287.42,26189.94,0.0,3,4,37,21
30.0,300,48671.04,47268.48,0.0,4,2,22,6
29.0,260,0.0,189467.54,1.0,5,2,32,1
1.0,240,18211.82,20153.57,0.0,3,2,36,19
3.0,240,0.0,58324.79,1.0,4,2,26,1
26.0,216,17895.17,16358.37,0.9434558578,3,4,26,29
24.98,240,69342.66,57997.96,0.0,5,2,11,16
1.0,240,0.0,52436.32,1.0,4,2,45,5
2.0,90,0.0,66847.38,1.0,5,2,35,3
4.0,300,0.0,66035.59,1.0,4,2,16,4
24.98,240,124624.61,102666.96,0.0,5,2,8,21
29.0,240,94654.45,94372.1,0.0,5,2,15,3
2.0,240,0.0,66229.48,1.0,5,2,23,5
4.0,240,60305.37,56189.82,0.0,1,2,54,11
24.98,360,82784.03,80569.31,0.0,5,2,12,3
0.0,180,40624.98,39108.74,0.0,1,2,118,3
0.0,300,0.0,74521.92,1.0,4,2,17,13
94.0,240,59500.88,65270.56,0.0,1,2,44,14
0.0,240,0.0,100075.29,0.87290866,5,2,11,1
23.0,180,68686.57,80162.8,0.1431615413,5,2,41,6
70.0,240,117002.22,122484.03,0.0,5,2,21,1
94.0,240,73230.12,81607.1,0.0,5,2,22,3
38.0,300,0.0,48443.22,1.0,4,2,16,2
2.0,228,0.0,34832.2,1.0,4,2,66,15
1.0,218,32675.52,15675.62,0.9217109116,3,4,22,43
16.0,235,13119.93,13237.7,0.9642347236,3,2,20,61
24.98,204,44189.61,44709.43,0.0,4,3,21,4
24.98,60,27266.24,27031.24,0.0,5,2,19,0
1.0,236,21262.15,9792.33,0.9887963335,3,2,28,40
81.0,240,11108.88,11449.72,0.9403330387,3,2,25,29
94.0,230,11486.92,13831.0,0.9233837033,3,4,33,29
64.0,280,0.0,83200.61,1.0,4,2,27,2
24.98,116,16039.38,19131.19,0.1244475644,1,2,98,2
24.98,360,0.0,122786.99,1.0,5,2,9,4
1.0,240,10527.25,11956.01,0.1195014056,3,2,30,24
0.0,240,15832.8,18496.85,0.9208865293,3,2,31,54
2.0,300,0.0,72050.16,1.0,4,2,11,3
3.0,230,12890.95,13832.76,0.9536867552,3,4,33,29
24.98,240,37158.36,41935.16,0.0,5,2,17,15
26.0,300,74851.33,74287.44,0.0,4,2,8,1
11.0,360,0.0,121101.15,1.0,5,2,12,10
94.0,230,20375.0,21995.84,0.9119001593,3,2,28,31
96.0,360,0.0,122560.54,1.0,5,2,21,5
24.98,240,60936.71,65165.63,0.0,4,2,21,10
55.0,180,44740.11,44860.26,0.0,5,2,30,2
4.0,240,10514.86,8917.39,0.0,3,4,35,18
24.98,240,55102.26,45063.64,0.0,5,2,34,17
24.98,180,123969.67,109063.53,0.0,1,2,8,6
1.0,200,0.0,197014.02,1.0,5,2,19,2
94.0,240,12509.1,14708.42,0.8920597862,3,2,22,38
0.0,240,62537.68,47269.29,1.0,5,2,14,25
1.0,240,13797.67,14788.16,0.0,4,2,53,11
2.0,180,77834.45,58139.06,0.0,1,2,30,5
0.0,236,14260.36,14395.17,0.9957027253,3,2,26,57
1.0,236,16936.36,19610.37,0.9687792734,3,2,14,49
3.0,240,102579.16,96978.65,0.0,5,2,18,6
1.0,240,10249.72,12004.83,0.9650615627,3,2,21,34
2.0,300,28496.65,26426.1,0.0,4,2,10,9
1.0,300,0.0,54688.4,1.0,4,2,11,6
3.0,240,0.0,34513.05,1.0,4,2,27,1
14.0,360,0.0,259651.03,1.0,5,2,9,2
1.0,240,26236.34,26381.99,1.0,3,4,33,29
32.0,360,0.0,113732.84,1.0,5,2,16,3
1.0,300,63816.32,58758.48,0.0,4,2,8,12
8.0,300,0.0,41099.51,1.0,4,2,17,1
1.0,228,13215.18,11997.76,0.9695984917,3,2,27,35
1.0,300,0.0,73168.67,1.0,4,2,9,3
24.98,360,132671.98,135246.51,0.0,4,2,26,12
24.98,120,4015.61,15892.67,0.3712868712,1,2,73,35
0.0,240,99168.54,109977.55,0.0982837861,5,2,26,6
24.98,228,11285.16,16686.47,0.8966521979,3,4,39,38
24.98,204,12561.17,12199.54,0.0,4,3,23,5
1.0,240,0.0,69558.25,1.0,4,2,25,13
22.0,300,45165.49,43994.74,0.0,4,2,32,4
1.0,320,0.0,256500.11,1.0,5,2,27,1
7.0,300,0.0,38931.9,1.0,4,2,27,2
3.0,180,0.0,39491.47,0.7630707816,4,2,15,4
24.98,240,50029.72,52563.6,0.0482059828,4,2,32,4
24.98,240,19591.28,21447.48,0.0,4,2,31,7
1.0,120,0.0,96139.14,1.0,1,2,15,9
0.0,240,139271.78,116509.95,0.0,5,2,7,17
4.0,240,0.0,57680.91,1.0,5,2,59,2
8.0,360,0.0,101761.81,1.0,4,2,19,3
91.0,300,23786.91,23791.54,0.0,4,2,11,3
32.0,236,5185.62,6702.72,0.2263409482,3,4,75,8
0.0,240,108026.12,80848.74,1.0,5,2,29,25
1.0,228,13213.6,12070.39,0.9874494528,3,2,23,39
1.0,300,0.0,77377.4,1.0,5,2,24,6
91.0,240,129358.34,131170.03,0.0,4,2,9,5
0.0,236,17547.59,14528.27,0.9677277474,3,2,12,48
24.98,310,102655.12,94950.94,0.0,5,2,8,20
90.0,221,26176.27,20060.46,0.9399948954,3,4,31,33
90.0,221,24468.75,20171.85,0.9180927877,3,4,31,33
93.0,218,28243.12,24438.02,0.0,3,4,39,17
4.0,295,0.0,32893.23,1.0,4,2,22,7
15.0,240,0.0,129082.31,0.7147092005,5,2,9,23
2.0,300,0.0,89680.06,1.0,4,2,11,1
85.0,240,82116.06,74603.01,0.0,4,2,18,9
1.0,180,334051.21,256434.28,0.6516668126,5,2,11,32
1.0,236,6451.61,7857.2,0.9510869012,3,4,38,45
10.0,300,0.0,74824.83,1.0,4,2,21,7
3.0,300,54766.19,54347.17,0.0,4,2,13,13
1.0,360,0.0,172034.36,0.0,5,2,18,15
24.98,240,5681.32,47326.78,0.8799554924,1,2,43,2
24.98,240,35528.97,34939.66,0.0,3,4,41,14
24.98,240,12398.0,13679.77,0.0,4,2,32,9
0.0,240,79775.75,54061.11,0.7554956302,5,2,32,31
24.98,300,0.0,61341.16,1.0,4,2,11,4
1.0,230,13653.02,15965.84,0.9383984808,3,2,23,53
24.98,240,74892.28,69359.87,0.0,5,2,17,7
24.98,240,146368.77,131500.26,0.0,5,2,24,8
24.98,240,166088.15,158655.73,0.0,5,2,14,4
16.0,120,23638.91,23060.18,0.0,5,2,36,3
0.0,240,74050.88,88577.23,0.1639964357,5,2,18,24
76.0,300,51050.71,51502.42,0.0087706558,4,2,33,1
34.0,240,79058.62,52200.5,0.0,5,2,12,7
24.0,360,0.0,80132.23,1.0,5,2,16,8
24.98,240,97169.51,87329.22,0.0,5,2,19,9
1.0,84,103682.25,75911.37,1.0,5,2,15,25
76.0,236,15328.69,20968.57,0.8619586362,3,4,29,32
2.0,240,0.0,72798.71,1.0,5,2,55,3
0.0,240,0.0,124796.39,0.6110441534,5,2,16,4
7.0,360,0.0,68622.5,1.0,5,2,17,8
0.0,60,0.0,117987.86,0.4732063503,1,2,21,10
46.0,300,0.0,91114.91,1.0,4,2,19,4
38.0,240,19221.72,19908.83,0.9684205451,3,2,19,42
5.0,240,0.0,45996.16,1.0,4,2,19,1
1.0,223,12697.03,7680.84,0.9431142948,3,2,39,30
3.0,240,0.0,134048.25,1.0,5,2,32,5
93.0,360,0.0,99838.19,1.0,5,2,21,7
41.0,236,19371.79,15661.11,0.9746001401,3,2,14,46
26.0,240,85664.34,84694.25,0.0,5,2,31,1
96.0,180,0.0,274766.93,1.0,5,2,25,2
0.0,240,26316.66,26461.0,1.0,3,4,22,33
24.98,218,28450.5,29521.37,0.0,3,2,60,15
24.98,240,62914.89,76121.9,0.8365429366,4,2,19,43
2.0,240,10009.05,10748.81,0.0688225022,3,2,45,13
3.0,240,0.0,46107.27,1.0,4,2,18,1
1.0,222,11956.52,5586.13,0.9139565316,3,2,20,50
24.98,180,0.0,184534.5,1.0,1,2,14,3
24.98,240,15568.04,19475.44,0.0,1,2,38,23
1.0,300,0.0,93487.81,1.0,4,2,12,8
1.0,300,0.0,41675.28,1.0,4,2,12,10
94.0,204,20748.42,20781.21,0.0,4,3,20,1
9.0,360,0.0,257571.45,1.0,5,2,26,4
1.0,240,0.0,100514.46,1.0,5,2,39,2
95.0,180,54611.69,54956.14,0.0,5,2,16,2
1.0,240,69594.95,69341.96,0.0,5,2,29,3
24.98,360,0.0,174359.35,1.0,5,2,11,5
1.0,300,0.0,49627.0,1.0,4,2,7,19
23.0,225,16828.9,17616.03,0.0446825987,3,2,72,8
24.98,221,33287.42,31017.9,0.0,3,4,46,12
56.0,300,41173.45,40530.55,0.0,4,2,23,3
2.0,360,0.0,73733.67,1.0,5,2,11,2
4.0,240,0.0,39190.43,1.0,5,2,59,2
31.0,239,64832.19,74741.89,0.0,5,2,20,16
11.0,300,0.0,62403.43,1.0,4,2,14,5
0.0,234,12502.81,17634.95,1.0,3,4,38,42
35.0,181,58264.94,59238.01,0.0164264465,1,2,67,2
17.0,300,176790.0,185292.41,0.0,4,2,10,1
13.0,232,15422.54,12585.11,0.9678056052,3,2,28,32
1.0,300,0.0,38175.63,1.0,4,2,17,7
94.0,180,16732.32,17004.4,0.0,4,3,45,2
1.0,240,26238.25,11997.27,0.9582930117,3,4,7,55
1.0,300,0.0,58177.59,1.0,4,2,26,4
24.98,240,26319.92,25939.88,0.97793282,3,4,18,43
24.98,180,45017.27,46065.96,0.7199062726,5,2,14,32
1.0,236,19371.79,15738.73,0.9686283455,3,2,12,48
1.0,228,24464.19,14198.0,0.8464699253,3,4,14,60
94.0,229,15816.26,18925.24,0.9412234667,3,2,24,59
1.0,300,0.0,71486.68,1.0,5,2,22,1
1.0,240,71643.46,87521.64,0.7435055745,4,2,19,31
6.0,240,0.0,24614.37,1.0,4,2,50,4
24.98,240,26238.24,12003.37,0.9564497304,3,4,7,55
1.0,240,0.0,42081.63,1.0,4,2,31,4
24.98,240,69885.64,51561.34,1.0,4,2,20,29
77.0,360,100274.86,100331.47,0.0005642297,5,2,12,1
22.0,300,54266.82,51228.73,0.0,4,2,9,12
24.98,60,19846.87,17517.9,0.0,5,2,20,8
7.0,240,0.0,47864.66,1.0,4,2,84,3
0.0,240,0.0,131547.02,1.0,5,2,20,23
24.98,240,39941.87,43748.3,0.0,5,2,37,3
24.98,232,15339.98,12509.38,0.8486223938,3,2,31,32
5.0,300,0.0,69809.26,1.0,4,2,13,17
0.0,72,0.0,39998.98,0.5794706958,5,2,42,2
1.0,240,99237.41,65346.82,1.0,5,2,17,35
1.0,234,19615.36,22982.78,0.9793380087,3,4,32,36
56.0,229,15816.25,18894.19,0.9265657856,3,2,23,60
1.0,144,146697.19,129960.41,0.0,5,2,7,9
24.98,220,5681.31,7137.38,0.8796238956,3,2,18,65
1.0,228,20655.25,23603.1,0.0,3,2,35,23
2.0,300,74870.78,73878.27,0.0,4,2,9,3
24.98,240,127326.65,121686.17,0.0,5,2,48,3
1.0,240,0.0,35593.34,0.8099800587,4,2,14,23
2.0,300,0.0,65078.24,1.0,4,2,13,7
1.0,240,0.0,42456.26,1.0,4,2,22,8
1.0,240,0.0,108787.45,0.658189899,5,2,35,21
24.98,240,49808.76,36561.08,0.0,1,2,94,22
1.0,222,11968.16,5537.22,0.9365511936,3,2,20,50
24.98,240,27535.8,27674.74,0.0,5,2,33,8
1.0,180,0.0,186983.43,0.7273122322,5,2,22,31
24.98,180,9857.89,9713.3,0.0,4,2,30,2
2.0,236,3482.61,5126.62,0.0,3,4,52,23
1.0,360,188119.0,136632.06,1.0,5,2,13,27
26.0,240,0.0,43527.31,0.7845157854,4,2,22,14
56.0,180,90669.4,88806.44,0.0,5,2,35,2
7.0,240,50587.08,54171.19,0.0,5,2,27,15
26.0,240,0.0,105518.92,1.0,5,2,41,0
24.98,240,26318.38,26429.82,0.9961683432,3,4,33,31
1.0,180,48807.84,46194.78,0.0,5,2,45,5
1.0,240,27248.17,28913.08,0.9907256508,3,4,25,32
1.0,300,0.0,62123.96,1.0,4,2,14,2
0.0,240,0.0,90142.03,1.0,5,2,28,22
4.0,240,77769.0,78588.85,0.0,1,2,31,5
24.98,222,11453.93,4291.33,0.9231427087,3,2,14,51
1.0,236,21262.72,19241.23,0.9616308313,3,2,17,57
24.98,240,282064.38,261871.82,0.0,5,2,12,6
1.0,228,0.0,36250.97,0.7593223357,4,2,27,1
59.0,240,0.0,35658.03,1.0,4,2,47,4
2.0,240,112567.79,127112.64,0.1144248912,5,2,24,8
24.98,60,19437.27,21675.17,0.1032471718,1,2,41,4
1.0,222,11446.87,4285.37,0.9300060438,3,2,13,52
61.0,180,35112.86,42783.55,0.1792906386,1,2,81,5
24.98,225,16828.85,19422.64,0.9037041308,3,2,28,52
44.0,240,28559.28,15964.35,0.96188946,3,2,34,29
0.0,228,20649.33,23546.94,0.1230567539,3,2,36,22
24.98,188,37255.9,34970.63,0.0,5,2,12,5
18.0,240,0.0,121862.3,1.0,5,2,52,2
24.98,240,39456.25,37409.22,0.0,5,2,33,4
24.98,110,52098.84,51391.36,0.0,5,2,44,1
24.98,240,35848.92,35906.3,0.0015980483,3,4,40,0
24.98,240,106202.07,96371.23,0.0,5,2,27,9
71.0,180,106177.14,104642.04,0.0,5,2,11,2
1.0,360,0.0,103238.45,1.0,5,2,16,0
24.98,360,290313.59,267071.55,0.0,5,2,8,8
24.98,120,38540.52,45707.99,0.1568100019,5,2,42,1
24.98,240,49396.47,54996.96,0.0134086485,5,2,29,2
70.0,120,22624.16,31643.64,0.0,4,2,16,24
24.98,240,292623.42,259019.98,0.0,5,2,15,11
45.0,240,0.0,83093.86,1.0,4,2,21,24
24.98,72,11828.72,8476.07,0.0,1,2,36,14
24.98,300,35360.32,28847.2,0.0,4,2,11,4
24.98,360,71197.4,67769.89,0.0,5,2,38,3
68.0,218,33258.52,18075.86,0.8479458239,3,4,24,40
1.0,240,26238.24,26519.27,1.0,3,4,20,38
17.0,300,0.0,76464.08,1.0,4,2,12,1
12.0,240,53206.51,60438.47,0.6952855358,5,2,34,28
95.0,180,25725.85,30997.38,0.170063728,5,2,39,2
1.0,218,33653.28,17708.46,0.9303637922,3,4,24,40
9.0,300,69574.76,70115.09,0.0077063297,4,2,18,0
7.0,240,216766.48,241548.36,0.1025959357,5,2,37,3
23.0,300,0.0,66505.48,1.0,4,2,21,5
52.0,240,0.0,49575.73,1.0,4,2,16,7
64.0,360,93839.87,94533.05,0.0073326736,4,2,26,5
1.0,236,21249.77,10885.14,0.9399980156,3,2,38,30
0.0,240,0.0,81884.18,1.0,5,2,19,11
12.0,240,0.0,65391.84,0.7418529031,5,2,19,2
42.0,180,0.0,15499.76,1.0,5,2,74,1
1.0,239,120602.29,60087.24,0.617049815,1,2,24,60
24.98,120,137121.42,131407.38,0.0,5,2,7,3
56.0,240,58675.79,56071.38,0.0,5,2,23,4
8.0,240,8632.87,9327.46,0.0744672183,4,2,77,1
3.0,240,19221.72,19747.49,0.977679695,3,2,28,33
2.0,300,0.0,75177.43,1.0,5,2,46,11
1.0,240,0.0,27337.6,1.0,4,2,21,1
0.0,360,61691.25,67788.8,0.0899492247,5,2,9,10
0.0,300,0.0,41634.61,1.0,4,2,14,4
23.0,240,40837.36,42640.88,0.0,4,2,27,8
16.0,240,0.0,158827.3,1.0,4,2,28,5
12.0,360,221417.97,207943.35,0.0,5,2,7,6
36.0,204,35157.63,35178.83,0.0,4,3,26,2
24.98,360,39999.8,41560.62,0.0375552627,4,2,25,2
7.0,300,0.0,83912.29,1.0,4,2,32,1
1.0,228,10171.89,9062.2,0.0,3,2,41,21
53.0,300,0.0,60827.42,1.0,4,2,22,5
0.0,360,0.0,171936.7,1.0,5,2,7,8
7.0,240,0.0,84661.28,1.0,4,2,37,1
1.0,240,42211.62,40452.77,0.0,4,2,35,9
1.0,240,135699.37,124395.99,0.0,5,2,30,22
0.0,240,0.0,79001.36,1.0,4,2,16,34
88.0,240,0.0,23802.31,1.0,4,2,43,1
0.0,240,0.0,28817.27,1.0,4,2,27,20
1.0,300,66728.15,62955.56,0.0,4,2,9,10
50.0,360,0.0,140480.12,1.0,5,2,24,1
77.0,360,323003.41,321149.2,0.0,5,2,14,1
90.0,300,0.0,83657.1,1.0,4,2,19,3
24.98,240,158006.66,185112.65,0.1350580709,5,2,8,18
1.0,234,9793.75,12392.98,0.946372059,3,2,40,41
24.98,240,62853.14,70026.35,0.1024358688,4,2,33,7
96.0,120,1500867.44,1386849.62,0.0,1,2,9,4
1.0,300,0.0,72033.85,1.0,4,2,12,1
24.98,222,11455.23,4282.76,0.9171679011,3,2,12,53
56.0,240,41897.0,42333.43,0.0103093465,5,2,49,3
24.98,360,0.0,160060.31,1.0,5,2,12,4
7.0,300,69774.95,69869.25,0.0013496638,4,2,8,2
71.0,300,0.0,50431.5,1.0,4,2,31,4
7.0,240,0.0,93105.78,0.87370215,4,2,21,30
1.0,240,26316.66,26522.69,0.0077680658,3,4,37,18
70.0,300,61772.71,62765.72,0.0,4,2,11,6
1.0,240,115931.18,105920.3,0.0,5,2,29,7
24.98,180,114070.42,127910.17,0.0,5,2,18,3
4.0,236,4915.38,6753.04,0.2721233696,3,4,72,11
94.0,240,12685.2,20495.69,0.7897862686,4,2,13,45
20.0,240,143164.0,152993.8,0.0,5,2,12,1
1.0,240,0.0,22052.52,0.8344342046,4,2,29,2
24.98,240,43941.7,42562.08,0.8781523357,4,2,27,26
96.0,240,34146.56,34928.07,0.0,4,2,24,8
2.0,240,0.0,75532.52,0.6733708889,5,2,48,23
24.98,180,54832.59,77874.37,0.2958839988,5,2,34,7
0.0,240,0.0,62632.6,1.0,5,2,50,4
4.0,204,45417.17,47359.4,0.0410104435,4,3,79,4
24.98,240,41974.64,40926.7,0.0,4,2,45,3
13.0,240,0.0,25990.02,0.8411599291,4,2,7,27
64.0,300,67215.51,69251.54,0.0294005014,4,2,25,0
5.0,180,51506.7,52835.72,0.0,5,2,31,1
24.0,240,46653.71,56512.3,0.1744503409,5,2,37,20
4.0,300,0.0,39688.61,1.0,4,2,7,3
76.0,327,129562.47,132982.32,0.0257165765,5,2,9,1
7.0,240,19221.72,19953.9,0.940392605,3,2,22,39
94.0,240,8285.48,10157.85,0.8735598576,3,2,23,41
83.0,234,11789.63,15177.0,0.8712525532,3,2,22,52
1.0,300,84578.36,80855.22,0.0,4,2,9,8
1.0,240,0.0,45482.2,1.0,4,2,34,6
24.98,120,71967.68,48767.3,1.0,5,2,7,31
24.98,234,21348.08,15211.13,0.9673607418,3,2,18,40
7.0,300,0.0,83376.78,1.0,4,2,11,1
29.0,240,48717.9,53947.0,0.0,5,2,25,2
46.0,240,0.0,55555.48,1.0,5,2,24,2
95.0,180,109236.05,111271.86,0.0182958207,5,2,18,1
1.0,240,0.0,103784.16,1.0,5,2,44,4
94.0,230,20375.0,22395.49,0.8868272139,3,2,28,31
1.0,292,0.0,59222.21,1.0,4,2,18,9
1.0,234,14892.43,14628.94,0.9715324555,3,2,32,48
1.0,234,9793.75,10324.71,0.0514261418,3,2,74,7
1.0,240,0.0,36182.88,1.0,4,2,39,13
20.0,300,0.0,58742.56,1.0,4,2,20,1
1.0,234,19773.44,23047.8,0.9345837781,3,4,27,32
71.0,300,0.0,88824.59,1.0,4,2,25,1
56.0,220,11461.58,11441.53,0.9373475401,3,4,18,61
24.98,360,186279.12,182286.09,0.0,5,2,14,2
24.98,240,35430.75,38225.78,0.6929634362,5,2,11,29
46.0,240,0.0,54160.92,1.0,5,2,76,4
94.0,300,0.0,47453.2,1.0,4,2,26,2
96.0,300,0.0,66325.62,1.0,4,2,27,1
24.98,222,11453.5,4282.75,0.9128994221,3,2,12,53
83.0,240,19809.25,10109.63,0.0,3,4,15,21
22.0,240,56500.45,57022.87,0.0,4,2,23,0
0.0,240,0.0,138306.42,0.6977790719,5,2,9,3
24.98,360,0.0,71578.69,1.0,5,2,10,1
1.0,240,0.0,50680.0,1.0,4,2,15,8
83.0,300,0.0,44144.96,1.0,4,2,27,3
9.0,300,0.0,78704.51,1.0,4,2,24,1
5.0,300,0.0,60507.13,1.0,4,2,14,6
8.0,240,0.0,38555.12,1.0,4,2,35,2
9.0,240,0.0,163028.9,1.0,5,2,11,1
68.0,218,33475.73,17720.74,0.9275442222,3,4,24,40
17.0,236,16108.82,19293.15,0.915636897,3,2,16,63
37.0,240,11057.87,11441.84,0.944932808,3,2,25,30
1.0,236,13141.13,14253.17,0.942183388,3,2,11,57
94.0,234,11788.52,14021.58,0.8588625533,3,2,45,29
24.98,218,33461.05,17708.46,0.9303637922,3,4,24,40
4.0,234,11787.78,12934.31,0.0886425329,3,2,65,9
24.98,360,86572.65,81260.24,0.0,5,2,17,3
1.0,300,72199.26,68057.24,0.0,4,2,8,17
0.0,360,0.0,92463.54,1.0,5,2,28,10
68.0,218,33471.8,17724.5,0.9266659144,3,4,24,40
64.0,236,20283.49,19278.61,0.9217137543,3,2,17,54
24.98,360,0.0,135972.73,1.0,5,2,9,3
16.0,360,0.0,258737.16,1.0,5,2,10,2
13.0,240,98369.23,84472.83,0.0,4,2,20,17
1.0,228,20653.33,23004.65,0.10221064,3,2,35,23
3.0,240,77275.36,89251.37,0.0,5,2,34,14
60.0,300,0.0,73883.79,1.0,4,2,15,1
68.0,215,33422.29,17708.46,0.9303637922,3,4,24,40
2.0,225,0.0,51167.27,1.0,5,2,61,2
1.0,300,36819.84,34277.82,0.0,4,2,14,10
0.0,240,0.0,208193.96,1.0,5,2,30,12
1.0,240,35528.98,34886.99,0.0,3,4,44,11
94.0,240,20008.2,20178.23,0.0,4,2,18,0
1.0,240,0.0,46176.73,1.0,4,2,8,37
1.0,180,0.0,12336.54,1.0,4,2,44,8
2.0,240,10512.26,12021.84,0.1255697963,3,2,31,23
1.0,300,0.0,68513.74,1.0,4,2,8,10
24.98,204,29781.36,35104.2,0.0,1,2,23,10
38.0,300,51665.82,51068.04,0.0,4,2,23,2
1.0,236,11573.7,12099.82,1.0,3,4,21,45
0.0,175,151733.79,113298.19,0.0,5,2,14,21
64.0,230,20378.17,21995.84,0.9318798464,3,2,28,31
1.0,236,5609.83,5942.18,1.0,3,4,27,55
24.98,120,14381.0,13114.45,0.0,1,2,37,6
70.0,225,16099.09,18587.26,0.921647946,3,2,27,53
10.0,240,11114.4,11474.6,0.0,3,2,31,24
0.0,300,0.0,66861.3,1.0,4,2,20,1
9.0,240,34030.25,35568.96,0.0,5,2,10,2
24.98,360,0.0,153675.69,1.0,5,2,10,3
24.98,240,69869.36,64322.43,0.0,1,2,70,7
4.0,300,0.0,65477.92,1.0,4,2,12,1
89.0,72,0.0,2123.19,0.5365721047,4,1,12,60
94.0,234,13510.62,14117.12,0.9617089038,3,2,14,60
94.0,230,22730.04,22842.14,0.9678401411,3,4,23,52
3.0,240,56642.68,56421.33,0.0,5,2,29,1
94.0,225,19560.93,14602.83,0.9402020019,3,4,22,26
1.0,300,0.0,38797.26,1.0,4,2,16,14
13.0,300,50357.32,46245.2,0.0,4,2,17,20
1.0,240,111209.69,115029.38,0.0,5,2,13,2
1.0,240,0.0,60025.18,1.0,5,2,17,12
1.0,240,15830.39,18425.92,0.9766736206,3,2,33,52
6.0,240,0.0,151563.69,1.0,5,2,36,7
57.0,280,123864.37,125312.69,0.0115576483,5,2,12,1
2.0,288,0.0,92076.6,0.8062053087,5,2,24,3
1.0,236,5407.57,8382.79,0.8724481945,3,4,19,64
0.0,230,11555.9,13836.89,0.9331396,3,4,33,29
0.0,140,0.0,75948.65,1.0,5,2,19,31
24.98,240,28641.69,27955.51,0.0,4,2,38,3
44.0,240,104618.27,103862.9,0.0,5,2,16,4
24.98,240,36638.3,36369.78,0.0,4,2,41,3
93.0,240,35577.59,37123.14,0.0,4,2,15,3
0.0,360,0.0,210561.2,1.0,5,2,14,13
52.0,240,0.0,42209.9,1.0,5,2,45,1
2.0,300,0.0,66576.52,1.0,4,2,19,2
1.0,360,128998.96,127507.7,0.0,5,2,11,3
24.98,240,132932.2,148358.59,0.1039804301,5,2,19,4
25.0,240,48864.48,50186.45,0.0,5,2,23,1
24.98,300,83044.59,79950.13,0.0,4,2,8,7
24.98,240,32053.63,30548.66,0.0,4,2,40,6
0.0,360,0.0,262474.2,1.0,5,2,18,2
7.0,237,26894.05,25548.5,0.0,4,2,25,9
77.0,300,0.0,93924.46,1.0,4,2,22,5
1.0,360,100834.43,102389.56,0.0151883649,5,2,25,1
1.0,240,155321.69,125508.19,0.8504387292,5,2,18,32
4.0,240,0.0,94430.4,1.0,4,2,35,5
1.0,360,145909.66,143749.44,0.0,5,2,24,11
2.0,240,0.0,108912.02,1.0,5,2,34,0
1.0,240,0.0,101904.27,1.0,5,2,24,2
18.0,140,0.0,227886.89,1.0,5,2,26,1
24.98,360,49352.31,47794.79,0.0,5,2,7,3
61.0,360,0.0,49208.25,1.0,5,2,13,3
1.0,300,65003.07,55593.73,0.0,5,2,14,20
1.0,234,14892.43,16016.61,0.9816546697,3,2,20,60
1.0,231,7861.67,9392.22,0.9262442745,3,2,49,29
1.0,120,28283.18,33948.56,0.1668813051,5,2,23,10
4.0,240,0.0,90872.75,1.0,4,2,10,1
1.0,240,13039.32,16319.01,0.0,3,4,42,19
1.0,240,84703.46,77942.97,0.6954066084,5,2,14,46
4.0,240,0.0,95398.78,0.7032295078,5,2,11,15
2.0,240,0.0,131467.19,0.7292256634,5,2,21,17
7.0,200,9377.81,10623.44,0.8780395051,3,4,21,58
2.0,300,0.0,69799.93,1.0,4,2,30,1
94.0,221,33287.63,27615.94,0.0,3,4,41,17
1.0,300,0.0,57024.47,0.0,4,2,17,11
96.0,300,0.0,63363.35,1.0,4,2,11,2
1.0,300,0.0,68934.93,1.0,4,2,13,12
24.98,360,127368.13,126299.44,0.0,5,2,16,1
24.98,232,15428.34,12504.9,0.9764116466,3,2,28,32
1.0,240,94848.3,97973.53,0.0,5,2,28,2
8.0,300,0.0,49856.43,1.0,4,2,14,6
24.98,222,26710.81,4590.35,0.9094183634,3,2,8,35
1.0,230,22871.08,22925.63,0.9606985719,3,4,23,52
94.0,224,14923.81,17852.06,0.890134808,3,2,17,55
52.0,240,0.0,75304.84,1.0,4,2,36,4
44.0,240,94961.62,100285.65,0.0,5,2,31,4
7.0,300,35685.76,34861.46,0.0,4,2,15,9
1.0,236,9477.32,9711.66,0.9688075983,3,2,31,55
1.0,360,275357.96,262501.15,0.0,5,2,16,4
10.0,240,0.0,67779.45,0.8095012864,4,2,13,1
4.0,180,87527.72,104858.4,0.6892707111,5,2,35,42
1.0,120,21587.56,26345.49,0.180597514,5,2,21,13
8.0,240,0.0,81055.0,1.0,4,2,31,4
2.0,120,0.0,5936.65,0.6674666566,4,3,38,32
24.98,218,14774.88,9484.36,0.9285286514,3,4,17,32
53.0,240,0.0,82634.58,1.0,5,2,28,1
24.98,222,11454.57,4460.22,0.8085296241,3,2,14,51
1.0,240,0.0,17396.92,1.0,4,2,24,21
1.0,240,0.0,98798.86,1.0,5,2,35,0
1.0,240,26318.38,26653.38,0.0125687624,3,4,41,23
90.0,300,61191.35,58009.41,0.0,4,2,23,9
1.0,360,0.0,154079.51,1.0,5,2,22,13
24.98,240,13031.76,14095.68,0.0,3,4,25,12
16.0,240,14085.45,25690.06,0.0,5,2,43,19
1.0,300,0.0,59885.33,1.0,4,2,30,1
1.0,202,24996.19,27262.13,0.9167904342,3,4,13,46
0.0,300,34820.44,31945.5,0.0,4,2,22,15
52.0,218,34149.46,17707.11,0.9300501324,3,4,24,40
31.0,120,0.0,24456.22,0.5021715515,5,2,29,3
5.0,240,20755.33,18073.19,0.9775258269,3,4,23,39
9.0,120,5176.64,5342.0,0.0,4,3,22,2
6.0,360,105128.96,101751.61,0.0,4,2,16,4
1.0,120,0.0,35316.72,1.0,5,2,15,13
24.98,204,18076.33,19930.84,0.0930472574,4,3,27,7
77.0,240,142500.65,157931.43,0.0977055675,5,2,17,2
45.0,360,34976.75,33333.97,0.0,5,2,17,5
24.98,240,47630.76,40314.71,0.0,4,2,27,14
20.0,120,0.0,70079.23,1.0,1,2,14,3
24.98,240,21444.25,23757.78,0.0070985656,4,2,16,9
64.0,240,18634.69,18492.1,0.0,4,2,24,7
31.0,230,7788.13,9886.65,0.8780678996,3,2,22,45
0.0,300,0.0,72857.6,1.0,5,2,15,7
24.98,240,29974.46,40703.51,0.6591906454,1,2,81,33
24.98,222,26678.94,4146.76,0.9547791529,3,2,7,36
24.98,240,79404.99,78446.38,0.0,5,2,13,2
4.0,240,0.0,77114.46,1.0,4,2,44,8
8.0,360,375279.84,350427.22,0.0,5,2,30,8
0.0,240,20396.96,23261.54,1.0,3,2,33,25
13.0,360,0.0,50322.76,1.0,5,2,31,2
53.0,204,49184.86,50907.28,0.0,4,3,50,1
94.0,224,14923.81,17835.81,0.908933208,3,2,19,53
24.98,240,77961.74,63428.13,0.0,5,2,46,15
5.0,240,100539.73,102010.82,0.0,5,2,10,2
56.0,240,19221.72,19817.04,0.9690670251,3,2,21,40
23.0,218,33471.76,17724.5,0.9266659144,3,4,24,40
3.0,120,0.0,50625.28,1.0,5,2,41,17
2.0,240,0.0,147776.28,1.0,5,2,27,2
65.0,360,0.0,67006.49,1.0,5,2,27,8
1.0,300,51020.77,50955.76,0.0,4,2,20,1
24.98,240,144310.89,137371.03,0.0,5,2,31,10
65.0,300,70332.86,70309.11,0.0,4,2,27,1
1.0,360,0.0,129682.73,1.0,5,2,11,1
24.98,180,61460.25,42465.47,1.0,5,2,18,30
80.0,240,0.0,64161.31,1.0,5,2,62,4
0.0,240,0.0,40481.75,1.0,1,2,74,10
5.0,240,0.0,130367.17,1.0,5,2,27,3
4.0,240,31932.56,32918.65,0.0,1,2,97,1
2.0,240,0.0,79549.92,1.0,4,2,38,13
96.0,234,19894.65,23049.72,0.9272468386,3,4,30,29
1.0,360,80287.69,85945.25,0.065827489,5,2,13,8
13.0,240,0.0,85322.43,0.7584248652,5,2,26,38
24.98,360,51185.28,51274.02,0.0,5,2,10,13
13.0,230,8308.71,9612.49,0.9036784434,3,2,28,52
82.0,240,47505.86,48654.1,0.0236000666,4,2,28,1
1.0,300,0.0,76127.34,1.0,4,2,13,2
1.0,300,57009.14,52384.41,0.0,4,2,8,13
0.0,240,64733.29,63556.68,0.0,5,2,28,5
1.0,300,0.0,46850.12,1.0,4,2,23,1
24.98,300,63184.89,59984.35,0.0,4,2,7,9
1.0,300,0.0,45088.8,1.0,4,2,28,3
24.98,232,15427.43,12512.16,0.9750434777,3,2,28,32
45.0,360,0.0,192043.82,1.0,5,2,14,7
28.0,360,90273.77,90267.07,0.0,5,2,15,2
24.98,300,62719.77,59314.52,0.0,4,2,21,5
24.98,300,0.0,83709.18,1.0,4,2,8,1
17.0,300,0.0,76926.36,1.0,4,2,16,3
56.0,230,8242.44,9750.58,0.8576946192,3,2,28,52
0.0,300,71900.68,71153.64,0.0,4,2,16,3
1.0,240,204413.81,129297.34,1.0,5,2,7,38
7.0,240,0.0,77077.24,1.0,5,2,13,16
22.0,240,108369.86,112711.97,0.0,5,2,8,0
5.0,228,20656.47,23941.55,0.9291432677,3,2,31,27
94.0,230,11483.39,13838.61,0.9055092961,3,4,33,29
24.98,239,55362.36,61156.5,0.0,5,2,19,5
0.0,360,145598.59,131897.75,0.0,5,2,13,10
1.0,240,52496.28,58942.03,0.1093574483,5,2,40,12
16.0,180,90812.32,96775.51,0.0,5,2,12,11
44.0,240,0.0,71683.91,0.6907889501,5,2,19,10
94.0,240,12867.86,17752.86,0.9349609021,3,4,27,34
24.98,230,10097.14,9815.29,0.0,3,2,15,11
13.0,240,0.0,86514.21,1.0,4,2,18,3
56.0,181,35362.0,36427.28,0.0,5,2,21,1
13.0,300,0.0,50111.61,1.0,4,2,25,1
24.98,240,27571.81,27744.44,0.0062221476,1,2,71,0
24.98,360,172672.81,151010.74,0.0,4,2,9,13
56.0,300,56118.04,55133.6,0.0,4,2,22,3
26.0,204,44221.06,43951.04,0.0,4,3,45,3
24.98,180,41685.57,42705.93,0.0,4,2,46,2
32.0,240,31952.37,29659.54,0.0,5,2,34,7
1.0,236,14260.36,14532.18,0.9981977928,3,2,37,46
1.0,240,0.0,24367.26,1.0,4,2,14,6
1.0,228,13214.58,12062.59,0.0,3,2,41,21
1.0,300,98622.29,85059.05,0.0,5,2,9,14
94.0,232,15237.39,18316.76,0.8973792308,3,2,24,59
1.0,240,165776.73,165938.1,0.0009724711,5,2,32,1
12.0,120,0.0,100442.7,1.0,5,2,48,13
8.0,300,0.0,73671.11,1.0,4,2,8,2
1.0,360,0.0,127438.42,1.0,5,2,15,1
25.0,360,0.0,52788.42,1.0,5,2,19,5
13.0,180,14130.7,15950.78,0.1141060186,3,2,69,5
40.0,240,59950.53,65689.26,0.0,5,2,44,18
24.0,120,31100.66,46008.57,0.0,4,3,77,16
2.0,240,59220.51,60237.63,0.0,4,2,25,1
94.0,240,11897.37,12825.18,0.0,3,4,29,23
8.0,300,0.0,67117.84,1.0,4,2,19,6
1.0,222,15468.05,17216.38,0.0,3,2,55,16
24.98,240,149010.47,192544.11,0.0,1,2,51,23
1.0,360,0.0,193855.57,1.0,5,2,10,2
5.0,240,37709.22,42030.38,0.0,5,2,12,18
24.98,240,101587.0,107133.71,0.7990461542,5,2,9,25
3.0,238,69533.17,76850.91,0.0952199525,5,2,12,11
1.0,200,11706.46,10630.64,0.9468206994,3,4,21,58
24.98,237,26661.72,4409.71,0.770800038,3,2,7,36
1.0,234,14892.43,14682.96,0.9829196565,3,2,32,48
1.0,240,0.0,34774.66,1.0,5,2,28,5
94.0,230,11483.44,13838.13,0.9188307958,3,4,33,29
38.0,222,0.0,38015.59,0.0,4,2,25,16
1.0,180,0.0,101336.13,0.8544578334,5,2,27,7
1.0,60,0.0,16705.1,0.0,5,2,32,13
1.0,300,0.0,78055.72,1.0,4,2,12,7
1.0,230,8256.13,9618.56,0.8929829413,3,2,28,52
4.0,60,0.0,21893.75,1.0,5,2,26,3
3.0,300,0.0,141909.32,1.0,5,2,32,0
81.0,221,26175.37,20030.61,0.94333223,3,4,31,33
89.0,240,39494.67,39769.15,0.0,4,2,23,3
94.0,234,13493.07,14178.79,0.9515960107,3,2,14,60
1.0,204,0.0,12797.0,0.7333008738,4,3,56,22
94.0,240,11057.35,11480.9,0.0,3,2,31,24
94.0,230,20375.0,22027.0,0.9014949834,3,2,28,31
24.98,240,7826.62,8100.72,0.0,4,2,45,8
24.98,60,4146.45,12832.44,0.529571367,5,2,15,39
24.98,291,0.0,96287.27,1.0,5,2,10,1
24.98,180,12871.68,15215.46,0.0,4,2,35,12
1.0,360,0.0,56569.0,1.0,5,2,30,3
1.0,230,20374.99,22011.42,0.9296010889,3,2,28,31
24.98,204,76408.7,77832.59,0.0,4,3,31,8
24.98,228,28778.28,26803.61,0.0,3,4,41,18
65.0,240,68280.57,67289.76,0.0,4,2,40,1
1.0,180,142391.78,108370.65,0.717388234,5,2,15,51
24.0,240,0.0,77681.42,1.0,4,2,41,1
1.0,120,0.0,50989.7,1.0,5,2,45,4
11.0,300,94144.41,87915.65,0.0,4,2,13,10
64.0,236,18396.86,17154.71,0.9386704876,3,2,24,41
1.0,300,0.0,78197.89,1.0,4,2,10,6
1.0,240,20752.31,20955.04,0.0096745222,3,4,41,21
24.98,300,61636.7,56599.88,0.0,5,2,10,8
1.0,240,26234.42,26567.58,0.984869529,3,4,21,38
0.0,240,0.0,68178.53,1.0,5,2,49,6
2.0,180,80904.48,93736.78,0.7308477792,5,2,36,26
7.0,300,0.0,71638.82,1.0,4,2,21,10
1.0,300,53769.74,50091.0,0.0,4,2,12,12
1.0,300,49858.84,51001.95,0.0224130646,4,2,11,23
0.0,240,0.0,74897.97,1.0,4,2,17,12
2.0,360,0.0,134142.03,1.0,5,2,12,4
1.0,240,0.0,151126.92,1.0,5,2,17,19
1.0,240,0.0,164166.46,1.0,5,2,40,4
1.0,240,71704.16,73667.25,0.0,4,2,11,1
13.0,300,0.0,65243.34,1.0,4,2,18,3
4.0,240,10516.45,8987.99,0.0,3,4,35,18
2.0,300,0.0,24238.84,0.8945879888,4,2,16,6
93.0,240,0.0,116637.14,1.0,5,2,24,0
94.0,230,7788.13,8242.29,0.0551011915,3,2,65,2
56.0,230,11487.29,13830.58,0.9315473393,3,4,33,29
24.98,204,31574.1,31001.36,0.0,4,2,32,12
5.0,360,0.0,146275.54,1.0,5,2,18,0
3.0,180,37267.17,37981.07,0.0,5,2,20,2
70.0,240,18211.83,18668.1,0.9444812273,3,2,20,35
65.0,300,0.0,58423.18,1.0,4,2,24,2
94.0,240,25210.2,26637.58,0.9685267956,3,4,13,46
24.98,240,72041.22,97508.97,0.6924365714,1,2,21,44
6.0,360,0.0,192033.15,0.7292434816,5,2,8,16
24.98,360,306907.39,265645.94,0.0,5,2,9,13
44.0,360,0.0,306726.83,1.0,5,2,27,4
1.0,236,3553.04,5307.18,0.3305220475,3,4,59,23
24.98,228,29914.48,27935.02,0.0,3,4,41,18
2.0,300,0.0,66527.33,1.0,4,2,12,2
1.0,74,0.0,15918.14,1.0,5,2,65,0
18.0,180,39478.66,38906.4,0.0,5,2,11,2
82.0,218,33415.56,15792.89,0.891283356,3,4,22,43
38.0,300,0.0,70455.15,1.0,4,2,20,2
1.0,240,53744.84,65633.85,0.7892887963,5,2,32,38
14.0,240,0.0,18878.61,1.0,4,2,50,8
11.0,240,35046.43,34258.33,0.0,4,2,49,4
1.0,240,0.0,71087.66,0.6760607271,5,2,11,20
1.0,230,10496.9,11653.71,0.9245158838,3,4,38,46
24.98,240,49142.53,46845.49,0.0,4,2,21,5
12.0,360,126642.36,118862.98,0.0,5,2,27,6
96.0,300,0.0,51284.31,1.0,4,2,23,4
4.0,230,8256.85,9612.49,0.889695594,3,2,28,52
5.0,218,33414.33,17827.17,0.9033570668,3,4,24,40
24.98,236,4810.53,5379.49,0.0,3,4,43,24
24.98,360,0.0,181597.47,1.0,5,2,11,1
94.0,198,17038.34,19117.82,0.0,5,2,7,5
64.0,240,54503.65,56680.59,0.0,5,2,15,4
24.98,240,83000.26,94262.15,0.0,5,2,25,7
1.0,236,22731.66,19537.15,0.9250791441,3,2,17,57
24.98,60,69443.62,63079.17,0.0,5,2,10,12
4.0,240,10513.0,9013.46,0.0,3,4,35,18
24.98,300,94857.35,93936.38,0.0,4,2,15,2
40.0,240,0.0,116286.75,1.0,5,2,33,2
2.0,180,39144.49,41401.53,0.0,4,3,69,10
6.0,300,58812.75,56858.03,0.0,4,2,15,19
4.0,360,0.0,143718.46,1.0,5,2,19,3
45.0,60,5912.21,5296.1,0.0,1,2,49,7
4.0,236,18395.41,17164.12,0.9296818013,3,2,24,41
1.0,300,0.0,74120.9,1.0,4,2,27,21
94.0,228,10768.08,16750.74,0.8484628142,3,4,39,38
0.0,360,75506.28,84351.25,0.1048587899,5,2,22,15
24.98,204,51438.13,49537.46,0.0,4,3,50,5
76.0,300,41881.9,42771.99,0.0208101143,4,2,14,8
1.0,300,0.0,25558.81,1.0,4,2,18,2
0.0,60,6226.76,10105.34,0.3838148939,5,2,46,6
24.98,240,18846.44,18571.51,0.0,5,2,12,1
24.98,266,37608.9,36528.42,0.0,4,2,13,4
24.98,180,18350.08,25510.77,0.6018509592,1,2,38,35
94.0,236,17110.22,15791.73,0.9272277325,3,2,24,41
83.0,240,0.0,51419.22,1.0,4,2,49,3
85.0,225,47744.38,48236.67,0.0102057211,5,2,22,4
1.0,180,6571.26,11845.4,0.8418651966,3,4,19,61
94.0,204,17482.78,50297.04,0.8010440445,4,3,49,31
1.0,300,68870.52,68371.24,0.0,4,2,17,1
24.98,120,95438.68,99709.65,0.0,5,2,26,16
24.98,300,0.0,79707.51,1.0,4,2,7,2
24.98,239,27405.82,25541.9,0.0,5,2,35,6
44.0,135,18150.02,17750.71,0.8085051246,3,2,24,31
0.0,360,165462.86,154228.41,0.0,5,2,9,6
40.0,240,0.0,154324.25,0.5798233014,1,2,92,6
3.0,218,33470.53,17763.37,0.9178162702,3,4,24,40
24.98,180,8831.18,8388.2,0.0,1,2,89,3
1.0,216,18656.79,18834.44,1.0,3,4,16,36
0.0,230,25717.88,27242.27,1.0,3,4,46,25
13.0,300,0.0,30167.37,1.0,4,2,33,1
24.98,180,26773.14,30792.36,0.6280982288,5,2,24,26
93.0,300,0.0,64942.76,1.0,4,2,12,2
90.0,218,28303.31,24594.63,0.0,3,4,39,17
10.0,240,0.0,82277.23,1.0,4,2,40,2
24.98,240,81869.48,75456.41,0.0,4,2,46,13
24.98,221,33287.14,26516.49,0.0,3,4,36,22
24.98,300,57514.23,56363.54,0.0,4,2,11,4
93.0,240,11896.64,12784.53,0.9313959919,3,4,21,31
83.0,240,75713.15,79446.68,0.7099845068,5,2,10,39
1.0,222,11450.79,4301.37,0.937919779,3,2,18,47
24.98,240,54414.96,54230.46,0.0,5,2,14,1
24.98,180,73769.93,89757.29,0.0,5,2,39,16
2.0,300,34974.92,37442.24,0.0658966985,4,2,29,6
1.0,360,0.0,193525.76,1.0,5,2,25,2
24.98,130,11737.06,17615.65,0.4804772614,1,2,37,29
85.0,240,70045.34,73139.82,0.0,4,2,49,1
0.0,240,0.0,59425.87,1.0,4,2,25,11
24.98,236,14069.11,14197.38,0.9506366668,3,2,11,40
32.0,300,0.0,77807.33,1.0,4,2,16,3
1.0,240,26237.51,12003.37,0.9582383947,3,4,7,55
24.98,220,92830.41,85527.79,0.0,5,2,9,7
1.0,240,36710.34,39258.41,0.0,5,2,15,15
1.0,204,0.0,31574.2,0.7664292128,4,3,21,5
1.0,360,0.0,102024.04,1.0,4,2,33,2
44.0,240,28561.86,4363.56,0.9456796744,3,2,12,51
1.0,180,0.0,73966.72,1.0,5,2,48,13
24.98,240,68658.72,56780.66,0.0,4,2,20,19
9.0,240,73788.17,72743.81,0.0,5,2,29,2
1.0,144,185933.15,173529.0,0.0,5,2,40,5
89.0,240,10002.11,11757.54,0.8726885046,3,2,26,31
1.0,236,9493.28,9621.23,0.0132987154,3,2,76,10
0.0,63,0.0,45514.1,1.0,5,2,43,3
1.0,300,0.0,54596.63,1.0,4,2,8,3
1.0,222,11450.79,4285.37,0.9198342267,3,2,13,52
0.0,240,0.0,123362.89,0.7828217588,5,2,22,13
1.0,236,7969.45,9065.84,0.903085649,3,4,14,51
1.0,240,53415.52,51331.11,0.0,5,2,44,16
2.0,60,0.0,7773.7,1.0,5,2,48,1
24.98,108,87948.71,42158.14,0.0,5,2,43,7
7.0,240,19127.22,19904.22,0.9683524398,3,2,19,42
0.0,300,37405.56,37183.66,0.0,4,2,17,7
24.98,240,47532.89,50766.85,0.0,5,2,13,7
24.98,240,106643.03,98393.81,0.0,1,2,13,6
1.0,240,26316.66,26536.48,0.008283691,3,4,37,18
1.0,300,0.0,84827.74,1.0,4,2,8,6
4.0,240,10516.15,8975.64,0.0,3,4,35,18
1.0,60,60520.62,39154.04,1.0,5,2,24,35
1.0,200,12323.28,10623.44,0.9306561716,3,4,21,58
24.98,300,0.0,79120.61,1.0,4,2,10,6
94.0,300,0.0,51538.6,1.0,4,2,20,4
1.0,228,13213.6,12063.16,0.9775655798,3,2,24,38
24.98,120,35620.0,34282.2,0.0,5,2,30,2
1.0,222,11455.64,4339.83,0.8834885237,3,2,12,53
16.0,240,0.0,68611.87,1.0,5,2,54,2
22.0,120,0.0,34221.86,1.0,5,2,21,4
4.0,360,211062.48,208465.67,0.0,4,2,15,2
2.0,225,11346.01,11575.76,0.0,3,2,46,22
0.0,300,58338.36,53101.52,0.0,4,2,18,15
13.0,232,15412.64,9596.15,0.9358180103,3,2,27,36
24.98,300,0.0,62682.23,1.0,4,2,8,4
56.0,240,19221.72,19689.66,0.9383666351,3,2,31,30
1.0,300,0.0,68400.49,1.0,4,2,17,1
2.0,236,21262.15,10966.11,0.0,3,2,54,14
1.0,300,0.0,35640.94,1.0,4,2,19,7
90.0,221,26177.67,20084.27,0.9337645829,3,4,31,33
2.0,240,10527.25,11262.53,0.0652855087,3,2,46,8
24.98,360,114202.26,101132.64,0.0,5,2,14,8
10.0,240,11819.45,12100.89,0.0,4,2,54,4
24.98,222,11455.23,4285.35,0.9161585401,3,2,13,52
60.0,300,0.0,23210.48,1.0,4,2,21,7
13.0,245,0.0,122123.93,1.0,5,2,32,3
90.0,240,0.0,73852.53,0.7666731451,4,2,25,38
1.0,240,20636.16,23579.76,0.950581346,3,2,29,27
1.0,240,0.0,160110.06,0.7832197978,5,2,30,1
23.0,240,0.0,64848.76,1.0,5,2,65,9
94.0,240,11108.95,11478.6,0.920650602,3,2,25,29
94.0,221,33287.47,26279.99,0.0,3,4,39,19
2.0,240,18211.82,18657.35,0.9637204641,3,2,20,35
1.0,240,0.0,51187.37,1.0,5,2,62,6
14.0,300,0.0,73607.0,1.0,4,2,13,4
94.0,234,13510.55,14125.48,0.9600764009,3,2,14,60
13.0,240,0.0,55208.78,1.0,4,2,43,6
1.0,240,10249.71,11923.56,0.9768668082,3,2,23,32
24.98,96,26761.99,35063.69,0.0,5,2,17,19
68.0,204,31777.39,34882.67,0.0,4,3,42,11
4.0,240,7589.0,2376.66,0.9258497219,3,4,8,53
24.98,240,121747.8,133201.9,0.0,5,2,15,5
94.0,225,16828.9,19415.35,0.9058193646,3,2,28,52
64.0,240,0.0,79981.72,1.0,4,2,46,1
1.0,240,12814.38,14118.9,0.0923952999,3,2,48,15
1.0,230,22707.77,22915.36,0.9942732735,3,4,23,52
24.98,300,77266.06,74720.09,0.0,4,2,7,6
1.0,228,13215.56,12049.84,0.9887293109,3,2,24,38
0.0,240,71866.41,72252.52,0.0053438967,5,2,33,1
94.0,240,19697.46,22236.76,0.9008056929,3,2,19,38
1.0,360,114931.35,103162.89,0.0,5,2,23,8
46.0,300,0.0,42296.95,1.0,4,2,12,1
93.0,300,57613.02,57223.45,0.0,4,2,18,2
24.98,240,223616.02,220003.33,0.0,5,2,30,1
65.0,355,289775.61,291828.62,0.0070349851,5,2,21,2
31.0,300,0.0,70311.96,1.0,4,2,23,2
0.0,300,0.0,70301.84,1.0,4,2,23,6
1.0,120,63371.12,59058.91,0.0,5,2,37,5
70.0,185,14050.6,18071.09,0.8647231573,3,2,29,54
1.0,228,13215.18,12071.26,0.0,3,2,44,18
1.0,300,0.0,60311.94,1.0,4,2,23,0
24.98,222,13455.71,7477.23,1.0,3,2,37,30
0.0,240,0.0,75388.16,0.698905447,5,2,12,1
5.0,180,35305.97,34330.44,0.0,5,2,32,6
1.0,300,0.0,35547.11,1.0,4,2,10,4
24.98,300,94551.0,92151.98,0.0,4,2,12,4
6.0,300,0.0,37386.14,1.0,4,2,20,1
24.98,240,98406.13,118026.83,0.017355311,5,2,16,20
1.0,235,13119.92,13237.41,0.984246163,3,2,23,58
94.0,240,11057.87,11477.15,0.0,3,2,31,24
2.0,360,68926.87,73946.28,0.0678791415,4,2,27,1
93.0,240,8560.7,72054.76,0.7748542335,4,2,36,41
94.0,236,16108.83,19293.15,0.9116883453,3,2,16,63
0.0,240,78942.19,75472.44,0.0,5,2,42,4
24.98,180,14072.14,25225.34,0.6163083161,1,2,32,34
2.0,300,0.0,55034.24,1.0,4,2,18,1
45.0,360,154679.15,151521.03,0.0,5,2,18,2
1.0,240,22313.19,26856.45,0.1691683004,5,2,61,15
1.0,236,5582.85,6969.33,0.1989402138,3,4,66,17
4.0,240,17535.07,19721.82,0.1108797261,3,2,37,21
0.0,240,0.0,127923.62,0.8407962533,5,2,25,1
1.0,240,9124.88,8013.88,1.0,3,4,19,34
24.98,240,26237.49,26519.66,1.0,3,4,20,38
1.0,300,82996.74,81915.0,0.0,5,2,18,7
6.0,300,0.0,32274.41,1.0,4,2,9,2
1.0,360,0.0,104793.71,0.6902418066,5,2,16,24
24.98,240,32439.2,32992.45,0.0167689881,4,2,42,8
1.0,234,16356.01,17814.88,0.081890532,3,4,42,16
75.0,360,181845.75,198219.16,0.0826025597,5,2,28,2
1.0,300,0.0,39561.7,1.0,4,2,37,14
24.98,240,0.0,164156.75,1.0,5,2,9,3
1.0,360,0.0,123409.85,1.0,5,2,14,6
26.0,204,0.0,191066.62,1.0,5,2,50,4
90.0,224,14923.81,17852.06,0.9163088181,3,2,17,55
37.0,240,19806.85,23460.22,0.9120221379,3,2,19,40
1.0,240,76307.34,53248.91,1.0,4,2,25,34
56.0,240,32517.53,33017.11,0.0,5,2,22,1
9.0,300,41883.62,40728.91,0.0,4,2,27,5
1.0,222,11968.16,5547.25,0.9309207265,3,2,19,51
1.0,222,11450.79,4282.78,0.9206730208,3,2,12,53
90.0,221,26176.25,20052.13,0.9407120341,3,4,31,33
77.0,300,0.0,50785.81,1.0,4,2,24,4
24.98,180,54222.04,44990.28,0.0,1,2,28,13
1.0,360,0.0,108663.69,1.0,5,2,15,1
6.0,240,0.0,51335.91,1.0,4,2,33,7
94.0,234,13497.17,14178.79,0.9497326641,3,2,14,60
2.0,300,0.0,31735.85,1.0,4,2,14,7
0.0,240,50632.63,49487.48,0.0,4,2,15,10
24.98,360,159725.24,149958.6,0.0,5,2,24,6
1.0,216,0.0,95021.65,0.8139393202,5,2,14,6
6.0,240,0.0,27758.25,1.0,5,2,29,4
38.0,240,0.0,47277.05,0.7384660503,4,2,34,9
7.0,204,0.0,46755.33,0.686696303,4,3,59,2
24.98,240,94075.42,86524.52,0.0,5,2,17,7
24.98,180,51041.2,53308.86,0.0,4,3,20,5
45.0,240,23119.23,23083.07,0.0,5,2,15,3
77.0,240,88971.46,98091.03,0.0929704785,5,2,34,2
5.0,360,148880.34,137739.94,0.0,5,2,24,8
5.0,240,0.0,58027.83,1.0,5,2,19,1
1.0,360,0.0,161779.54,1.0,5,2,17,8
24.98,236,21262.15,9851.59,0.98396604,3,2,28,40
1.0,234,15900.07,19398.43,0.8336983972,3,2,39,35
24.98,200,95203.24,89775.12,0.0,5,2,25,5
61.0,300,0.0,57910.63,1.0,4,2,11,9
14.0,240,0.0,63832.95,1.0,4,2,19,20
3.0,218,32650.61,15675.62,0.9217109116,3,4,22,43
60.0,300,0.0,24726.35,1.0,4,2,26,1
24.98,300,83592.05,80239.11,0.0,5,2,30,3
2.0,183,5972.59,8958.41,0.8611304908,3,4,16,41
1.0,222,11455.23,4459.35,0.7991411304,3,2,12,53
24.98,127,48099.55,66126.0,0.5960807926,1,2,75,32
24.98,204,14001.78,13727.62,0.0,4,3,35,2
1.0,240,0.0,72125.16,1.0,4,2,8,13
4.0,240,0.0,34541.92,0.0,5,2,44,18
70.0,240,9792.15,10304.79,0.0,4,2,49,3
94.0,230,11483.45,13819.14,0.9060882226,3,4,33,29
56.0,194,22553.26,32217.76,0.2124678832,4,3,25,5
68.0,218,32329.65,16038.48,0.8289993815,3,4,22,43
2.0,360,0.0,76352.7,1.0,5,2,11,9
96.0,360,0.0,364250.88,1.0,5,2,12,3
2.0,240,0.0,47949.03,0.7308640694,5,2,37,0
95.0,240,145567.06,161945.54,0.0076260668,5,2,25,3
1.0,240,0.0,106187.47,1.0,4,2,16,9
7.0,360,0.0,182193.14,1.0,5,2,23,1
94.0,240,26814.05,27083.77,0.0,5,2,22,1
1.0,180,78258.03,71812.08,0.0,5,2,41,11
41.0,360,86292.05,90012.63,0.0,5,2,11,20
13.0,228,13671.81,17743.38,0.772116254,4,2,41,45
0.0,300,0.0,87936.32,1.0,4,2,11,6
65.0,360,0.0,100641.55,1.0,5,2,23,1
24.0,240,135151.73,139866.51,0.0,5,2,10,2
8.0,180,0.0,22970.93,0.5880309661,1,2,62,27
8.0,300,0.0,67477.87,1.0,4,2,16,2
24.98,360,0.0,119154.59,1.0,5,2,8,1
24.98,222,11455.23,4339.83,0.8746817272,3,2,12,53
11.0,240,219465.23,210877.37,0.0,5,2,35,3
1.0,144,0.0,53236.32,1.0,5,2,25,7
38.0,240,63092.31,61929.21,0.0,5,2,16,5
24.98,120,17118.08,16541.32,0.0,5,2,40,3
1.0,240,18211.81,18932.23,0.9661566546,3,2,20,35
24.98,240,42591.08,40438.77,0.0,1,2,39,9
24.98,300,0.0,71610.42,1.0,4,2,11,4
24.98,240,102507.17,101927.48,0.0,5,2,31,7
2.0,236,19371.79,19536.31,0.0084212423,3,2,40,20
52.0,300,13500.71,13121.55,0.0,4,2,17,10
65.0,300,0.0,60419.56,1.0,4,2,17,3
5.0,340,0.0,246572.06,1.0,5,2,22,2
94.0,225,18745.9,14125.21,0.9201987086,3,4,22,26
2.0,240,0.0,162632.24,1.0,5,2,16,3
24.98,204,46019.81,44310.48,0.0,4,3,14,5
93.0,300,157440.7,160961.05,0.0,5,2,18,3
24.98,236,10033.07,8880.78,0.0,3,2,24,20
3.0,236,7242.83,8416.74,0.8688375784,3,4,39,26
1.0,360,89821.05,84494.92,0.0,5,2,13,6
1.0,240,10009.05,11407.55,1.0,3,2,33,25
7.0,240,0.0,125564.99,0.7197474037,5,2,13,4
81.0,228,20656.25,24126.01,0.8880962911,3,2,29,29
1.0,300,53860.46,53492.93,0.0,4,2,17,1
16.0,260,41989.33,47548.68,0.0,4,2,22,22
24.98,240,0.0,61850.04,1.0,5,2,11,2
9.0,300,58021.66,56907.51,0.0,4,2,16,3
24.98,180,80491.22,75834.43,0.0,5,2,46,5
6.0,240,0.0,525305.6,1.0,5,2,23,4
32.0,295,0.0,68093.97,1.0,4,2,11,3
24.98,132,8915.48,14541.71,0.0,2,2,63,16
1.0,240,59353.66,53652.1,0.0,4,2,14,24
24.98,180,57977.79,55799.75,0.0,4,3,49,4
44.0,240,28562.67,15922.44,0.9612433773,3,2,34,29
4.0,360,0.0,153539.21,1.0,5,2,19,1
24.98,226,8817.78,8742.2,0.0,4,2,53,1
90.0,236,7332.28,11774.48,0.895493474,3,4,30,47
1.0,300,0.0,58977.63,1.0,4,2,7,4
1.0,222,9620.98,4282.76,0.9164043747,3,2,12,53
31.0,220,12684.82,11382.38,0.9368813904,3,4,18,61
28.0,60,0.0,25474.28,1.0,1,2,45,1
1.0,236,19371.79,15727.11,0.9690343617,3,2,11,49
24.98,240,26238.84,11997.27,0.9617929746,3,4,7,55
1.0,180,0.0,63428.48,0.0,1,2,50,15
24.98,240,82561.15,106514.6,0.7072386709,5,2,11,43
1.0,300,0.0,56186.32,1.0,4,2,13,10
56.0,240,65000.08,66770.76,0.0,5,2,18,11
96.0,240,41671.89,42628.27,0.0,5,2,16,2
24.98,228,28705.82,26920.67,0.0,3,4,41,18
0.0,360,0.0,143081.9,1.0,5,2,14,1
1.0,300,0.0,44105.02,1.0,4,2,14,15
5.0,300,0.0,62797.09,1.0,4,2,12,3
1.0,231,7863.52,8978.79,0.1242116143,3,2,60,18
10.0,240,66824.7,71909.18,0.0707069668,5,2,43,4
24.98,173,44485.92,44487.56,0.0,1,2,74,13
2.0,360,134534.09,144449.79,0.0686446135,5,2,27,10
13.0,236,21249.77,10948.1,0.0,3,2,51,17
83.0,240,37414.4,37020.91,0.0,4,2,27,11
1.0,300,52506.64,56207.88,0.0658491301,4,2,14,5
1.0,240,8442.45,9130.3,0.923510728,3,4,15,50
55.0,240,72670.39,71419.54,0.0,5,2,28,2
0.0,225,16828.9,18889.68,0.1090955485,3,2,61,19
0.0,240,41632.86,42712.7,0.0252814737,4,2,18,10
52.0,360,133354.15,135129.72,0.0131397445,5,2,38,1
24.98,240,122821.36,114366.14,0.0,5,2,11,6
1.0,236,14260.36,14407.29,0.9951239963,3,2,24,59
24.98,240,112861.73,113548.07,0.0,5,2,10,1
94.0,240,11051.22,11524.57,0.0,3,2,31,24
1.0,300,0.0,34111.37,0.9023210068,4,2,11,25
2.0,204,0.0,51817.49,0.6592112167,1,2,55,25
1.0,240,258858.83,229044.41,0.0,5,2,43,10
30.0,240,80705.68,82205.66,0.0,5,2,12,1
24.98,231,7863.74,9124.39,0.1381626607,3,2,56,22
23.0,218,32451.18,15792.89,0.891283356,3,4,22,43
1.0,234,14448.09,17306.24,0.9538992872,3,4,21,37
1.0,240,26232.6,25257.76,0.9809607028,3,4,13,45
7.0,240,0.0,66443.24,1.0,5,2,20,28
22.0,240,0.0,25193.85,1.0,4,2,22,1
8.0,230,7419.49,11425.6,0.9147703403,3,4,19,61
1.0,240,0.0,180696.97,0.6809710982,5,2,53,15
24.0,240,108991.61,122031.76,0.1068586571,5,2,21,11
1.0,216,7669.58,7611.77,1.0,3,4,18,52
1.0,240,0.0,98866.33,1.0,5,2,25,3
3.0,300,0.0,46452.14,1.0,4,2,17,2
0.0,250,14518.07,62268.62,0.7668477317,5,2,31,20
0.0,240,59760.7,55185.87,0.0,5,2,61,6
24.98,240,71998.39,59412.98,0.0,5,2,14,17
2.0,300,116698.22,107617.32,0.0,5,2,31,8
1.0,300,48817.72,49515.53,0.0140927503,4,2,10,1
76.0,240,76037.26,77685.32,0.0212145615,4,2,25,1
1.0,120,0.0,90472.91,1.0,5,2,32,11
24.98,232,15424.69,12594.35,0.9774382957,3,2,31,32
17.0,360,0.0,72130.25,1.0,5,2,13,1
2.0,360,149434.55,129358.04,0.0,5,2,7,19
1.0,222,12657.19,7860.82,1.0,3,2,39,30
24.98,360,167949.94,179361.22,0.0636217796,5,2,9,6
0.0,240,52743.55,53610.22,0.0,5,2,15,1
93.0,224,15053.73,17840.36,0.9177152255,3,2,17,55
0.0,300,0.0,42990.13,1.0,4,2,25,9
24.98,300,41486.81,39180.81,0.0,4,2,8,6
1.0,300,0.0,63300.33,1.0,4,2,18,10
77.0,360,0.0,158067.22,1.0,5,2,17,4
1.0,180,0.0,86986.32,0.6826607982,5,2,30,1
1.0,360,0.0,142210.67,1.0,5,2,29,11
1.0,300,0.0,67446.13,1.0,4,2,10,6
1.0,216,17895.17,16293.58,0.9455190326,3,4,26,29
3.0,360,0.0,232372.28,0.7620185776,5,2,14,9
1.0,180,165745.6,171843.06,0.0354827248,5,2,18,6
4.0,240,0.0,74941.32,1.0,4,2,22,1
1.0,360,0.0,103148.03,1.0,5,2,24,2
24.0,360,224160.81,233719.89,0.0408997283,5,2,20,4
4.0,225,11346.02,11556.92,0.0,3,2,46,22
1.0,240,26316.66,26451.63,0.9937969796,3,4,22,33
65.0,360,0.0,92717.07,1.0,5,2,24,2
2.0,300,0.0,33335.34,1.0,4,2,25,2
64.0,240,0.0,208807.77,1.0,5,2,44,5
94.0,216,8316.66,10568.65,0.8592327308,3,4,14,49
65.0,180,0.0,62429.79,1.0,5,2,27,3
4.0,240,8310.02,10114.99,0.9559238319,3,2,24,40
71.0,300,0.0,165522.39,1.0,5,2,29,1
86.0,236,18395.41,17164.18,0.9376439772,3,2,24,41
34.0,360,0.0,56461.04,1.0,5,2,25,4
1.0,300,74838.72,70564.55,0.0,4,2,15,9
24.98,240,13592.28,13286.5,0.0,1,2,56,11
1.0,236,20500.04,21260.56,1.0,3,4,16,48
24.98,228,29906.36,27995.34,0.0,3,4,41,18
94.0,224,14961.61,17840.36,0.907616214,3,2,17,55
0.0,120,0.0,38124.35,0.4148592534,1,2,50,18
24.98,240,71247.83,75602.58,0.0,5,2,16,10
24.98,72,75321.47,58404.39,0.0,1,2,42,12
8.0,236,21249.77,9771.69,0.9721870014,3,2,28,40
94.0,234,23596.35,26297.51,0.1027154282,3,4,54,4
24.98,228,29903.26,28031.49,0.0,3,4,41,18
2.0,360,0.0,231512.45,1.0,5,2,14,3
1.0,300,0.0,71114.73,1.0,4,2,16,8
41.0,236,18395.41,17164.39,0.9379610927,3,2,24,41
1.0,240,10009.05,11452.99,1.0,3,2,33,25
1.0,231,7861.28,8814.86,0.1081786892,3,2,65,13
24.98,240,130046.42,124173.32,0.0,5,2,16,4
0.0,180,33939.48,31721.16,0.0,1,2,43,5
1.0,240,260854.89,238342.72,0.0,5,2,13,7
24.98,240,11265.16,10738.9,0.0,4,2,28,7
26.0,235,13053.73,13237.73,0.0,3,2,64,17
24.98,240,108412.2,100697.42,0.0,4,2,22,7
96.0,240,117197.76,117934.12,0.0,5,2,16,3
94.0,228,10141.9,12348.61,0.8414679871,3,2,21,34
1.0,236,21249.77,9913.63,0.9771990684,3,2,28,40
8.0,150,0.0,93317.56,1.0,5,2,21,6
24.98,360,0.0,262160.19,1.0,5,2,13,6
24.98,180,98923.4,99731.88,0.0,1,2,48,22
4.0,240,10514.86,8977.8,0.0,3,4,35,18
2.0,300,0.0,72246.82,1.0,4,2,9,4
13.0,230,99632.14,99324.56,0.0,5,2,30,1
1.0,300,0.0,76800.27,1.0,4,2,17,8
77.0,300,44356.46,44765.99,0.0091482395,4,2,28,3
38.0,360,376746.67,379771.53,0.0079649467,5,2,24,6
24.98,300,58562.52,58607.94,0.0007749803,5,2,9,0
2.0,360,0.0,113793.41,1.0,5,2,20,6
2.0,240,97100.99,95371.24,0.0,5,2,37,2
24.98,240,30301.7,32551.25,0.0,4,2,25,16
1.0,231,7862.07,8991.76,0.125636138,3,2,58,20
9.0,360,0.0,118528.15,1.0,5,2,23,5
1.0,300,44814.26,42193.29,0.0,4,2,11,9
24.98,0,0.0,10610.71,0.358520011,4,2,24,4
38.0,240,49013.0,45730.82,0.0,5,2,65,3
1.0,360,117320.03,106679.81,0.0,5,2,28,9
24.98,180,69224.91,79108.33,0.1249352628,5,2,54,3
5.0,240,10717.55,11514.96,0.0692499149,3,2,46,8
1.0,240,59848.44,51416.18,0.0,4,2,27,19
77.0,300,0.0,58557.95,1.0,4,2,18,2
5.0,300,50737.72,51180.06,0.0086428191,4,2,20,0
71.0,350,0.0,46335.39,1.0,5,2,25,3
1.0,240,0.0,51768.93,1.0,5,2,31,20
0.0,180,0.0,38922.39,0.8102912714,5,2,10,7
1.0,240,26318.38,25776.85,0.9756490805,3,4,23,41
24.98,240,93350.5,82626.02,0.0,4,2,21,18
24.98,240,37045.41,53430.0,0.0,5,2,29,13
93.0,236,18396.86,17154.71,0.9325992687,3,2,24,41
1.0,135,0.0,88373.37,1.0,5,2,37,12
1.0,240,0.0,36708.7,0.6280824862,1,2,105,22
0.0,300,66149.46,63229.86,0.0,4,2,12,11
10.0,240,0.0,73223.61,0.7964438938,5,2,46,3
1.0,300,98156.18,89689.46,0.0,4,2,7,24
64.0,240,11109.6,11480.08,0.0,3,2,31,23
61.0,236,0.0,153709.06,1.0,5,2,23,2
0.0,240,0.0,34140.03,0.7636014888,5,2,25,30
4.0,360,0.0,153767.75,1.0,5,2,9,1
93.0,300,62960.87,77315.57,0.7310214545,5,2,10,39
40.0,240,34546.13,34216.08,0.0,4,2,42,0
52.0,240,0.0,31433.05,1.0,4,2,42,4
1.0,300,53437.15,49027.03,0.0,4,2,13,13
1.0,240,193332.44,134974.59,0.0,5,2,54,24
34.0,300,0.0,20008.24,1.0,4,2,28,1
34.0,240,44640.4,45271.78,0.0139464364,4,2,23,0
2.0,240,0.0,66785.05,1.0,5,2,50,1
94.0,240,11057.87,11476.95,0.0,3,2,31,24
3.0,240,10220.42,11528.9,0.0,3,2,32,22
24.98,240,49802.29,55972.13,0.0,5,2,25,6
29.0,240,58538.74,58957.97,0.0,5,2,23,4
94.0,240,151374.32,153087.08,0.0,5,2,8,0
0.0,336,195319.99,148478.58,0.0,5,2,12,24
6.0,360,0.0,140654.06,1.0,5,2,37,0
67.0,232,15245.27,18060.11,0.928595673,3,2,24,59
1.0,120,144786.13,135466.49,0.0,5,2,18,4
1.0,300,31270.62,29795.19,0.0,4,2,10,9
94.0,225,19560.93,14579.56,0.949010121,3,4,22,26
24.98,60,11656.86,20096.72,0.0,1,2,30,14
4.0,300,60802.87,58953.58,0.0,4,2,28,6
46.0,228,0.0,62618.39,1.0,5,2,24,2
24.98,180,16875.97,24412.75,0.6331888474,1,2,39,47
5.0,300,40657.6,39188.32,0.0,4,2,24,2
1.0,240,20754.74,21015.07,0.012387777,3,4,48,14
34.0,180,36365.13,35333.9,0.0,1,2,59,6
94.0,216,15188.61,20199.91,0.898214398,3,4,10,44
1.0,300,0.0,60637.02,1.0,4,2,9,9
44.0,240,0.0,48858.48,0.0,5,2,14,17
1.0,360,104655.65,104381.06,0.0,5,2,12,0
94.0,224,14410.83,17661.35,0.8535015726,3,2,43,33
61.0,120,38348.42,36812.07,0.0,5,2,20,7
1.0,240,0.0,56450.62,1.0,4,2,19,1
65.0,180,49197.07,68185.03,0.6793769882,5,2,21,40
94.0,240,18568.07,22408.47,0.7184262309,5,2,14,58
28.0,300,0.0,62587.6,1.0,4,2,21,2
22.0,300,75406.26,72318.0,0.0,4,2,15,8
24.98,220,13357.1,11441.53,0.9431894161,3,4,18,61
1.0,218,33651.74,17708.46,0.9303637922,3,4,24,40
1.0,240,0.0,26320.58,0.7725377192,4,2,11,5
24.98,180,22948.81,25659.33,0.1056348704,1,2,81,2
24.98,240,59431.58,68757.48,0.0,4,2,46,12
96.0,300,0.0,42655.86,1.0,4,2,16,1
1.0,120,0.0,49962.99,1.0,5,2,22,3
94.0,240,25430.32,28812.5,0.0,4,2,19,24
1.0,300,0.0,38139.34,1.0,4,2,12,17
0.0,360,334941.76,328874.31,0.0,5,2,22,2
0.0,240,172548.83,152987.64,0.0,5,2,19,9
0.0,234,21348.08,15215.04,0.9796931194,3,2,18,40
1.0,240,0.0,74025.94,1.0,5,2,39,4
24.98,240,40649.45,45542.01,0.0,5,2,23,5
24.98,240,72916.85,55297.07,0.7426503246,4,2,14,28
24.98,360,178891.58,187744.38,0.0471534754,4,2,19,4
24.98,120,15358.6,14722.27,0.0,1,2,21,3
56.0,240,54785.07,54558.95,0.0,4,2,54,4
52.0,144,47702.13,50490.71,0.055229566,5,2,49,5
52.0,180,8835.69,9342.48,0.0,4,2,11,6
24.98,236,20283.57,19189.29,0.937728806,3,2,16,55
94.0,230,7419.42,11425.59,0.8942960495,3,4,19,61
1.0,222,8447.0,4929.97,0.9609612229,3,2,27,40
91.0,240,30443.58,32777.71,0.0,4,2,38,9
68.0,218,33387.95,17708.46,0.9303637922,3,4,24,40
5.0,360,0.0,136387.36,1.0,5,2,15,9
1.0,360,0.0,151864.35,1.0,5,2,13,16
1.0,235,13081.03,13303.49,0.9372833745,3,2,13,62
0.0,360,191606.23,178038.22,0.0,5,2,11,7
1.0,204,7369.84,8594.14,0.9425562069,3,4,31,29
18.0,360,0.0,137522.02,1.0,5,2,9,1
94.0,240,79265.06,73446.58,0.0,4,2,12,9
94.0,240,76261.17,79143.11,0.0,4,2,14,4
91.0,120,26325.65,26446.88,0.0045839055,5,2,21,1
1.0,300,0.0,61268.27,1.0,4,2,8,1
1.0,240,0.0,47292.69,0.7927755081,1,2,46,5
0.0,300,0.0,78125.18,1.0,4,2,14,2
1.0,230,7777.05,9081.21,0.0,3,2,44,23
1.0,360,0.0,66608.72,1.0,5,2,15,5
1.0,360,169580.13,157172.21,0.0,5,2,27,7
0.0,240,196687.24,172977.89,0.0,5,2,16,12
1.0,240,0.0,93558.37,1.0,5,2,16,3
24.98,60,3782.3,17952.41,0.4701843516,5,2,21,7
0.0,240,0.0,129028.61,1.0,5,2,14,6
26.0,236,14260.36,14336.48,0.9520509916,3,2,54,29
11.0,180,24773.8,24626.76,0.7192723277,5,2,16,27
2.0,240,19221.72,19904.44,0.9659603586,3,2,19,42
24.98,300,0.0,75579.48,1.0,4,2,12,5
3.0,218,32901.58,15792.89,0.891283356,3,4,22,43
24.98,240,83331.5,81738.52,0.0,5,2,22,1
0.0,360,253789.34,220454.43,0.0,5,2,10,12
52.0,300,26833.71,27293.32,0.0168396516,4,2,11,4
0.0,300,0.0,69665.05,1.0,4,2,21,5
5.0,300,115290.11,114961.26,0.0,5,2,14,1
41.0,180,89540.43,92148.05,0.0,5,2,7,1
0.0,360,0.0,91976.7,1.0,5,2,19,6
1.0,120,0.0,72403.56,1.0,5,2,14,5
5.0,300,0.0,69389.63,1.0,4,2,16,1
24.98,222,7645.83,5564.05,0.9137840242,3,2,17,55
0.0,240,111063.79,117529.94,0.055017045,4,2,29,17
24.98,240,58765.22,57451.08,0.0,5,2,13,9
0.0,36,0.0,30158.64,1.0,1,2,18,18
24.98,360,21215.3,22070.93,0.0,5,2,20,11
52.0,240,56301.25,61483.46,0.0842862454,5,2,28,15
1.0,240,0.0,40166.27,0.6726666757,5,2,15,9
94.0,234,21556.04,28110.52,0.8864567429,3,4,25,33
2.0,360,0.0,167360.37,1.0,5,2,31,6
2.0,360,0.0,119924.19,1.0,5,2,26,3
9.0,360,0.0,202124.99,1.0,5,2,14,1
94.0,360,137497.28,133887.06,0.0,4,2,12,5
24.98,240,149322.18,149059.51,0.0,5,2,25,0
4.0,360,0.0,48083.8,1.0,5,2,30,1
26.0,240,60221.07,61812.0,0.0,4,2,22,14
29.0,264,180189.44,165543.29,0.0,5,2,22,7
1.0,300,0.0,71870.57,1.0,4,2,17,1
0.0,240,57705.59,56794.55,0.0,5,2,24,24
94.0,225,16828.91,19366.6,0.9098959033,3,2,27,53
1.0,240,10902.69,12027.18,0.0934957322,3,2,37,18
52.0,240,39777.89,65040.02,0.7629108684,4,2,28,32
24.98,230,10496.9,11698.44,0.9556769962,3,4,38,46
87.0,218,32700.91,15675.62,0.9217109116,3,4,22,43
24.98,240,0.0,32464.41,1.0,5,2,50,10
17.0,300,0.0,84433.18,1.0,4,2,13,1
24.98,60,7425.77,7092.1,0.0,1,2,48,2
70.0,240,13993.72,14262.03,0.0,4,2,43,2
3.0,83,41738.33,42765.35,0.0240152366,5,2,37,0
24.98,180,49624.63,46188.43,0.0,5,2,11,5
0.0,240,0.0,83800.41,0.9895333448,5,2,8,28
0.0,300,0.0,88846.33,1.0,4,2,8,14
24.98,240,18856.31,20807.8,0.0,3,2,27,17
45.0,240,0.0,47374.16,0.7605630736,4,2,21,4
24.98,300,0.0,86779.6,1.0,4,2,25,2
24.98,240,18211.82,18678.86,0.9272782172,3,2,20,35
1.0,240,0.0,40694.89,1.0,4,2,30,0
4.0,300,0.0,74194.98,1.0,4,2,20,5
0.0,240,119822.17,68395.01,1.0,4,2,12,52
1.0,236,19238.34,15678.53,0.9624575773,3,2,11,49
8.0,218,33661.59,17724.5,0.9266659144,3,4,24,40
70.0,240,24949.04,28057.92,0.7675417316,4,2,11,43
1.0,240,0.0,71612.53,1.0,4,2,22,2
1.0,300,37537.95,36141.0,0.0,4,2,17,11
94.0,240,64867.58,67507.52,0.0,4,2,19,3
24.98,240,67078.84,65184.5,0.0,4,2,14,3
93.0,236,13141.11,14197.38,0.9506366668,3,2,11,57
5.0,360,0.0,102616.75,1.0,5,2,17,2
56.0,180,61670.45,61988.69,0.0,1,2,51,3
38.0,360,0.0,62321.47,1.0,5,2,54,5
55.0,300,0.0,54426.45,1.0,4,2,28,2
1.0,120,59166.0,68173.24,0.1321228095,5,2,41,8
24.98,108,5247.47,15196.0,0.6284345508,1,2,72,32
48.0,180,0.0,25234.56,1.0,4,2,15,6
1.0,204,74746.11,73927.1,0.0,4,2,12,2
4.0,240,0.0,37381.77,1.0,4,2,46,1
24.98,300,0.0,63911.57,1.0,4,2,8,5
24.98,240,58575.58,50939.06,0.6823336842,4,2,18,25
3.0,300,0.0,59527.3,1.0,4,2,37,7
1.0,180,252517.3,127375.72,1.0,5,2,13,50
24.98,180,149488.09,110324.43,0.8548361119,5,2,23,28
93.0,300,0.0,68373.94,1.0,4,2,24,1
1.0,300,0.0,61894.45,1.0,4,2,29,10
1.0,234,14892.43,15940.92,0.9557647865,3,2,22,58
23.0,240,27912.1,28152.4,0.0085356843,5,2,50,3
0.0,360,215236.83,193609.63,0.0,5,2,21,9
24.98,180,73497.03,89264.88,0.0,1,2,37,6
96.0,240,2903.48,2582.53,0.0,5,2,38,7
0.0,240,0.0,109578.85,0.8672076782,5,2,18,5
52.0,300,66719.69,67211.64,0.0073194167,4,2,13,2
1.0,240,69243.12,62118.23,0.0,4,2,37,12
0.0,360,0.0,106756.98,1.0,5,2,11,9
17.0,240,110436.15,125932.13,0.6988055204,5,2,18,44
2.0,84,0.0,66722.22,0.645195055,5,2,13,3
56.0,228,12096.56,17126.81,0.8545426732,3,4,40,30
0.0,360,0.0,64094.61,1.0,5,2,34,12
1.0,240,0.0,21116.34,1.0,4,2,63,17
24.98,222,11454.57,4293.12,0.9191007938,3,2,13,52
1.0,240,150528.22,90768.36,1.0,4,2,17,46
20.0,240,10249.71,11636.5,0.119175869,3,2,31,24
1.0,120,0.0,66593.83,0.594758695,5,2,10,7
13.0,300,84652.39,81838.99,0.0,4,2,9,10
24.98,204,72860.66,59461.09,0.9537093006,4,3,17,34
1.0,216,18656.79,18837.27,1.0,3,4,16,36
17.0,240,58329.76,64372.89,0.7723934254,4,2,16,36
24.98,220,11383.01,11390.42,0.9504250063,3,4,18,61
1.0,300,0.0,71304.96,1.0,4,2,20,6
56.0,300,0.0,81165.28,1.0,5,2,23,1
1.0,228,15345.98,19303.64,1.0,3,2,39,38
24.98,360,0.0,123142.61,1.0,4,2,9,3
1.0,360,0.0,124984.64,1.0,4,2,28,9
3.0,240,0.0,30060.03,1.0,4,2,48,5
94.0,240,10249.72,12033.96,0.8800851922,3,2,22,33
3.0,300,0.0,87544.39,1.0,4,2,14,3
58.0,300,60711.62,59242.19,0.0,4,2,7,7
26.0,300,0.0,98190.88,1.0,4,2,10,1
52.0,360,0.0,70219.92,1.0,5,2,12,0
1.0,240,0.0,81542.93,1.0,4,2,12,1
94.0,230,10496.91,11649.67,0.9183041236,3,4,38,46
1.0,240,0.0,39655.01,1.0,4,2,42,14
1.0,300,71904.72,66999.23,0.0,4,2,9,12
82.0,240,82202.62,82003.52,0.0,4,2,14,1
0.0,240,41472.39,40816.4,0.8892009946,4,2,29,30
1.0,204,0.0,30254.7,1.0,4,3,44,18
65.0,300,0.0,38313.07,1.0,4,2,31,2
1.0,234,21345.37,15221.36,0.9786779894,3,2,18,40
8.0,300,38030.18,38808.42,0.0200533802,4,2,11,2
90.0,218,28326.77,24367.12,0.0,3,4,39,17
96.0,240,0.0,53403.07,1.0,4,2,33,1
14.0,300,0.0,54262.97,1.0,4,2,14,1
24.98,360,0.0,327411.67,1.0,5,2,8,2
18.0,240,11387.45,15259.49,0.6066965014,1,2,42,33
13.0,231,8664.2,9060.69,1.0,3,2,53,25
8.0,234,15900.13,18975.34,0.8904652038,3,2,40,34
11.0,222,12341.4,13643.77,0.0954552884,3,2,66,8
8.0,220,12441.0,11382.38,0.9336342663,3,4,18,61
34.0,300,0.0,53878.21,1.0,4,2,22,3
1.0,180,0.0,62410.91,1.0,5,2,23,15
46.0,240,0.0,36736.02,1.0,4,2,44,4
1.0,311,360218.38,317729.51,0.0,5,2,20,13
24.98,200,0.0,11257.0,0.9636821533,3,4,20,3
8.0,150,8170.03,16907.58,0.5086463788,2,2,86,29
1.0,240,26316.66,26479.79,1.0,3,4,22,33
24.98,240,66289.42,67618.46,0.0,5,2,24,6
8.0,240,26316.66,26593.73,0.0104186212,3,4,46,9
87.0,240,0.0,56797.04,0.0,4,2,18,11
0.0,240,0.0,208050.84,1.0,5,2,35,15
24.98,204,10880.35,12006.21,0.0937731391,4,3,26,8
83.0,120,22894.87,24079.35,0.0,5,2,23,2
94.0,236,18396.86,17154.71,0.9226801269,3,2,24,41
64.0,120,90470.73,90901.02,0.0,5,2,14,2
0.0,240,112114.97,111096.65,0.0,4,2,32,16
14.0,240,96145.86,132662.88,0.2752617763,5,2,10,8
0.0,360,0.0,125003.45,1.0,5,2,10,3
11.0,360,121402.4,124250.72,0.0229239718,5,2,20,3
1.0,240,0.0,137255.37,1.0,5,2,9,1
31.0,236,16936.36,19658.44,0.8923180069,3,2,18,45
24.98,220,10912.31,11390.42,0.953052653,3,4,18,61
23.0,240,103361.26,105803.88,0.0,4,2,27,3
24.98,240,33581.36,37586.49,0.0,4,2,27,18
7.0,300,51756.78,51966.23,0.0040305021,4,2,8,2
24.98,360,0.0,142467.78,1.0,5,2,9,1
0.0,120,127389.71,120333.09,0.0,1,2,16,3
1.0,300,0.0,68094.25,1.0,4,2,10,2
53.0,180,90457.75,86348.06,0.0,5,2,40,1
71.0,360,0.0,171364.76,1.0,5,2,24,2
22.0,300,0.0,42116.85,1.0,4,2,23,1
34.0,180,91531.32,89360.0,0.0,5,2,38,3
1.0,240,50872.76,50946.77,0.0,5,2,11,2
24.98,228,28710.75,26873.72,0.0,3,4,41,18
2.0,204,0.0,20553.67,1.0,4,3,76,3
6.0,240,0.0,69673.42,1.0,4,2,45,7
24.98,240,67113.13,68970.21,0.0,5,2,20,7
0.0,240,139611.18,92411.84,0.9889507665,5,2,16,32
1.0,360,0.0,181090.5,1.0,5,2,12,3
0.0,236,21262.15,9851.59,0.9667038519,3,2,28,40
24.98,232,15424.69,12517.1,0.9772990549,3,2,31,32
24.98,204,62828.45,58626.17,0.0,5,2,17,6
24.98,240,15400.93,24244.82,0.7164307347,1,2,31,29
94.0,221,33287.43,26371.12,0.0,3,4,39,19
24.98,360,0.0,127825.76,1.0,5,2,13,5
1.0,240,49143.02,57223.64,0.0,5,2,34,20
40.0,360,391587.43,374486.13,0.0,5,2,13,4
64.0,240,0.0,25068.69,1.0,4,2,56,1
5.0,228,13215.56,12029.6,0.9749334974,3,2,25,37
1.0,240,74497.15,73503.1,0.0,5,2,20,2
0.0,300,34831.28,29326.56,0.0,4,2,13,24
0.0,240,0.0,70983.58,1.0,4,2,12,11
94.0,300,40008.41,39216.31,0.0,4,2,18,4
2.0,360,71744.02,73867.65,0.0,5,2,14,4
1.0,240,67135.12,70030.94,0.0413505802,5,2,46,1
1.0,300,0.0,26088.64,1.0,4,2,12,9
9.0,300,23357.72,24095.55,0.0306210068,4,2,21,9
96.0,240,33525.72,71152.74,0.0,5,2,16,24
3.0,300,0.0,171176.5,1.0,5,2,17,5
77.0,228,0.0,81374.8,1.0,5,2,25,3
5.0,300,0.0,59935.11,1.0,4,2,27,6
75.0,240,45954.62,48213.31,0.0,4,2,8,10
24.98,180,100057.4,93447.34,0.0,5,2,18,6
24.98,200,0.0,11306.0,0.9499203962,3,4,20,11
0.0,240,108228.48,106102.9,0.0,5,2,11,5
24.98,300,0.0,70696.05,1.0,4,2,12,1
1.0,300,0.0,41352.84,1.0,4,2,23,3
24.98,240,78510.22,70779.39,0.0,5,2,21,10
24.98,240,72253.85,66126.14,0.0,5,2,8,8
24.98,318,0.0,147532.58,1.0,5,2,9,4
24.98,154,23744.22,14890.0,0.5927199463,3,4,14,60
1.0,240,0.0,121687.49,0.6663199073,5,2,25,22
24.98,240,57323.37,56233.35,0.0,5,2,12,1
24.98,141,59753.92,57351.25,0.0,5,2,23,3
2.0,300,0.0,71646.37,1.0,4,2,10,11
1.0,230,20260.68,22011.42,0.9331687824,3,2,28,31
24.98,300,0.0,84154.2,1.0,4,2,12,3
7.0,300,0.0,46131.91,1.0,4,2,15,6
24.98,300,89291.27,80289.64,0.0,5,2,7,10
1.0,183,70656.1,60404.5,0.0,5,2,40,15
24.98,240,23580.04,27381.95,0.7335560573,4,2,27,25
3.0,300,0.0,62060.95,1.0,4,2,18,3
1.0,240,0.0,31048.31,0.7301352833,4,2,52,22
81.0,230,20374.99,22011.42,0.9280110052,3,2,28,31
0.0,236,21260.47,10883.74,0.9472304557,3,2,38,30
24.98,240,50845.87,42361.84,0.7940169608,4,2,16,32
3.0,300,40789.06,39782.59,0.0,4,2,12,5
52.0,240,32660.39,36092.36,0.0950885451,5,2,49,4
61.0,300,0.0,84450.17,1.0,4,2,16,3
24.98,240,26318.38,25952.85,0.9723251974,3,4,18,46
1.0,300,60231.28,68064.5,0.11508525,5,2,39,14
24.98,107,145241.49,126735.48,0.0,5,2,12,10
52.0,240,0.0,88587.66,1.0,5,2,39,3
26.0,240,0.0,59976.99,1.0,4,2,37,11
50.0,240,0.0,62783.18,1.0,4,2,35,5
24.98,300,0.0,90908.41,1.0,4,2,8,4
56.0,300,0.0,26697.17,1.0,4,2,15,2
9.0,300,0.0,77104.15,1.0,4,2,21,2
6.0,240,0.0,119607.99,1.0,5,2,22,1
24.98,360,83446.89,88435.89,0.0,5,2,9,8
5.0,240,0.0,15625.8,1.0,5,2,17,4
2.0,120,37795.67,39202.27,0.0,5,2,11,1
8.0,180,0.0,23628.85,1.0,4,2,21,9
90.0,230,8256.85,9612.49,0.9064425555,3,2,28,52
47.0,240,39663.06,68280.16,0.8174011676,5,2,31,39
1.0,300,144209.27,116552.34,0.0,5,2,20,17
1.0,240,89078.62,68602.78,0.0,5,2,39,22
94.0,230,7352.12,11425.6,0.906261378,3,4,19,61
96.0,120,0.0,83795.56,1.0,5,2,30,7
1.0,180,91718.72,82400.7,0.0,5,2,56,9
17.0,230,13653.02,15975.48,0.9084509511,3,2,23,53
1.0,225,11346.01,11555.25,0.0,3,2,46,22
24.98,240,13031.76,13936.71,0.0059648224,3,4,26,11
7.0,214,6252.17,7838.24,0.2023502725,3,4,65,4
2.0,240,133589.3,140081.36,0.0,5,2,10,1
5.0,240,0.0,65435.41,1.0,4,2,32,1
1.0,222,11584.11,7672.68,1.0,3,2,39,30
94.0,230,11483.42,13833.99,0.9141057641,3,4,33,29
91.0,240,134083.58,129247.52,0.0,5,2,9,4
0.0,240,0.0,54579.75,1.0,4,2,72,1
24.98,156,47990.59,76200.1,0.6667527941,2,2,53,34
24.98,220,12648.51,11382.38,0.9374867119,3,4,18,61
30.0,240,0.0,25798.39,1.0,4,2,30,1
0.0,300,0.0,118507.98,0.8092035623,4,2,14,16
1.0,228,6502.82,8484.72,0.8550618052,3,4,32,28
1.0,64,0.0,2962.04,1.0,5,2,60,4
0.0,360,0.0,93492.34,1.0,5,2,26,1
24.98,240,40975.24,44753.66,0.0,4,2,14,8
1.0,300,100816.3,93052.22,0.0,4,2,9,16
24.98,240,18684.24,19273.13,0.0305549747,1,2,36,2
52.0,240,40186.82,40193.35,0.0001624647,4,2,32,9
1.0,300,0.0,68551.31,1.0,4,2,7,3
8.0,222,13455.71,4820.73,0.9851516264,3,2,27,40
0.0,240,0.0,59685.64,1.0,4,2,13,11
29.0,360,81600.43,83859.17,0.0,5,2,12,3
26.0,300,0.0,76626.74,1.0,4,2,14,2
1.0,240,0.0,19294.78,0.810758212,4,2,18,5
94.0,204,48827.05,68163.07,0.7415811922,4,3,50,31
1.0,323,0.0,235564.76,1.0,5,2,20,3
1.0,300,0.0,80592.37,1.0,4,2,20,4
4.0,180,0.0,66242.83,1.0,5,2,70,5
94.0,234,14450.08,17364.95,0.9316600393,3,4,19,39
3.0,300,59151.46,59506.22,0.0059617297,4,2,17,2
65.0,360,0.0,90882.19,1.0,5,2,30,1
23.0,220,13459.69,12717.01,0.9528080893,3,4,30,53
24.98,240,25998.62,20381.66,0.0,5,2,8,18
1.0,180,18697.27,19097.39,0.0209515541,1,2,84,4
0.0,300,71780.71,58182.79,0.9855021772,4,2,23,28
6.0,360,0.0,109893.7,1.0,5,2,28,2
70.0,360,0.0,140781.1,1.0,5,2,16,3
94.0,360,174191.43,173242.9,0.0,5,2,7,3
4.0,228,11196.97,15468.69,0.0,3,4,57,20
8.0,240,10001.77,10891.13,0.0816591116,3,2,47,10
3.0,60,0.0,68057.78,1.0,1,2,31,8
24.98,240,126572.92,140854.25,0.0,5,2,22,5
10.0,360,146656.55,145862.13,0.0,5,2,11,6
3.0,360,134023.07,126198.74,0.0,5,2,28,6
1.0,60,0.0,11823.52,0.2545769077,1,2,16,4
1.0,300,0.0,58418.83,1.0,4,2,12,2
1.0,240,0.0,125162.82,1.0,5,2,24,8
8.0,240,26318.39,26498.13,0.9737007857,3,4,34,30
89.0,72,0.0,1724.29,0.4475023937,4,1,20,52
1.0,240,53280.34,51913.55,0.0,4,2,34,4
9.0,300,0.0,69737.7,1.0,4,2,15,16
1.0,230,22897.58,23150.48,0.961215923,3,4,25,50
96.0,234,19894.57,23097.5,0.9213854313,3,4,30,29
1.0,240,25370.65,26623.33,0.9885273555,3,4,13,46
24.98,240,47693.65,43512.01,0.0,5,2,25,8
91.0,228,11793.42,17416.84,0.8623820395,3,4,39,34
1.0,300,0.0,73169.12,1.0,4,2,14,4
13.0,240,19221.72,19915.02,0.9659784424,3,2,19,42
94.0,230,7420.92,11425.6,0.894296142,3,4,19,61
2.0,300,96406.97,89626.15,0.0,5,2,29,8
1.0,216,17895.17,16291.6,0.9473790174,3,4,26,29
1.0,240,65497.74,65168.29,0.0,4,2,22,2
65.0,240,0.0,158682.65,0.0,5,2,21,14
3.0,360,0.0,125838.74,1.0,5,2,41,1
94.0,230,10496.91,11646.56,0.918112301,3,4,38,46
94.0,240,11114.4,11477.02,0.0,3,2,31,24
17.0,240,0.0,89607.4,0.7448106063,5,2,29,8
24.98,180,21100.64,21295.72,0.6408326323,5,2,24,25
24.98,119,5730.57,8437.34,0.1033344523,5,2,39,9
24.98,180,154569.94,135719.08,0.0,5,2,12,9
1.0,235,13081.03,13289.29,0.9992964259,3,2,35,40
1.0,360,117809.47,116431.43,0.0,5,2,13,1
56.0,240,25630.5,26405.52,0.0,5,2,11,1
24.98,240,35630.92,35582.1,0.0,3,4,39,1
94.0,224,14961.61,17840.36,0.8947644554,3,2,17,55
24.98,240,21818.02,21148.21,0.0,4,2,39,4
24.98,240,63869.41,52737.0,0.0,5,2,12,15
24.98,204,170278.41,195361.51,0.1283932541,5,2,25,8
2.0,240,0.0,129115.0,0.7080155418,5,2,9,5
9.0,300,46092.9,46318.98,0.0048809365,4,2,18,2
1.0,240,186567.76,180929.34,0.0,5,2,36,4
32.0,300,0.0,61593.57,1.0,4,2,30,4
1.0,230,11483.46,13835.79,0.9233516843,3,4,33,29
67.0,360,0.0,117708.61,1.0,5,2,14,3
5.0,240,158227.02,96587.0,0.8175415419,5,2,7,56
24.98,240,11733.72,9552.43,1.0,4,2,19,25
1.0,240,0.0,65391.09,1.0,5,2,32,12
6.0,300,0.0,69509.58,1.0,4,2,12,5
24.0,240,0.0,43665.75,0.6899154999,5,2,23,13
26.0,300,0.0,56083.24,1.0,4,2,31,4
2.0,300,0.0,23336.16,1.0,4,2,30,1
0.0,236,21260.47,9860.0,0.9832403651,3,2,28,40
56.0,240,37118.61,60061.11,0.7104115443,5,2,42,35
60.0,240,87953.67,79796.59,0.0,5,2,33,11
1.0,300,0.0,66173.45,1.0,4,2,9,1
24.98,204,22593.6,24668.53,0.0,4,2,29,4
4.0,240,0.0,84167.0,1.0,4,2,26,11
49.0,360,67141.58,61943.95,0.0,5,2,26,8
4.0,240,0.0,104154.29,1.0,5,2,48,3
24.98,180,83350.45,76075.04,0.0,5,2,44,6
1.0,360,0.0,121893.76,0.7864342232,5,2,18,5
71.0,240,18211.81,18657.35,0.9423471179,3,2,20,35
1.0,236,21262.15,9850.67,0.980993171,3,2,28,40
94.0,240,11057.34,11480.87,0.0,3,2,31,24
1.0,240,10238.07,11366.25,0.0992570109,3,2,39,16
40.0,216,15655.67,20227.06,0.9004086605,3,4,10,44
1.0,218,28572.15,29135.69,0.0193419136,3,2,58,17
4.0,240,37261.7,37967.83,0.0,4,2,24,10
40.0,240,10239.47,10856.01,0.0567925048,3,2,51,4
1.0,180,0.0,277177.6,1.0,5,2,40,7
5.0,240,0.0,79271.8,1.0,4,2,26,2
0.0,120,45442.31,50036.49,0.0,1,2,29,9
94.0,236,20591.38,13201.44,0.9348358967,3,2,7,66
14.0,300,38992.13,39617.52,0.0157856928,4,2,16,2
94.0,204,49650.22,54043.5,0.0026100364,5,2,20,2
1.0,60,0.0,53747.66,1.0,5,2,19,6
24.98,156,1323.36,28941.71,1.0,4,2,37,34
1.0,220,12142.34,11441.53,0.9334669402,3,4,18,61
83.0,240,54891.57,55082.27,0.0,4,2,23,1
24.98,360,0.0,84376.06,1.0,5,2,14,4
36.0,360,122255.53,112645.79,0.0,5,2,32,8
24.98,300,60454.8,65609.03,0.0,4,2,12,6
1.0,240,12515.96,15148.25,0.902807255,3,2,21,39
11.0,300,72363.08,71594.59,0.0,4,2,21,2
0.0,240,77173.02,73272.0,0.0,4,2,40,6
24.98,72,41334.89,53952.79,0.0,5,2,20,13
24.98,222,7645.83,5546.66,0.9233791146,3,2,17,55
18.0,120,0.0,30392.31,1.0,1,2,10,2
24.98,100,56497.11,47576.77,0.0,4,2,14,17
1.0,240,19234.48,23141.29,0.9423925805,3,4,19,36
24.98,204,41875.08,42483.86,0.0,1,2,58,19
11.0,240,0.0,27498.71,1.0,5,2,55,5
9.0,240,0.0,61489.8,1.0,5,2,41,2
24.98,90,85663.97,79910.66,0.0,5,2,19,4
77.0,360,0.0,96277.03,1.0,5,2,16,3
1.0,204,0.0,27102.22,1.0,5,2,43,11
1.0,300,18376.71,16446.06,0.9184663384,4,2,19,30
22.0,180,37791.56,39096.34,0.0,5,2,36,1
0.0,240,0.0,69284.78,1.0,4,2,12,13
1.0,236,21223.83,10043.62,0.9632921198,3,2,28,40
1.0,240,0.0,92121.37,1.0,4,2,27,8
64.0,300,0.0,52069.13,1.0,4,2,28,7
24.98,218,14774.97,9484.19,0.9340344299,3,4,17,32
2.0,240,36311.21,37467.99,0.0308738206,4,2,32,1
1.0,116,87622.51,86556.76,0.0,5,2,24,5
4.0,240,79812.83,78780.19,0.0,4,2,24,8
56.0,240,0.0,17508.83,1.0,5,2,70,2
2.0,300,0.0,72519.0,1.0,4,2,12,3
17.0,300,0.0,54759.15,1.0,4,2,29,8
1.0,240,26316.66,26465.59,0.9906455892,3,4,22,33
89.0,240,0.0,160344.3,1.0,5,2,23,5
89.0,240,11114.4,11441.84,0.9287378603,3,2,25,30
0.0,100,0.0,55679.7,0.6423700247,5,2,39,2
1.0,300,46484.56,45003.44,0.0,4,2,8,6
24.98,360,102281.46,112888.27,0.0939584777,5,2,20,5
1.0,300,49191.16,44710.25,0.0,4,2,21,14
10.0,240,11057.87,11441.84,0.971337652,3,2,25,30
7.0,360,68124.79,62940.92,0.0,5,2,17,8
1.0,300,69380.23,58398.23,1.0,4,2,8,26
43.0,222,13527.4,12869.99,0.9379999518,3,4,30,53
1.0,360,67045.73,71778.48,0.7906353734,4,2,15,31
1.0,240,11057.87,11441.84,0.9674527873,3,2,25,30
4.0,236,21260.47,15614.87,0.0,3,2,56,12
14.0,144,0.0,61797.55,1.0,5,2,29,10
24.98,120,89960.2,112083.4,0.1973815926,1,2,8,4
1.0,240,69568.42,64429.42,0.0,4,2,15,12
54.0,180,12031.27,15230.29,0.2100432756,5,2,48,16
24.98,240,94018.46,81656.77,0.0,5,2,14,22
8.0,300,0.0,53382.61,1.0,4,2,14,12
2.0,240,0.0,160431.96,0.7793582044,5,2,7,16
34.0,240,37526.06,38075.9,0.0144406304,4,2,26,9
3.0,360,0.0,146648.25,1.0,5,2,19,0
0.0,240,0.0,37565.59,0.0,1,2,39,24
2.0,360,0.0,124678.14,1.0,5,2,13,11
24.98,60,86224.82,72186.41,0.0,1,2,39,9
24.98,240,12147.16,30969.94,0.7272081239,5,2,11,39
13.0,300,0.0,78172.35,1.0,4,2,31,2
24.98,343,0.0,196147.33,1.0,5,2,7,7
56.0,240,75927.78,73489.7,0.0,5,2,15,4
94.0,300,0.0,66031.56,1.0,4,2,21,2
24.98,240,54312.28,60197.08,0.0977588946,1,2,40,7
1.0,180,0.0,29363.74,0.7751461274,5,2,51,14
5.0,255,0.0,63382.26,1.0,5,2,27,2
1.0,329,0.0,147607.7,1.0,5,2,13,1
4.0,240,10513.0,9000.14,0.0,3,4,35,18
24.98,240,55962.93,56403.8,0.0,5,2,29,2
13.0,240,80428.17,80321.97,0.0,5,2,46,3
1.0,240,39585.2,30808.83,0.0,5,2,16,21
24.98,240,90564.8,68638.68,0.0,5,2,7,24
27.0,300,0.0,60238.42,1.0,4,2,18,4
1.0,236,21260.47,9851.58,0.9810274088,3,2,28,40
96.0,180,22026.42,25855.67,0.6141380822,5,2,15,33
1.0,300,62927.04,60106.61,0.0,4,2,7,8
94.0,234,11792.98,14451.13,0.8620848335,3,2,38,36
1.0,104,0.0,44188.78,0.8275386861,5,2,10,16
1.0,240,0.0,86142.89,1.0,5,2,35,4
24.98,222,26699.43,4368.95,0.9331678023,3,2,7,36
61.0,300,0.0,48650.15,1.0,4,2,16,2
9.0,240,0.0,63405.51,1.0,5,2,33,1
2.0,300,0.0,59131.65,1.0,4,2,21,1
38.0,360,84958.1,106603.11,0.0,5,2,15,17
1.0,240,0.0,163938.48,0.7655417796,4,2,8,1
1.0,360,0.0,60108.47,1.0,5,2,26,2
13.0,300,0.0,23977.67,1.0,4,2,20,2
1.0,300,54919.62,48943.91,0.0,4,2,14,19
5.0,240,10902.69,11744.45,0.071673003,3,2,45,10
9.0,120,0.0,55206.06,0.6487468461,5,2,23,2
1.0,300,0.0,69676.0,1.0,4,2,18,12
9.0,180,18647.41,17919.35,0.0,5,2,56,2
9.0,240,0.0,53808.48,1.0,4,2,13,1
52.0,180,57819.71,75639.79,0.7450064119,5,2,21,29
94.0,120,35631.83,37933.55,0.0,5,2,16,1
61.0,240,37643.45,40690.03,0.0,4,2,17,5
17.0,360,176850.78,179798.57,0.016394958,5,2,18,3
1.0,240,0.0,30680.73,1.0,5,2,16,5
1.0,240,118407.13,116026.82,0.0,4,2,27,3
24.98,234,21348.08,15215.04,0.9796931194,3,2,18,40
24.98,240,84620.77,77150.71,0.0,5,2,19,8
1.0,300,0.0,36361.16,1.0,4,2,15,6
26.0,300,85182.26,85088.93,0.0,4,2,9,3
15.0,218,33569.31,17724.5,0.9266659144,3,4,24,40
70.0,240,19224.36,19904.65,0.9658401429,3,2,19,42
24.98,228,11253.86,14603.95,0.2293961565,3,4,69,8
94.0,240,55403.36,55289.32,0.0,4,2,27,1
1.0,240,0.0,56388.37,1.0,5,2,34,11
3.0,300,84464.95,85091.85,0.0073673331,4,2,15,15
36.0,300,45111.77,45434.06,0.0070935769,4,2,12,0
24.98,240,61153.44,60915.88,0.0,5,2,19,0
1.0,222,11455.23,4232.35,0.9187567191,3,2,12,53
52.0,360,67783.47,73968.56,0.0836178236,5,2,26,4
6.0,236,18498.99,17164.39,0.9376429923,3,2,24,41
77.0,240,152435.32,155473.18,0.0,5,2,19,9
24.98,360,409839.82,333943.03,0.0,5,2,11,17
1.0,240,0.0,88966.35,0.689868865,5,2,29,22
24.98,240,52967.03,52308.26,0.0,4,2,25,1
7.0,240,0.0,33769.02,0.8154275799,4,2,9,2
52.0,218,32634.32,15675.62,0.9217109116,3,4,22,43
1.0,360,0.0,131011.84,1.0,5,2,14,9
18.0,240,53717.56,55585.75,0.0,4,2,18,10
1.0,300,0.0,27773.96,1.0,4,2,22,15
24.98,120,98682.26,82570.45,0.0,5,2,12,16
1.0,240,17249.33,22569.04,0.7019277923,5,2,14,44
24.98,180,102772.8,98798.49,0.0,1,2,26,3
94.0,300,0.0,40035.74,1.0,4,2,22,1
1.0,234,22401.12,23454.13,0.9888736014,3,4,27,38
0.0,300,0.0,68083.65,1.0,4,2,8,16
7.0,360,35398.68,39042.51,0.093329809,5,2,42,7
1.0,300,122767.54,110854.98,0.0,5,2,18,8
34.0,240,0.0,88793.5,1.0,5,2,28,4
1.0,120,30277.9,39278.21,0.5942322012,5,2,21,35
1.0,240,10481.31,11696.41,0.1038865772,3,2,33,20
11.0,300,0.0,76226.14,1.0,4,2,22,1
94.0,204,56718.08,57649.65,0.0,5,2,11,4
24.98,180,104604.83,101165.19,0.0,5,2,13,3
1.0,360,0.0,78374.05,1.0,5,2,10,6
50.0,240,0.0,19672.82,1.0,5,2,36,2
24.98,240,26235.36,22400.19,0.0,4,2,39,20
68.0,218,33531.62,17714.28,0.9290081223,3,4,24,40
2.0,240,0.0,42589.8,0.7015288847,5,2,38,1
1.0,222,7641.54,5537.83,0.9317151303,3,2,17,55
2.0,225,11346.03,11557.52,0.0,3,2,46,22
0.0,240,58765.71,46336.16,0.0,4,2,22,21
1.0,228,10174.7,11104.52,0.0837334707,3,4,38,22
72.0,240,79136.73,85830.04,0.0,4,2,20,14
65.0,336,108368.3,109893.66,0.0138803276,5,2,8,1
45.0,180,0.0,57642.29,1.0,4,2,14,8
1.0,360,117713.7,110788.07,0.0,5,2,25,6
24.98,240,28067.26,25736.05,0.0,1,2,42,23
1.0,236,14668.91,9790.73,0.9829267072,3,2,28,40
8.0,225,11346.02,11562.74,0.0,3,2,46,22
1.0,240,0.0,18806.12,0.9522772945,4,2,14,32
24.98,180,88127.18,66809.61,0.0,1,2,37,20
4.0,240,0.0,16523.64,1.0,5,2,52,2
48.0,240,39227.3,37859.92,0.0,4,2,26,6
64.0,240,19229.25,19904.65,0.967972308,3,2,19,42
46.0,240,0.0,65993.63,1.0,5,2,54,3
0.0,240,0.0,98380.98,1.0,4,2,19,6
1.0,240,10001.77,11189.55,0.0,3,2,35,22
4.0,240,73792.32,79884.26,0.0,5,2,15,10
3.0,300,0.0,107844.56,0.7995368396,5,2,8,9
1.0,230,20372.4,22011.42,0.9462297298,3,2,28,31
0.0,360,85501.57,84682.6,0.0,5,2,9,12
4.0,300,0.0,46304.17,1.0,4,2,17,14
0.0,48,0.0,8896.14,1.0,5,2,46,3
13.0,240,17535.07,19314.5,0.0921292293,3,2,43,15
94.0,234,19199.04,23064.73,0.9529996666,3,4,30,36
1.0,360,0.0,210743.71,1.0,5,2,19,2
28.0,218,89260.24,86326.38,0.0,4,2,34,4
2.0,218,34069.11,17846.99,0.8988787465,3,4,24,40
24.98,240,85036.9,79678.39,0.0,5,2,19,6
0.0,300,63271.87,56396.71,0.0,4,2,15,19
1.0,218,34009.77,17827.17,0.9033570668,3,4,24,40
90.0,221,26175.61,20051.33,0.9427923235,3,4,31,33
1.0,236,9493.28,9540.92,0.9937899071,3,2,48,38
1.0,347,303175.13,262073.69,0.0,5,2,8,13
24.98,240,16800.16,15654.71,0.0,4,2,25,10
70.0,229,15036.54,18207.47,0.9040102771,3,2,29,54
94.0,204,42830.1,43570.97,0.0,4,3,23,4
26.0,180,71916.89,66569.15,1.0,1,2,25,47
3.0,232,15973.48,18932.19,0.9271690174,3,2,24,59
1.0,240,0.0,28316.94,1.0,4,2,24,4
2.0,240,0.0,45431.74,0.71304377,5,2,39,36
1.0,240,10495.33,11490.62,0.0866176064,3,4,38,22
1.0,300,0.0,26412.07,1.0,4,2,23,8
2.0,300,63965.33,66639.15,0.0401238611,4,2,17,11
24.0,180,0.0,43488.71,1.0,5,2,47,1
10.0,240,10932.55,11478.96,0.0476010022,3,2,31,23
24.98,240,121478.32,113669.62,0.0,5,2,23,6
1.0,240,26316.65,26503.09,0.9710697885,3,4,22,33
17.0,300,0.0,50857.73,1.0,4,2,12,1
11.0,240,0.0,118087.59,1.0,5,2,18,7
5.0,360,0.0,142204.12,1.0,5,2,26,6
24.98,236,5441.37,5694.86,0.9541990497,3,4,38,44
1.0,360,0.0,162071.77,1.0,5,2,12,4
94.0,240,16708.94,19799.18,0.8997761523,3,2,31,54
24.98,240,66389.79,75850.92,0.1247332267,1,2,69,5
1.0,230,7788.14,8441.03,0.0773471958,3,2,51,16
1.0,240,0.0,193027.56,1.0,5,2,20,10
94.0,232,15265.18,18071.38,0.9214249272,3,2,24,59
24.98,200,0.0,11264.0,0.9639284446,3,4,20,3
24.98,360,136365.56,148330.55,0.0806643675,5,2,7,4
1.0,240,70541.49,69735.39,0.0,4,2,13,2
4.0,240,26318.38,25855.07,0.9684386853,3,4,24,40
24.98,120,39903.03,39427.44,0.0,5,2,41,1
0.0,240,0.0,97116.27,1.0,4,2,29,4
55.0,300,0.0,54248.08,1.0,4,2,10,6
11.0,300,52196.05,55070.37,0.0521935843,4,2,16,7
1.0,180,0.0,30470.4,1.0,4,2,17,3
38.0,120,0.0,6509.31,0.0,1,2,117,1
24.98,240,0.0,5738.29,0.1574129416,5,2,17,2
1.0,240,0.0,87672.67,0.6775839689,5,2,29,20
1.0,240,106178.99,75930.37,1.0,5,2,34,28
24.98,240,149342.57,142507.69,0.0,5,2,8,3
1.0,300,44172.5,43670.57,0.0,4,2,16,2
24.98,240,52328.85,53375.7,0.0,4,2,29,15
67.0,260,0.0,53250.53,1.0,5,2,12,8
1.0,240,96913.54,97062.15,0.0015310809,5,2,29,1
24.98,180,31657.24,38487.39,0.6460297886,5,2,32,26
0.0,120,0.0,40086.69,1.0,1,2,87,3
1.0,360,0.0,182922.67,1.0,5,2,31,4
1.0,216,18656.79,18833.85,1.0,3,4,16,36
45.0,240,0.0,83163.18,0.6922189029,5,2,16,7
24.98,236,5097.34,5552.52,0.8953376125,3,4,15,48
7.0,300,0.0,61164.36,1.0,4,2,15,1
0.0,236,21260.47,9859.99,0.9830466359,3,2,28,40
26.0,240,0.0,114042.01,0.6988806327,5,2,11,36
24.98,180,53842.07,58365.72,0.7919810121,1,2,32,34
71.0,360,0.0,42228.51,1.0,5,2,22,1
1.0,240,0.0,66911.65,1.0,4,2,20,2
18.0,240,0.0,225508.92,0.6981121405,5,2,54,1
0.0,360,0.0,203078.88,1.0,5,2,14,7
24.98,240,64190.71,58673.13,0.0,5,2,35,8
71.0,300,0.0,54393.04,1.0,4,2,12,2
4.0,300,0.0,67877.07,1.0,4,2,25,1
24.98,240,79890.12,73319.42,0.0,5,2,27,9
0.0,240,0.0,91693.08,0.8846965771,5,2,13,3
1.0,300,0.0,47689.96,1.0,4,2,27,7
24.98,240,49345.22,38025.08,0.0,5,2,11,23
24.98,240,52097.98,44199.71,0.0,4,2,24,22
56.0,300,0.0,36430.26,1.0,4,2,17,6
14.0,300,0.0,45211.72,1.0,4,2,25,0
1.0,240,26316.66,26479.96,0.9831287509,3,4,26,29
13.0,228,11798.96,17036.63,0.8731028378,3,4,44,29
1.0,228,13983.76,17172.92,0.919963524,3,4,38,32
24.98,60,26466.78,23949.73,0.0,5,2,33,7
2.0,120,20517.28,26839.82,0.2355656633,5,2,23,16
82.0,240,0.0,169093.87,1.0,5,2,21,6
18.0,72,70296.54,70000.23,0.0,5,2,9,4
14.0,180,0.0,94525.75,0.6433403582,5,2,13,21
8.0,300,0.0,54807.42,1.0,4,2,9,6
44.0,236,16072.87,19384.9,0.9072711234,3,2,14,65
4.0,240,10509.93,9023.64,0.0,3,4,35,18
94.0,222,11455.64,4293.11,0.9116910585,3,2,13,52
93.0,236,20633.02,19550.51,0.9397529783,3,2,24,41
1.0,235,8922.31,12230.23,0.9201094338,3,2,26,60
3.0,300,0.0,37563.19,1.0,4,2,27,5
24.98,240,26319.94,25956.8,0.9709440301,3,4,18,43
24.98,130,52300.61,51312.0,0.0,4,2,42,6
1.0,223,12697.03,7680.87,1.0,3,2,39,30
0.0,360,94388.08,93384.3,0.0,5,2,11,1
2.0,236,21260.47,15620.29,0.0,3,2,56,12
1.0,236,3634.98,5994.84,0.9348456339,3,4,25,53
76.0,240,0.0,224220.41,0.681390616,5,2,20,18
1.0,236,21262.15,10910.87,1.0,3,2,43,25
46.0,360,0.0,140133.48,1.0,5,2,24,4
56.0,119,10784.08,15621.67,0.6570031136,5,2,23,27
1.0,240,20755.33,18072.36,0.9877647413,3,4,23,39
1.0,240,10717.22,11859.67,0.0963306736,3,2,37,17
24.98,350,0.0,327388.55,1.0,5,2,7,5
0.0,300,0.0,38160.28,1.0,4,2,17,8
1.0,240,32325.8,36691.68,0.1189882829,4,2,40,9
0.0,240,78149.69,76254.34,0.0,5,2,41,2
2.0,240,0.0,55696.02,1.0,5,2,33,6
12.0,240,0.0,61727.98,1.0,5,2,59,1
1.0,240,0.0,51957.63,1.0,4,2,9,7
1.0,300,62657.27,55549.78,0.0,4,2,8,19
6.0,300,0.0,49286.36,1.0,4,2,31,3
24.98,240,33157.33,32438.19,0.0,5,2,14,7
4.0,240,97272.5,96484.59,0.0,4,2,29,2
0.0,240,108512.32,111378.94,0.0,5,2,13,2
1.0,240,0.0,128253.08,0.8095392056,5,2,23,12
0.0,240,10239.47,11355.47,0.098278627,3,2,39,16
8.0,204,0.0,18903.13,0.7211344625,4,3,49,23
1.0,240,10653.72,11810.69,0.0,3,2,39,15
24.98,240,36572.45,35893.92,0.697064005,5,2,28,34
5.0,120,0.0,14849.7,1.0,4,2,31,3
25.0,240,0.0,77804.21,1.0,4,2,30,0
4.0,240,0.0,29066.18,0.7791548172,4,2,45,8
11.0,300,0.0,62417.34,1.0,4,2,17,12
64.0,229,15067.1,17982.23,0.944168215,3,2,23,60
24.98,300,0.0,69556.48,1.0,4,2,13,1
24.98,180,116603.5,149637.7,0.0,1,2,26,24
24.98,240,12974.85,10823.36,0.0,4,2,63,14
1.0,240,112296.63,67175.63,1.0,4,2,23,47
1.0,240,0.0,71262.34,0.8253167214,5,2,24,3
8.0,158,7306.49,34893.63,0.6786941039,1,2,70,59
24.98,360,0.0,73964.48,1.0,5,2,11,1
2.0,360,0.0,121090.14,1.0,5,2,19,4
0.0,240,110758.72,63321.13,0.8772288859,5,2,17,49
0.0,360,189401.62,139295.26,1.0,5,2,10,27
96.0,300,85228.82,87279.4,0.0234944328,5,2,18,1
24.98,240,350528.0,368978.55,0.0,1,2,38,22
24.98,360,0.0,132123.9,1.0,5,2,14,4
0.0,300,24586.95,21265.24,0.0,4,2,12,16
24.98,120,18272.74,21838.28,0.0,1,2,25,13
1.0,360,0.0,74233.5,1.0,5,2,12,7
9.0,240,0.0,60439.65,1.0,4,2,22,3
1.0,300,62395.52,55110.75,0.0,4,2,7,19
24.98,228,28719.26,26803.61,0.0,3,4,41,18
2.0,240,0.0,46092.63,0.8205581517,4,2,20,3
0.0,240,0.0,48045.98,1.0,4,2,30,17
13.0,300,119281.95,122640.16,0.0,5,2,12,18
54.0,240,52108.71,52950.65,0.0,1,2,68,7
56.0,240,11900.22,12785.71,0.9294532724,3,4,21,31
56.0,240,46238.74,45712.51,0.0,4,2,34,3
24.98,300,0.0,90394.53,1.0,4,2,11,1
38.0,243,73591.55,114836.14,0.0,5,2,15,23
18.0,300,64175.21,61747.5,0.0,4,2,9,17
24.98,240,61939.83,69887.66,0.7212686578,4,2,24,38
24.98,300,85568.67,81950.92,0.0,4,2,7,7
94.0,360,0.0,211883.79,1.0,5,2,14,3
24.98,300,0.0,78138.87,1.0,4,2,10,4
52.0,300,0.0,63056.26,1.0,4,2,10,2
95.0,230,20375.0,22011.42,0.9202941019,3,2,28,31
24.98,300,0.0,81066.58,1.0,4,2,11,5
1.0,240,10519.01,11892.06,0.1154593906,3,2,33,22
2.0,300,0.0,43428.49,1.0,4,2,28,4
24.98,240,34094.83,33518.47,0.0,4,2,51,2
73.0,240,72632.31,74726.12,0.0,5,2,22,4
22.0,304,0.0,115923.59,1.0,5,2,34,1
24.98,240,88321.67,93647.74,0.0568734494,5,2,12,5
8.0,300,35939.79,34497.03,0.0,4,2,11,7
22.0,204,45286.45,46086.6,0.0,4,3,46,1
94.0,240,8309.97,9520.39,0.8942238711,3,2,30,34
90.0,240,19774.64,19977.68,0.0,4,2,8,14
1.0,300,0.0,53904.9,1.0,4,2,29,2
0.0,300,50920.88,55042.69,0.0748838765,4,2,8,8
1.0,300,0.0,62333.75,1.0,4,2,13,3
14.0,240,0.0,33539.66,0.6662918856,1,2,106,16
1.0,240,73536.74,74918.42,0.0184424605,4,2,42,9
81.0,236,8287.82,12153.2,0.9254739492,3,4,16,48
4.0,300,65544.77,65940.89,0.0060071983,4,2,22,1
42.0,240,0.0,100835.92,1.0,5,2,54,2
71.0,360,0.0,59344.71,1.0,5,2,25,2
4.0,240,20103.62,20052.79,0.0,4,2,18,1
1.0,222,8034.6,7672.67,1.0,3,2,39,30
1.0,240,0.0,79606.4,1.0,5,2,49,8
47.0,235,13081.03,13235.82,0.9599035043,3,2,18,57
64.0,236,13141.11,14188.64,0.9524387115,3,2,11,57
33.0,240,0.0,156509.89,1.0,5,2,35,3
1.0,236,21262.15,9809.82,0.9647455305,3,2,28,40
24.98,240,73137.49,70959.68,0.7082881491,5,2,12,25
24.98,130,17295.31,19994.48,0.0283020053,4,2,50,3
24.98,236,4988.68,5354.74,0.0683618626,3,4,55,8
1.0,240,0.0,125358.61,1.0,5,2,21,4
2.0,240,19221.72,19915.49,0.9659792453,3,2,19,42
20.0,300,0.0,28443.05,1.0,4,2,14,2
24.98,300,0.0,73162.74,1.0,4,2,12,6
4.0,240,39195.67,38615.13,0.0,4,2,32,12
93.0,204,10283.92,10378.28,0.0,4,3,45,3
0.0,300,0.0,48930.7,1.0,4,2,23,10
75.0,240,0.0,26762.17,1.0,5,2,59,4
94.0,240,19221.72,19713.07,0.9414545781,3,2,30,31
0.0,300,36686.88,32837.14,0.0,4,2,8,18
0.0,240,20953.7,17924.95,0.0,5,2,20,14
0.0,300,0.0,39846.5,1.0,4,2,17,1
24.98,240,65469.57,75134.29,0.0,4,2,47,13
4.0,240,17535.07,18752.06,0.0648990031,3,2,51,7
0.0,300,0.0,44094.01,1.0,4,2,11,1
1.0,231,7862.07,8995.33,0.992742901,3,2,52,26
1.0,60,0.0,29480.47,1.0,5,2,18,5
24.98,60,118277.07,115506.1,0.0,1,2,8,1
94.0,230,26061.83,4918.66,0.830760817,3,4,7,64
90.0,240,35859.38,36692.49,0.0227051912,4,2,30,7
1.0,263,0.0,37504.11,1.0,4,2,21,2
4.0,240,60424.32,62164.54,0.0279937727,5,2,65,6
8.0,240,0.0,72708.13,1.0,4,2,52,1
24.98,197,46620.55,46391.13,0.0,5,2,44,0
68.0,240,34813.6,37506.97,0.7788639544,4,2,25,25
1.0,240,26910.11,28913.25,1.0,3,4,25,30
94.0,240,11058.19,11474.81,0.0,3,2,31,24
2.0,240,105964.85,104245.74,0.0,5,2,19,6
24.98,360,70335.27,69814.52,0.0,5,2,13,1
1.0,240,0.0,122056.63,0.713602902,5,2,24,3
1.0,360,219814.28,193633.61,0.0,4,2,26,24
10.0,236,18396.86,17154.53,0.939605457,3,2,24,41
68.0,218,32651.0,15675.62,0.9217109116,3,4,22,43
1.0,236,21262.15,9851.59,0.9630648454,3,2,28,40
0.0,360,0.0,124483.76,1.0,5,2,10,1
24.98,180,18822.54,16491.41,0.0,4,2,7,16
1.0,300,58925.64,63354.0,0.0,4,2,12,17
8.0,119,77198.71,74760.38,0.0,5,2,30,6
2.0,240,0.0,62687.49,1.0,5,2,37,2
8.0,180,61627.57,71619.97,0.1395197457,5,2,48,5
1.0,300,0.0,62409.27,1.0,4,2,15,6
1.0,85,50186.66,75953.29,0.0,5,2,19,16
77.0,240,32011.85,25082.36,0.0,4,2,7,16
46.0,360,0.0,330261.76,1.0,5,2,24,1
24.98,180,43473.45,41031.75,0.0,5,2,15,8
43.0,120,0.0,39693.77,1.0,5,2,68,4
2.0,240,0.0,25532.9,1.0,4,2,76,9
2.0,300,0.0,62201.61,1.0,4,2,30,1
0.0,360,0.0,166964.58,1.0,5,2,10,2
9.0,240,52249.69,57970.81,0.024955238,5,2,15,2
24.98,240,25775.1,26682.85,0.0,4,2,19,10
24.98,150,15502.45,12360.65,0.0,2,2,87,10
9.0,240,94094.35,92309.91,0.0,5,2,14,3
13.0,180,7397.73,9495.79,0.8196685057,3,2,30,33
1.0,234,25998.48,28323.54,0.9374283723,3,4,26,32
0.0,360,0.0,343486.0,1.0,5,2,20,17
17.0,240,0.0,35792.6,0.666633534,5,2,12,13
24.98,240,18211.81,18669.68,0.9457542925,3,2,20,35
1.0,300,41773.63,38561.17,0.810818523,4,2,8,33
0.0,360,0.0,94271.61,1.0,5,2,15,13
1.0,228,16095.37,19507.53,0.980020023,3,2,34,37
0.0,240,112886.99,105590.97,0.0,5,2,41,6
24.98,300,45817.25,44605.73,0.0,4,2,7,5
1.0,240,10220.42,11962.68,0.9444054342,3,2,22,32
24.98,240,62221.86,58345.45,0.8456796585,4,2,39,27
24.98,222,11454.57,4301.37,0.9317589512,3,2,18,47
10.0,240,0.0,87114.22,1.0,1,2,83,3
1.0,240,0.0,104160.93,1.0,5,2,50,14
0.0,240,175406.84,111829.17,0.9903620349,5,2,8,40
24.98,240,29427.82,35634.57,0.0,1,2,70,22
24.98,240,44987.93,36712.25,0.0,5,2,16,18
1.0,235,13081.03,13352.39,0.9913221528,3,2,13,62
0.0,360,0.0,170697.79,1.0,4,2,17,8
52.0,240,66604.12,67913.86,0.0192853123,4,2,64,3
1.0,240,16151.59,13578.15,0.0,4,2,55,19
1.0,240,0.0,59068.66,0.719828372,5,2,32,1
1.0,240,19703.8,22017.68,0.105091908,3,2,39,18
2.0,300,0.0,33964.99,1.0,4,2,10,8
61.0,240,49814.32,52577.72,0.0,5,2,11,17
13.0,240,0.0,16987.27,1.0,5,2,35,7
24.98,240,26318.37,25888.0,0.9883648795,3,4,23,41
0.0,130,0.0,67627.08,1.0,5,2,20,12
1.0,228,24061.09,14104.0,0.8894030062,3,4,14,60
90.0,120,0.0,71666.79,1.0,5,2,29,2
5.0,240,0.0,73063.64,1.0,4,2,39,2
0.0,360,176560.25,155009.42,0.0,5,2,8,13
24.98,218,14776.13,9679.71,0.8833002228,3,4,17,32
24.98,200,9356.75,14245.86,0.8786812449,3,4,50,29
1.0,236,19371.79,15725.05,0.9687365064,3,2,11,49
1.0,240,57876.95,29258.26,0.9794690358,5,2,24,52
0.0,240,75998.25,62496.91,0.0,5,2,27,16
17.0,300,0.0,41147.89,1.0,4,2,29,4
39.0,302,0.0,106920.37,1.0,5,2,36,3
8.0,225,11346.02,11568.34,0.0,3,2,46,22
4.0,300,0.0,95289.61,1.0,4,2,19,1
1.0,240,0.0,38363.73,0.6930890681,5,2,16,2
94.0,300,42995.83,41784.39,0.0,4,2,12,8
1.0,180,0.0,16001.36,0.7548378917,1,2,36,8
0.0,240,101736.16,97432.23,0.0,5,2,21,5
1.0,236,19371.79,15745.79,0.9651621163,3,2,11,49
70.0,204,0.0,13845.99,1.0,4,3,59,4
24.98,360,0.0,86658.5,1.0,5,2,13,3
94.0,230,11483.41,13830.43,0.914556525,3,4,33,29
24.98,240,70332.41,75988.29,0.0744309419,4,2,22,2
3.0,300,0.0,72252.52,1.0,4,2,12,5
24.98,41,407.8,406.0,0.0,4,2,47,2
93.0,204,13220.58,17218.03,0.7450818389,4,3,41,37
24.98,120,83920.6,77884.87,0.0,5,2,17,5
24.98,240,56476.49,40131.39,1.0,4,2,25,41
1.0,300,0.0,46581.74,1.0,4,2,11,6
28.0,300,0.0,61720.72,1.0,4,2,30,4
0.0,240,19703.8,22259.16,0.1148003788,3,2,36,21
34.0,300,83192.44,82956.85,0.0,4,2,9,1
11.0,240,0.0,70644.32,1.0,5,2,29,1
24.98,300,0.0,64679.22,1.0,4,2,10,2
8.0,240,10109.43,11901.4,0.9077243013,3,2,24,32
90.0,221,26176.64,20060.46,0.9387985121,3,4,31,33
1.0,360,0.0,80660.26,1.0,5,2,26,10
7.0,360,158926.2,164365.18,0.0330908286,5,2,20,1
24.98,240,145934.56,138086.71,0.0,5,2,8,5
0.0,360,0.0,128221.84,1.0,5,2,27,1
94.0,232,15246.78,18071.38,0.9209695109,3,2,24,59
0.0,240,0.0,33777.92,1.0,4,2,44,19
0.0,240,101356.56,101364.44,0.0,5,2,23,2
90.0,240,64067.46,66106.65,0.0,5,2,21,2
95.0,300,87705.98,87244.25,0.0,4,2,16,1
24.98,240,35260.69,35585.83,0.0091367828,3,4,39,1
1.0,240,47349.18,43754.3,0.0,5,2,46,6
24.98,240,60329.71,63037.97,0.0,5,2,24,6
94.0,230,8240.45,9750.58,0.8377399088,3,2,28,52
17.0,300,0.0,67117.51,1.0,4,2,30,2
5.0,360,0.0,280931.48,1.0,5,2,23,1
8.0,240,0.0,70218.51,0.6841962413,5,2,18,13
24.98,300,0.0,71362.76,1.0,4,2,12,2
1.0,236,21262.15,10866.27,0.947918651,3,2,38,30
24.98,240,64592.59,64329.74,0.0,5,2,19,5
24.98,240,76422.79,74249.25,0.0,5,2,21,3
1.0,240,0.0,47440.8,1.0,4,2,13,2
24.98,300,74647.08,82052.35,0.0820848593,4,2,12,13
1.0,223,12657.19,7860.84,1.0,3,2,39,30
1.0,300,0.0,38484.39,1.0,4,2,19,7
4.0,265,54064.21,58346.51,0.0733942784,4,2,28,1
90.0,229,15816.26,18845.76,0.907760154,3,2,28,55
9.0,240,0.0,130950.22,1.0,5,2,43,9
10.0,300,33910.47,32531.98,0.0,4,2,12,6
24.98,360,0.0,173274.45,1.0,5,2,9,4
4.0,220,5686.84,7134.98,0.913419519,3,2,19,64
1.0,240,0.0,106074.52,0.6965075629,5,2,9,12
0.0,240,0.0,122889.33,0.7087285354,5,2,8,10
1.0,236,19371.79,15725.05,0.9684554262,3,2,11,49
24.98,240,25891.03,30543.03,0.0,4,2,23,22
94.0,240,0.0,134936.24,0.7283048231,5,2,23,28
86.0,300,68100.47,67737.29,0.0,4,2,24,1
24.98,180,19085.91,26561.69,0.6740689281,5,2,15,37
1.0,220,12424.85,11382.38,0.9464461738,3,4,18,61
94.0,224,15053.74,17852.06,0.9028207389,3,2,17,55
4.0,240,88526.76,94528.96,0.0634958853,5,2,38,7
13.0,180,0.0,242289.03,1.0,4,2,26,2
24.98,360,0.0,291704.68,1.0,5,2,11,5
24.98,240,36055.98,33863.24,0.0,1,2,83,4
94.0,232,15265.77,18066.93,0.918374068,3,2,24,59
24.98,218,28284.9,24367.12,0.0,3,4,39,17
1.0,235,13081.03,13470.91,0.993785869,3,2,13,62
65.0,360,148189.84,143208.59,0.0,5,2,30,4
4.0,228,13207.54,12117.01,0.0,3,2,42,20
94.0,230,20375.01,21995.84,0.9157349753,3,2,28,31
24.98,239,24700.79,29667.8,0.0183843422,1,2,45,8
1.0,240,30972.91,35587.0,0.1296566162,4,2,57,4
24.98,360,97731.89,103812.05,0.0585689234,5,2,23,8
24.98,296,0.0,28051.34,1.0,4,2,8,1
1.0,220,12833.06,11390.42,0.9324010879,3,4,18,61
45.0,240,90863.61,87383.84,0.0,4,2,12,6
24.98,240,35651.44,35611.54,0.0,3,4,39,1
1.0,360,0.0,150093.67,1.0,5,2,18,3
94.0,224,14435.25,18445.27,0.804644768,3,2,44,32
1.0,240,0.0,27488.71,0.7177712178,4,2,11,24
24.0,360,0.0,145115.45,1.0,5,2,14,1
4.0,240,10220.42,11907.03,0.8883491517,3,2,22,32
24.98,72,0.0,5526.47,0.4499487366,4,1,20,52
92.0,240,63415.52,64368.14,0.0,5,2,29,4
4.0,360,84115.83,89884.69,0.0641806742,5,2,7,8
76.0,240,0.0,62739.43,1.0,4,2,23,5
1.0,224,11445.0,15334.84,0.2536602925,3,2,73,3
1.0,240,78671.0,71990.49,0.0,5,2,16,8
94.0,360,0.0,170618.65,1.0,5,2,14,0
56.0,200,9036.72,10623.44,0.8574708381,3,4,21,58
2.0,300,0.0,95270.84,1.0,4,2,22,1
26.0,300,0.0,136177.45,1.0,5,2,34,1
1.0,240,80521.72,54766.07,0.7881271683,5,2,28,36
24.98,300,0.0,75542.11,1.0,4,2,12,2
24.98,180,21602.13,20339.88,0.0,5,2,24,5
2.0,240,0.0,104681.55,1.0,5,2,38,3
1.0,240,61782.67,51761.0,0.0,5,2,12,16
24.98,300,0.0,70511.89,1.0,4,2,9,4
3.0,300,0.0,37928.47,1.0,4,2,29,6
1.0,240,72641.08,73886.52,0.0168561194,4,2,21,8
0.0,120,44546.15,31514.93,0.9362962491,4,2,9,36
7.0,204,0.0,63989.84,0.6771359167,5,2,31,11
24.98,218,34919.82,17827.17,0.8826549587,3,4,24,40
12.0,300,0.0,48000.28,1.0,4,2,36,3
94.0,222,7645.42,5537.83,0.9277009226,3,2,17,55
24.98,240,13035.59,14181.31,0.0,3,4,18,19
1.0,120,67181.59,61733.3,0.0,5,2,43,7
70.0,240,10159.67,11169.36,0.0,3,2,32,22
1.0,300,33161.65,31906.36,0.0,4,2,9,6
70.0,240,64854.65,64842.17,0.0,5,2,43,4
24.98,204,2111.3,22151.44,0.0,4,3,57,17
4.0,240,0.0,67614.84,1.0,4,2,65,1
6.0,240,78690.8,79002.26,0.0,5,2,10,3
32.0,360,0.0,47657.16,1.0,5,2,15,3
18.0,300,85424.56,82658.01,0.0,4,2,20,6
1.0,240,18211.81,18657.35,0.9618230885,3,2,20,35
1.0,360,0.0,321942.22,1.0,5,2,14,1
89.0,360,80033.86,104405.89,0.0,5,2,22,14
1.0,240,0.0,73236.13,1.0,4,2,14,3
24.98,222,11976.31,5537.22,0.9336977761,3,2,20,50
1.0,240,0.0,63284.89,1.0,4,2,33,13
22.0,360,0.0,157691.35,1.0,5,2,17,1
28.0,300,0.0,91332.57,1.0,4,2,16,2
94.0,300,45243.36,51327.12,0.0,5,2,14,23
4.0,300,0.0,76309.01,1.0,4,2,13,3
0.0,285,0.0,74885.07,1.0,5,2,15,4
0.0,240,71974.22,71420.68,0.0,4,2,17,2
24.98,240,42552.29,45646.15,0.0677792103,4,2,34,2
24.98,240,79291.07,87292.31,0.0,1,2,35,10
1.0,235,13081.03,13352.39,0.9774736957,3,2,13,62
24.98,96,21189.54,20615.95,0.0,5,2,12,2
2.0,265,0.0,126082.65,1.0,5,2,18,1
5.0,300,0.0,62012.08,1.0,4,2,27,6
3.0,300,70478.11,68569.23,0.0,4,2,20,5
3.0,240,53317.6,54863.33,0.0281741921,4,2,31,13
0.0,236,19371.79,15734.84,0.9710565853,3,2,12,48
2.0,260,0.0,136766.08,1.0,5,2,8,6
0.0,240,0.0,88436.86,1.0,5,2,38,1
1.0,240,0.0,45822.31,1.0,4,2,40,11
1.0,180,130117.75,111914.62,0.0,5,2,24,10
24.98,180,15320.1,16159.42,0.0,5,2,10,20
1.0,240,106916.04,105387.88,0.0,5,2,22,5
93.0,218,20219.52,22379.45,0.8922801946,3,2,28,31
8.0,300,0.0,35900.56,1.0,4,2,22,1
1.0,300,0.0,54834.35,1.0,4,2,13,3
26.0,240,35508.43,35575.68,0.0,4,2,12,3
24.98,240,34967.38,32986.65,0.0,4,2,25,8
4.0,360,0.0,53780.11,1.0,5,2,20,4
20.0,240,15633.77,18320.13,0.9122473476,3,2,30,55
56.0,300,0.0,93006.15,1.0,4,2,19,7
1.0,180,34321.75,34060.55,0.0,5,2,43,4
29.0,240,26316.65,26548.39,0.972629602,3,4,22,33
53.0,240,0.0,149127.53,1.0,5,2,34,4
26.0,300,0.0,37553.61,1.0,4,2,23,2
96.0,343,132836.14,131264.45,0.0,5,2,35,1
14.0,240,35528.99,35488.66,0.0,3,4,45,10
24.98,240,21524.82,20528.28,0.0,4,2,25,7
24.98,220,10687.5,11390.42,0.9419819462,3,4,18,61
0.0,236,16936.36,19769.5,0.950867245,3,2,30,33
0.0,180,35931.16,36877.85,0.0,4,2,17,16
68.0,240,36856.39,32276.95,0.0,1,2,116,10
24.98,240,20396.96,23952.19,0.9863114813,3,2,25,33
96.0,96,4823.57,13861.45,0.62247078,2,2,64,19
94.0,300,0.0,62656.32,1.0,4,2,25,1
0.0,204,38270.08,46415.8,0.9168259196,4,3,15,26
1.0,240,10238.94,11628.5,0.1194960657,3,2,31,24
2.0,225,11346.01,11577.58,0.0200015893,3,2,46,22
24.98,180,14185.93,20991.37,0.5309313565,1,2,48,27
1.0,240,9126.47,8002.85,1.0,3,4,19,34
24.98,360,0.0,47538.28,1.0,5,2,14,2
1.0,234,15900.1,19827.67,0.9757127287,3,2,32,42
94.0,236,18396.86,17154.71,0.9265775988,3,2,24,41
60.0,240,68831.21,71050.7,0.0312381159,5,2,40,2
20.0,240,115646.65,115822.65,0.0015195646,1,2,59,3
0.0,300,20659.71,19870.03,0.0,4,2,13,7
4.0,240,0.0,28296.68,1.0,4,2,27,1
54.0,300,0.0,64613.83,1.0,4,2,17,0
0.0,360,0.0,106293.35,1.0,4,2,34,9
46.0,360,0.0,199828.15,1.0,5,2,19,1
1.0,325,229070.42,224200.22,0.0,5,2,23,2
1.0,220,11333.44,11382.38,0.9377124995,3,4,18,61
9.0,240,86632.34,88061.9,0.0,5,2,23,4
67.0,240,81617.0,79265.67,0.0,5,2,17,10
52.0,224,14956.45,17852.06,0.8987735869,3,2,17,55
96.0,120,260135.31,298060.92,0.0,1,2,12,20
41.0,300,69879.01,70075.47,0.0028035488,5,2,22,1
70.0,236,4455.35,5369.99,0.8526775655,3,4,50,32
18.0,300,47966.47,49002.51,0.0211425905,4,2,34,1
1.0,325,0.0,208282.2,1.0,5,2,27,10
41.0,360,173674.62,158290.34,0.0,5,2,11,9
24.98,240,130435.37,125752.04,0.0,5,2,27,3
24.98,222,11945.14,5599.78,0.9187610942,3,2,22,48
0.0,360,0.0,127454.03,1.0,5,2,10,8
94.0,224,14961.61,17840.36,0.9073376322,3,2,17,55
24.98,360,0.0,170619.9,1.0,5,2,14,3
94.0,240,137857.99,172482.87,0.6691381821,5,2,12,33
7.0,300,0.0,90965.63,1.0,4,2,17,0
1.0,236,21260.47,10948.1,0.0,3,2,51,17
24.98,84,62720.71,78268.43,0.1787112657,5,2,24,4
24.98,240,10400.93,10800.49,0.0,4,2,24,12
3.0,300,0.0,55863.84,1.0,4,2,11,1
0.0,150,83957.27,71513.1,0.0,5,2,29,12
2.0,240,0.0,78634.17,1.0,5,2,60,1
24.98,240,151596.29,107786.36,0.9732481803,5,2,12,30
38.0,300,0.0,18777.01,0.8000235876,4,2,7,24
94.0,236,16601.43,24347.16,0.8394818944,3,4,23,43
34.0,240,84067.72,89102.84,0.0,5,2,13,1
0.0,360,0.0,182105.55,1.0,5,2,12,10
94.0,180,68664.36,66969.07,0.0,5,2,35,2
24.98,240,55626.86,67345.82,0.0,4,2,62,12
24.98,300,0.0,79429.21,1.0,4,2,8,1
7.0,300,32383.57,33169.74,0.0237014218,4,2,7,12
0.0,360,0.0,67425.67,1.0,5,2,13,1
94.0,224,14956.45,17852.06,0.898057143,3,2,17,55
4.0,300,25146.57,23502.09,0.0,4,2,23,12
1.0,360,0.0,77266.53,1.0,5,2,11,10
65.0,360,58645.99,56046.19,0.0,5,2,30,5
2.0,300,0.0,52292.91,1.0,4,2,22,2
13.0,120,39701.73,56770.52,0.0,5,2,28,20
24.98,240,9828.71,11093.56,0.0,4,2,31,14
1.0,228,26575.21,14394.0,0.7670098652,3,4,14,60
2.0,300,0.0,61863.02,1.0,4,2,10,2
3.0,240,23436.44,26092.05,0.1017785111,3,4,47,9
70.0,240,18211.83,18660.58,0.9333729177,3,2,20,35
8.0,240,10009.07,10899.42,0.0816878329,3,2,47,11
94.0,232,15244.25,18060.11,0.9161156826,3,2,24,59
9.0,240,19221.72,19916.69,0.9672184484,3,2,19,42
24.98,240,11864.24,12170.04,0.0,4,2,32,12
26.0,240,0.0,28258.35,1.0,4,2,33,3
81.0,240,0.0,38085.21,1.0,4,2,29,1
24.98,220,13394.19,11441.53,0.9431894161,3,4,18,61
93.0,205,27556.95,27568.21,0.0,4,2,54,2
2.0,120,0.0,77962.64,1.0,5,2,53,9
24.98,232,15421.74,12529.44,0.9728479485,3,2,31,32
94.0,222,13542.93,12675.45,0.9619074668,3,4,30,53
1.0,236,21249.77,9951.72,0.9772863384,3,2,28,40
90.0,236,6161.73,7254.38,0.15061935,3,4,66,0
24.98,240,20396.96,23778.61,0.9452121045,3,2,27,31
94.0,240,19806.6,10259.06,0.0,3,4,15,21
5.0,120,28691.09,55526.65,0.6323463935,5,2,17,45
89.0,229,15134.66,18004.56,0.9652182558,3,2,23,60
14.0,240,98378.66,99214.27,0.0084222764,5,2,48,5
1.0,240,76037.93,74903.49,0.0,5,2,33,2
24.98,180,34836.39,39059.26,0.1081144394,5,2,46,5
56.0,300,0.0,70685.02,1.0,4,2,16,3
65.0,360,0.0,238709.27,1.0,5,2,23,1
1.0,222,8447.0,4877.22,0.97251303,3,2,27,40
0.0,240,66930.63,53557.67,0.8891007908,5,2,9,31
66.0,240,137812.88,151085.52,0.0,5,2,20,23
1.0,300,0.0,65586.42,1.0,5,2,10,18
1.0,236,7421.39,9047.36,0.927287076,3,4,11,54
24.98,240,39165.44,37185.51,0.0,4,2,21,5
1.0,240,17576.33,20783.83,0.7459997009,4,2,40,27
1.0,300,46586.16,42664.21,0.0,4,2,12,14
1.0,252,0.0,178387.83,1.0,5,2,26,2
4.0,240,10513.0,8994.48,0.0,3,4,35,18
24.98,240,68133.32,73730.87,0.0,5,2,33,6
24.98,240,23816.88,24071.0,0.0,4,2,30,7
60.0,240,25050.04,31299.38,0.7938255119,4,2,21,58
2.0,240,0.0,104675.39,1.0,4,2,25,6
1.0,240,26376.34,26477.47,0.9943831491,3,4,22,33
64.0,240,0.0,89574.23,1.0,5,2,40,1
5.0,300,0.0,77763.85,1.0,4,2,10,10
4.0,240,0.0,6933.22,0.6490726653,1,2,65,54
12.0,240,0.0,64285.02,0.7631829086,5,2,15,26
0.0,240,0.0,55756.3,1.0,4,2,26,9
1.0,240,39394.21,38929.14,0.0,4,2,18,5
83.0,360,86666.17,84288.49,0.0,5,2,26,2
90.0,240,37393.76,46313.17,0.0,5,2,48,23
71.0,360,0.0,203674.04,1.0,5,2,22,1
0.0,204,54347.72,50449.6,0.0,5,2,36,13
0.0,240,198754.56,125979.02,0.9887897278,5,2,12,37
24.98,240,53313.19,62609.85,0.0,1,2,51,5
24.98,72,175655.36,133344.41,0.0,1,2,10,13
24.98,186,59071.97,57985.32,0.0,5,2,22,1
65.0,204,38182.55,69289.15,0.7280475307,5,2,22,28
90.0,229,15036.55,18177.76,0.8987691553,3,2,23,60
0.0,216,0.0,240976.15,1.0,5,2,16,3
94.0,240,18877.16,23793.1,0.887522433,3,4,29,26
70.0,234,15900.15,19503.66,0.8580143419,3,2,37,37
7.0,240,10239.47,10703.4,0.043344171,3,2,54,1
0.0,120,43282.76,52987.24,0.5465944526,5,2,44,31
1.0,300,0.0,193021.01,1.0,5,2,16,1
4.0,300,56199.57,54900.61,0.0,4,2,19,5
24.98,240,26236.33,11997.27,0.9511030426,3,4,7,55
2.0,240,90713.83,98838.05,0.0821972914,5,2,16,3
24.98,240,110542.47,99740.76,0.0,5,2,36,10
96.0,300,33359.06,26476.59,0.0,4,2,7,23
24.0,360,235799.3,230275.42,0.0,5,2,10,6
1.0,240,0.0,77595.17,1.0,5,2,71,2
1.0,236,90165.34,76252.38,0.0,5,2,24,13
4.0,240,0.0,104141.72,0.7551025765,5,2,14,17
5.0,300,0.0,42933.02,1.0,4,2,14,4
24.98,218,13761.29,9814.34,0.8642659618,3,4,17,32
1.0,240,0.0,25011.08,1.0,5,2,46,34
13.0,180,33736.99,34357.71,0.0180663962,4,2,7,3
8.0,240,0.0,12546.16,0.7923820592,4,2,37,8
24.98,300,0.0,68946.2,1.0,4,2,10,3
0.0,240,0.0,136169.02,0.9188946556,5,2,17,2
24.98,240,68560.84,61260.93,0.0,4,2,27,9
40.0,240,34855.99,61929.59,0.7266188153,5,2,10,30
1.0,236,19371.79,15791.45,0.9713971801,3,2,15,45
34.0,180,180991.79,177436.59,0.0,5,2,29,5
1.0,300,0.0,62882.12,1.0,4,2,9,1
4.0,300,0.0,60919.09,1.0,4,2,23,9
1.0,360,0.0,16273.46,1.0,5,2,17,13
24.98,120,3734.44,5141.91,0.2737251333,1,2,74,3
94.0,240,8309.96,8853.48,0.0613905493,3,2,59,5
1.0,235,13081.03,13295.76,0.96422995,3,2,13,62
93.0,229,15067.1,17982.23,0.9374182179,3,2,23,60
1.0,300,0.0,16511.84,0.7825651305,4,2,21,13
1.0,240,10129.71,11064.51,0.0844863442,3,4,33,22
5.0,120,0.0,48810.08,0.5086045732,1,2,32,35
96.0,240,0.0,70704.43,1.0,4,2,19,1
24.98,236,16058.08,19384.67,0.9086437891,3,2,14,65
0.0,240,0.0,115614.03,0.7052110438,5,2,15,23
56.0,240,15370.28,19901.91,0.7676404446,5,2,29,41
24.98,240,53426.54,57475.66,0.0,5,2,20,15
64.0,236,21302.92,13213.84,0.9316663438,3,2,7,66
94.0,232,15243.58,18113.92,0.9141632512,3,2,24,59
1.0,240,153423.29,125157.56,0.0,5,2,15,17
1.0,300,0.0,91976.84,1.0,4,2,9,8
18.0,300,70518.35,69066.94,0.0,4,2,24,7
24.98,234,14450.03,17199.34,0.9630578848,3,4,15,43
83.0,240,100351.59,101828.46,0.0145035091,5,2,20,2
1.0,216,8579.91,8985.76,0.0451659069,3,4,32,21
24.98,240,40606.37,47683.76,0.0,4,2,27,22
1.0,360,80588.33,81480.33,0.0109474274,5,2,19,8
1.0,120,0.0,22903.43,1.0,5,2,14,10
47.0,236,18396.86,17154.71,0.9263450096,3,2,24,41
96.0,224,14956.45,17847.87,0.91224387,3,2,17,55
21.0,360,16924.61,18820.72,0.0,5,2,11,23
1.0,230,20262.04,22001.8,0.941452063,3,2,28,31
44.0,228,11796.11,17928.84,0.8799877739,3,4,33,40
1.0,360,0.0,122561.56,1.0,5,2,12,4
1.0,300,0.0,53523.18,1.0,4,2,15,2
24.98,180,56520.14,61276.75,0.6491397192,5,2,19,27
32.0,236,21260.47,15626.81,0.0,3,2,58,10
0.0,80,4307.96,14127.58,0.9813695353,5,2,24,36
1.0,300,74205.34,70682.14,0.0,4,2,7,7
24.98,222,13455.71,4821.7,0.984938922,3,2,27,40
1.0,240,25904.44,29093.31,0.1096083601,4,2,60,10
96.0,180,63484.77,77609.07,0.1819929037,1,2,81,6
1.0,300,36029.03,34513.82,0.0,4,2,15,8
1.0,240,0.0,136768.91,1.0,5,2,42,9
1.0,236,18094.81,16834.77,0.9452193288,3,2,24,41
68.0,240,56772.54,53174.69,0.0,5,2,38,7
94.0,300,0.0,75142.35,1.0,4,2,21,1
1.0,224,14844.73,17926.37,0.9131781839,3,2,17,55
1.0,240,20755.33,20940.68,0.008851193,3,4,42,20
96.0,360,0.0,60376.77,1.0,5,2,35,2
24.98,240,68964.31,67893.64,0.0,5,2,8,1
67.0,300,35553.47,36996.87,0.0,4,2,12,13
13.0,240,35657.53,35550.32,0.0,4,2,41,7
1.0,360,0.0,52595.28,1.0,5,2,29,8
83.0,300,0.0,66807.92,1.0,4,2,22,1
24.98,240,58803.23,55157.79,0.0,4,2,18,15
94.0,240,0.0,21114.41,1.0,4,2,27,1
1.0,180,0.0,82375.07,0.6148676319,1,2,61,18
90.0,240,81405.11,81782.62,0.0,5,2,13,5
1.0,360,0.0,57517.04,1.0,5,2,10,3
0.0,240,0.0,280528.03,1.0,5,2,12,10
17.0,300,0.0,94712.59,1.0,4,2,21,1
14.0,240,19221.72,19817.08,0.9716557636,3,2,21,40
10.0,235,13026.69,13295.76,0.9648564655,3,2,13,62
2.0,300,45265.34,48260.03,0.0620532146,4,2,13,20
3.0,240,100485.44,99419.88,0.0,5,2,56,2
4.0,285,0.0,179255.88,1.0,5,2,18,1
1.0,240,0.0,36259.87,1.0,4,2,28,3
89.0,240,107093.53,106402.72,0.0,5,2,25,0
81.0,240,0.0,41691.79,1.0,4,2,18,1
4.0,228,15344.81,19850.46,0.8994642945,3,2,29,48
2.0,180,0.0,56639.33,1.0,4,2,20,16
26.0,300,46234.84,45347.69,0.0,4,2,8,8
24.98,240,63653.69,60677.29,0.0,5,2,25,4
56.0,290,59739.79,61065.12,0.0217035519,5,2,17,1
1.0,240,72366.51,87354.18,0.7680388121,5,2,15,27
1.0,240,10902.7,11514.53,0.0531354732,3,2,42,13
94.0,240,19221.73,19679.11,0.9442866065,3,2,27,34
56.0,360,129637.81,127608.69,0.0,5,2,22,2
31.0,228,14943.83,17705.11,0.7851299857,4,2,41,34
24.98,204,13364.53,12053.9,0.0,4,3,25,12
10.0,240,72588.72,73438.61,0.0,5,2,24,7
4.0,240,42432.44,44686.37,0.0504388698,4,2,20,12
9.0,240,0.0,71113.74,1.0,4,2,16,1
94.0,225,16828.9,19451.13,0.9069329134,3,2,28,52
22.0,120,0.0,48209.87,1.0,5,2,17,3
1.0,220,11120.8,11382.38,0.9404026223,3,4,18,61
65.0,300,43394.07,42433.12,0.0,4,2,21,5
24.98,180,66503.52,96980.91,0.2968152394,1,2,105,15
65.0,360,0.0,215627.92,1.0,5,2,23,3
5.0,360,0.0,116815.76,1.0,5,2,18,4
24.98,240,40809.92,45635.33,0.8070388261,5,2,24,28
24.98,120,53383.54,62245.22,0.0028065808,5,2,27,5
4.0,300,82657.53,76545.3,0.0,4,2,11,13
24.98,240,6976.9,10907.79,0.0026326502,5,2,46,7
91.0,240,81999.63,77298.93,0.0,5,2,14,10
1.0,240,155933.49,134125.46,0.0,4,2,7,21
1.0,240,61882.1,57152.77,0.0,4,2,26,7
24.98,240,11854.5,29003.97,0.0,5,2,7,15
0.0,240,32922.14,36208.96,0.0,5,2,25,24
1.0,240,0.0,69632.64,0.6862948969,5,2,19,1
24.98,240,36339.79,34944.46,0.822211678,4,2,17,31
24.98,204,98602.49,71470.16,0.9508049023,4,2,22,36
2.0,300,0.0,85937.84,1.0,4,2,22,4
94.0,229,15065.75,17990.82,0.9370801331,3,2,23,60
1.0,240,79893.34,100412.86,0.6959211764,5,2,27,33
24.98,240,52180.28,51576.06,0.0,5,2,26,1
94.0,234,7451.87,9877.61,0.9169303101,3,2,21,64
1.0,234,9793.75,10668.15,0.0,3,2,66,15
94.0,300,0.0,22278.12,1.0,4,2,25,6
39.0,239,10683.85,40630.6,0.7315670274,4,2,46,38
1.0,300,0.0,67081.23,1.0,4,2,11,20
33.0,240,215886.67,232206.92,0.0,5,2,8,22
2.0,360,170198.28,172503.63,0.0133640666,5,2,11,1
24.98,228,37.77,18811.72,1.0,3,4,38,33
67.0,240,111955.42,124923.16,0.0,5,2,17,9
2.0,228,42533.11,51536.98,0.0,4,2,56,22
94.0,234,14450.06,17346.8,0.9457946134,3,4,19,39
1.0,240,16104.47,19101.42,0.9797962665,3,2,49,36
24.98,228,13753.97,16965.27,0.9523497121,3,4,42,28
23.0,300,0.0,41941.84,1.0,4,2,13,3
68.0,218,32619.71,15675.62,0.9217109116,3,4,22,43
24.98,240,57470.71,52355.52,0.0,4,2,9,15
96.0,240,40819.77,41336.6,0.0125029635,5,2,36,1
1.0,357,0.0,62715.75,0.7997308656,5,2,11,14
2.0,240,0.0,131929.44,1.0,5,2,43,0
6.0,240,0.0,50519.46,1.0,5,2,65,3
1.0,240,86158.22,80918.22,0.773843932,5,2,28,31
1.0,222,11991.57,7680.84,1.0,3,2,39,30
24.98,240,81261.14,79594.35,0.0,5,2,18,2
1.0,240,144523.81,96076.08,1.0,1,2,24,48
14.0,240,58564.28,58696.66,0.0,5,2,28,3
1.0,222,11968.16,5553.32,0.9430646892,3,2,22,48
5.0,180,0.0,71243.71,1.0,5,2,34,1
3.0,240,80578.15,81321.24,0.0091377111,5,2,25,2
24.98,240,111558.1,108002.71,0.0,5,2,9,2
13.0,240,10220.42,11286.95,0.0,3,2,36,18
24.98,240,33086.69,36569.73,0.0,5,2,22,6
24.98,300,78150.3,76802.66,0.0,4,2,7,3
2.0,300,0.0,43372.13,1.0,4,2,19,5
19.0,239,0.0,9682.73,1.0,1,2,106,4
5.0,300,226481.54,225875.6,0.0,5,2,17,1
14.0,240,19709.24,22927.94,0.9229882842,3,2,26,31
4.0,300,0.0,91047.66,1.0,4,2,15,1
10.0,300,33189.76,32475.68,0.0,4,2,14,4
24.98,300,0.0,81643.38,1.0,4,2,12,1
1.0,240,10481.31,11101.87,0.0,3,2,39,14
4.0,240,10514.86,8981.03,0.0,3,4,36,17
5.0,240,48160.06,48876.85,0.0,4,2,7,23
0.0,300,0.0,44498.25,1.0,4,2,8,7
1.0,240,19710.87,22143.75,0.9210883432,3,2,19,38
6.0,360,0.0,105252.22,1.0,5,2,15,1
0.0,240,67590.49,58256.81,0.0,4,2,23,14
2.0,300,0.0,55879.19,1.0,4,2,13,9
24.98,96,3677.54,5759.25,0.1301663165,1,2,66,6
17.0,300,80155.42,75183.02,0.0,4,2,10,10
1.0,100,0.0,62404.23,1.0,5,2,12,2
24.98,200,0.0,11264.0,0.9621732955,3,4,20,12
2.0,300,0.0,77254.39,1.0,5,2,20,2
1.0,224,14956.46,17840.36,0.8907589309,3,2,17,55
94.0,227,24012.43,27851.79,0.7004325201,5,2,7,37
26.0,240,0.0,64404.22,0.0,5,2,54,12
47.0,240,32920.7,36185.26,0.0902179506,5,2,64,2
1.0,236,4954.45,7789.32,0.8672502863,3,4,39,44
10.0,240,19891.5,18517.38,0.0,1,2,73,4
53.0,300,0.0,69688.41,1.0,4,2,16,1
24.98,360,89973.79,84137.23,0.0,5,2,9,7
28.0,240,0.0,63629.38,0.6992070943,5,2,9,7
94.0,236,21240.96,13483.38,0.8710968615,3,2,7,66
2.0,236,9493.28,9618.76,0.0130453406,3,2,77,9
24.98,132,23711.55,47363.97,0.4718841099,2,2,57,43
24.98,240,50458.8,43110.27,0.0,5,2,8,13
57.0,204,30991.42,58074.95,0.7543712862,5,2,27,33
1.0,233,18086.1,23492.14,0.0,3,4,38,22
1.0,300,71289.45,62344.1,0.0,4,2,10,20
4.0,240,10516.45,8971.43,0.0,3,4,35,18
32.0,240,204086.6,213608.56,0.044576678,5,2,26,0
5.0,240,0.0,23752.97,1.0,4,2,21,3
83.0,114,16694.04,17348.77,0.0,5,2,18,4
53.0,360,0.0,166981.96,1.0,5,2,33,1
1.0,240,0.0,48951.95,1.0,4,2,37,14
24.98,240,109937.95,119591.31,0.0807195774,5,2,31,4
1.0,300,0.0,52291.83,1.0,4,2,14,17
12.0,240,0.0,120438.32,1.0,5,2,37,9
6.0,360,120664.82,112928.49,0.0,5,2,15,8
24.98,180,16975.04,20135.54,0.0,1,2,45,8
1.0,240,0.0,159846.72,0.779977856,5,2,7,36
2.0,360,0.0,111009.03,1.0,5,2,26,10
1.0,240,0.0,52131.36,0.7645746261,5,2,44,14
11.0,359,0.0,132827.77,0.0,5,2,8,9
24.98,240,71011.88,62695.12,0.0,5,2,20,10
56.0,360,0.0,108657.5,1.0,5,2,20,2
94.0,230,7776.85,9040.94,0.0,3,2,44,23
24.98,240,44230.24,43327.44,0.0,5,2,7,7
24.98,360,81271.68,81220.23,0.0,5,2,10,0
1.0,180,0.0,19996.63,1.0,5,2,34,12
96.0,180,28246.54,58937.22,0.7863914434,5,2,31,51
24.98,240,43772.78,79161.31,0.0,5,2,23,19
1.0,360,156300.18,139074.11,0.0,5,2,22,10
1.0,120,0.0,17547.93,1.0,5,2,46,9
24.98,216,35058.24,34547.42,0.0,4,2,38,7
24.98,180,281251.29,238332.86,0.0,5,2,7,12
24.98,300,0.0,62740.69,1.0,4,2,7,3
24.98,360,0.0,162876.08,1.0,5,2,7,8
1.0,228,15071.77,18064.22,0.9955436769,3,4,27,43
24.98,300,64552.05,63518.26,0.0,4,2,15,3
24.98,360,0.0,261673.47,1.0,5,2,7,2
5.0,240,57173.14,57746.47,0.0099283991,4,2,17,11
4.0,360,0.0,92469.26,1.0,5,2,21,2
24.98,180,112397.39,82461.42,1.0,5,2,23,27
24.98,240,43471.29,41495.43,0.0,4,2,31,6
24.98,360,624251.68,601119.39,0.0,5,2,7,3
77.0,360,245742.99,235921.64,0.0,5,2,20,4
24.98,240,41689.77,41045.25,0.0,5,2,7,2
2.0,300,0.0,57116.31,1.0,4,2,13,1
1.0,240,26316.66,26529.9,0.0080377235,3,4,33,22
8.0,234,9793.75,10850.75,0.0974126212,3,2,71,10
1.0,240,0.0,71101.52,1.0,5,2,31,13
3.0,300,0.0,62626.58,1.0,4,2,24,2
94.0,230,21062.61,4247.43,0.8276039864,3,4,7,64
1.0,240,0.0,77811.65,0.0,5,2,24,16
52.0,218,33432.06,17708.46,0.9303637922,3,4,24,40
1.0,240,91683.22,76490.06,0.0,5,2,13,17
1.0,234,139773.85,119188.03,0.0,5,2,25,12
13.0,240,0.0,19882.48,0.8665762635,4,2,14,4
24.98,240,51092.46,61762.12,0.7007701086,5,2,14,25
3.0,64,28031.23,28446.17,0.0145868495,5,2,37,5
0.0,234,195190.64,232019.05,0.1587301129,5,2,18,20
0.0,300,0.0,46653.17,1.0,4,2,20,3
94.0,240,0.0,13595.92,0.812780174,4,2,29,26
94.0,234,13512.74,14117.12,0.9617089038,3,2,14,60
24.98,180,54993.34,73686.31,0.0655038212,1,2,88,11
1.0,240,10239.8,11454.43,0.1060401958,3,2,35,20
42.0,240,25621.62,28751.22,0.0,5,2,28,11
94.0,300,67460.35,66970.68,0.0,4,2,7,2
24.98,72,0.0,1681.78,0.4585967012,4,1,20,52
24.98,360,168443.62,169496.69,0.0062129237,5,2,12,3
24.98,240,38266.82,37720.7,0.0,4,2,24,2
24.98,240,46155.13,54824.22,0.0,5,2,23,18
24.98,204,75043.26,72904.76,0.0,5,2,28,2
37.0,240,10220.42,11278.49,0.0,3,2,35,19
1.0,360,96590.36,103808.91,0.069536902,5,2,19,3
1.0,240,192734.55,122752.8,1.0,1,2,33,55
24.98,300,70786.01,64733.23,0.0,4,2,19,10
1.0,240,13491.12,16604.19,0.1874870138,3,4,43,18
24.98,240,118543.73,103165.83,0.0,5,2,14,13
7.0,180,0.0,103194.54,1.0,5,2,21,3
70.0,230,7419.46,11425.6,0.9081151099,3,4,19,61
30.0,360,101377.91,94562.28,0.0,5,2,11,10
0.0,240,0.0,49566.72,1.0,4,2,17,9
0.0,240,0.0,60383.74,1.0,5,2,39,8
83.0,204,13201.95,13420.66,0.016296516,4,2,47,2
4.0,240,0.0,25179.43,1.0,5,2,28,4
9.0,234,14828.47,15970.03,0.9448009803,3,2,22,58
0.0,300,0.0,90825.57,1.0,5,2,16,9
1.0,240,0.0,186981.92,1.0,5,2,32,17
93.0,240,85972.26,91021.36,0.0,5,2,31,1
1.0,235,13081.03,13322.97,0.9527935588,3,2,31,44
4.0,300,0.0,34817.84,1.0,4,2,27,1
3.0,300,0.0,60498.34,1.0,4,2,19,7
1.0,228,13215.56,12055.5,0.0,3,2,41,21
0.0,288,0.0,127228.1,1.0,5,2,27,8
24.98,222,26707.34,4574.49,0.8932237521,3,2,7,36
24.98,204,62036.58,59408.52,0.0,4,2,16,4
1.0,222,11455.23,4459.34,0.7902940794,3,2,12,53
0.0,300,0.0,43037.52,0.8367313198,4,2,12,4
1.0,226,18566.57,16314.74,0.9529566515,3,4,26,29
24.98,240,71696.95,57565.51,0.0,1,2,92,18
5.0,300,59000.02,60737.43,0.0286052604,4,2,22,7
13.0,360,120641.67,121294.81,0.0,5,2,7,17
9.0,360,0.0,143660.66,1.0,5,2,14,1
81.0,240,0.0,27414.53,1.0,5,2,70,9
1.0,240,0.0,116466.77,1.0,5,2,22,5
0.0,240,0.0,71242.59,1.0,5,2,32,28
47.0,360,0.0,56792.02,1.0,5,2,34,1
1.0,288,0.0,79473.93,1.0,5,2,7,30
89.0,360,116817.8,122463.1,0.0,4,2,19,1
24.98,240,115166.81,112307.26,0.0,5,2,16,2
8.0,225,11346.01,11568.41,0.0,3,2,46,22
4.0,240,70483.63,67295.59,0.0,5,2,40,4
1.0,300,0.0,65637.24,1.0,4,2,16,7
1.0,240,25512.07,26600.24,0.0409082775,4,2,24,18
2.0,228,13115.57,15773.89,0.1685265968,3,4,63,10
0.0,360,35016.36,29533.21,0.9115953405,5,2,14,25
94.0,180,26410.4,33562.12,0.6188236866,5,2,41,32
5.0,180,41928.11,47963.11,0.1258258691,5,2,50,4
4.0,180,0.0,424080.22,1.0,5,2,37,0
94.0,228,13259.84,18131.62,0.8898327893,3,4,38,33
0.0,240,55301.26,47002.68,0.0,5,2,47,15
93.0,240,13653.14,13777.71,0.0090414154,4,2,22,1
94.0,240,13605.0,14161.79,0.0,4,2,21,6
1.0,204,0.0,12162.44,0.7657825862,4,3,40,12
24.98,240,104628.07,96212.67,0.0,4,2,12,7
9.0,180,111644.25,115773.02,0.0356626268,5,2,14,2
1.0,222,11444.87,4342.43,0.8772369388,3,2,13,52
13.0,300,0.0,48969.0,1.0,4,2,15,2
0.0,240,57348.74,54097.3,0.0,5,2,51,5
1.0,360,95395.67,84317.29,0.0,5,2,14,17
95.0,360,0.0,69163.3,1.0,5,2,49,1
93.0,300,0.0,135659.59,1.0,5,2,20,5
12.0,240,0.0,274919.1,1.0,1,2,66,0
2.0,229,15144.29,17962.37,0.9267307154,3,2,24,59
1.0,228,13709.25,16691.95,0.9214076246,3,4,39,38
1.0,240,20755.33,21010.85,0.0121613357,3,4,48,14
1.0,175,0.0,69701.47,1.0,5,2,38,1
11.0,240,0.0,72262.94,1.0,5,2,33,8
0.0,300,0.0,43872.03,1.0,4,2,7,6
94.0,204,40841.63,45710.15,0.0,4,3,47,13
1.0,300,60600.64,53130.47,0.0,4,2,8,20
5.0,120,0.0,40247.85,0.6364912529,5,2,35,2
5.0,360,60484.04,60778.84,0.0048503723,5,2,14,5
59.0,300,0.0,76812.99,1.0,4,2,14,2
2.0,300,60979.82,58340.73,0.0,4,2,25,7
4.0,300,0.0,40402.72,1.0,4,2,21,4
94.0,230,11483.45,13830.43,0.9234232052,3,4,33,29
24.98,36,12620.31,13948.06,0.0,5,2,21,2
90.0,240,10713.84,12098.86,0.0,3,2,32,22
61.0,180,0.0,35164.15,1.0,5,2,41,4
7.0,360,0.0,136670.81,1.0,5,2,15,0
94.0,230,10496.91,11698.44,0.9121113584,3,4,38,46
1.0,300,76628.3,74284.3,0.0,4,2,8,5
24.98,240,90555.52,83597.82,0.0,4,2,11,13
94.0,240,19809.09,10114.78,0.0,3,4,15,21
4.0,234,13513.58,14117.12,0.9617089038,3,2,14,60
2.0,240,0.0,74087.55,0.7846083522,4,2,36,26
24.98,120,16638.11,15469.37,0.0,2,2,81,6
8.0,300,0.0,58845.26,1.0,4,2,21,3
3.0,300,0.0,37982.22,1.0,4,2,22,5
1.0,240,9125.68,8009.58,1.0,3,4,19,34
64.0,234,13513.41,14117.12,0.9617089038,3,2,14,60
1.0,240,0.0,36088.76,1.0,4,2,36,1
1.0,240,218653.84,164431.64,0.0,5,2,17,22
24.98,204,22464.78,25619.79,0.0,5,2,42,16
1.0,300,0.0,67281.52,1.0,4,2,11,3
91.0,240,155050.04,153693.97,0.0,5,2,10,3
24.98,224,0.0,11264.0,0.9305237926,3,4,20,3
0.0,240,79205.23,78339.17,0.0,5,2,20,6
24.0,240,0.0,60066.43,1.0,5,2,40,6
1.0,240,76865.38,78028.36,0.0,5,2,15,2
2.0,360,42312.93,42333.42,0.0004840148,5,2,11,0
24.98,263,61909.96,53272.41,0.0,4,2,9,13
0.0,360,0.0,159564.47,1.0,5,2,20,3
0.0,300,0.0,46534.5,1.0,4,2,8,12
24.98,300,0.0,62872.72,1.0,4,2,9,1
1.0,240,9125.81,8007.81,1.0,3,4,19,34
28.0,360,0.0,125477.03,1.0,5,2,17,2
56.0,240,47147.8,59737.1,0.7308990874,5,2,30,32
13.0,180,0.0,80122.0,0.7307444066,5,2,14,29
24.98,240,192802.61,157968.14,0.0,5,2,29,16
24.98,120,99012.59,96815.57,0.0,5,2,9,2
25.0,240,0.0,98002.02,0.7656581463,4,2,23,7
56.0,240,48994.16,47165.29,0.0,4,2,13,5
24.98,180,18425.0,23324.48,0.7468385176,4,3,20,30
1.0,236,4573.99,5701.97,0.9640299756,3,4,37,45
24.98,240,64467.56,63858.8,0.0,4,2,17,1
86.0,300,40246.48,39568.83,0.0,4,2,14,5
1.0,240,0.0,46067.65,0.720884019,4,2,30,22
1.0,360,178916.06,165633.92,0.0,4,2,38,7
24.98,300,16975.34,16415.64,0.0,4,2,9,6
0.0,360,0.0,107155.11,0.7058366006,5,2,26,16
1.0,240,0.0,43478.69,1.0,5,2,54,5
1.0,100,0.0,34721.73,1.0,5,2,28,6
2.0,300,0.0,70520.5,1.0,4,2,23,13
5.0,240,94181.56,92793.03,0.0,5,2,25,4
34.0,300,35492.5,35370.89,0.0,4,2,13,2
8.0,240,0.0,81912.95,0.7547541211,5,2,17,28
24.98,228,98496.03,92531.67,0.0,5,2,21,5
65.0,180,0.0,49166.98,1.0,5,2,49,12
94.0,228,36948.9,37639.33,0.0,4,2,26,1
23.0,240,0.0,56498.45,1.0,4,2,17,5
26.0,240,82295.83,83767.61,0.0175697982,5,2,45,2
32.0,204,47539.74,51272.34,0.0,4,3,11,18
89.0,300,0.0,56761.08,1.0,4,2,24,4
94.0,240,35175.54,35247.47,0.0,1,2,33,1
1.0,300,55853.55,51424.74,0.0,4,2,7,13
86.0,240,43904.93,45330.34,0.0,5,2,29,4
24.98,240,90351.82,63614.47,0.9725470567,4,2,17,27
1.0,320,156081.25,144281.13,0.0,5,2,28,7
2.0,313,0.0,218755.83,1.0,5,2,30,7
94.0,230,20375.0,22001.8,0.9035242571,3,2,28,31
24.98,180,205004.86,196728.0,0.0,1,2,22,2
1.0,360,216043.43,208366.79,0.0,5,2,12,4
1.0,300,31936.67,33938.92,0.0589956899,4,2,38,11
23.0,230,20374.99,21995.84,0.9319275827,3,2,28,31
67.0,300,0.0,61302.35,1.0,4,2,16,2
1.0,227,58051.42,61856.78,0.0615188828,4,2,15,4
5.0,120,20021.33,21955.72,0.0881041478,5,2,44,9
65.0,244,0.0,118435.04,1.0,5,2,35,3
13.0,230,0.0,49140.7,0.7682613893,4,2,46,27
94.0,300,0.0,57821.24,1.0,4,2,19,2
41.0,240,0.0,67264.4,0.766341974,5,2,16,10
0.0,236,12172.16,12171.33,0.987252831,3,4,19,58
0.0,180,245908.75,224569.39,0.0,5,2,24,7
1.0,240,79388.63,80789.83,0.0173437672,5,2,32,6
1.0,302,226522.1,202494.8,0.0,5,2,10,10
1.0,240,0.0,32637.05,1.0,4,2,33,6
8.0,300,0.0,64558.12,1.0,4,2,8,3
1.0,240,0.0,116817.99,1.0,5,2,37,3
9.0,240,197218.85,203855.24,0.0325544244,5,2,42,14
24.98,240,57952.95,57083.52,0.0,1,2,69,1
0.0,300,0.0,121016.94,1.0,5,2,18,3
44.0,240,37711.49,37512.52,0.0,4,2,61,1
94.0,240,71907.58,75647.88,0.7812455751,5,2,21,25
1.0,240,31466.34,31795.98,0.0103673483,5,2,23,10
1.0,222,12707.61,7733.48,1.0,3,2,39,30
1.0,240,0.0,34912.33,1.0,4,2,47,4
1.0,228,24467.25,14198.0,0.8516826314,3,4,14,60
0.0,240,0.0,106110.24,0.7283321357,5,2,9,28
19.0,240,42719.58,40517.02,0.0,4,2,26,5
1.0,240,47001.74,40464.97,0.0,5,2,50,24
0.0,360,233569.93,216247.03,0.0,5,2,15,7
52.0,300,58735.82,59400.2,0.0111848108,4,2,17,0
52.0,240,10249.71,11202.26,0.0,3,2,33,22
1.0,360,92449.08,70233.92,0.7991872216,5,2,15,34
24.98,232,15421.74,12548.89,0.9728900325,3,2,31,32
24.98,236,14670.06,10877.03,0.9505048713,3,2,38,30
24.98,204,76763.2,86595.2,0.8440944358,4,3,44,29
2.0,240,0.0,42780.85,0.6909358098,5,2,18,9
24.98,240,6684.88,7673.59,0.0,4,2,38,13
3.0,300,0.0,65260.69,1.0,4,2,17,1
4.0,240,0.0,102259.59,1.0,4,2,16,2
24.98,360,117930.08,124722.11,0.0544573051,5,2,22,4
77.0,190,165306.27,174213.16,0.0511263902,5,2,27,4
1.0,240,25472.45,23339.7,0.0,4,2,7,12
24.98,240,62172.29,60550.16,0.0,5,2,31,12
38.0,360,0.0,109754.54,1.0,5,2,25,1
9.0,360,0.0,142481.02,1.0,5,2,26,1
2.0,280,53755.87,60596.91,0.1128942053,5,2,27,8
24.98,360,0.0,206473.63,1.0,5,2,12,3
1.0,240,121222.24,89326.92,0.9778044065,5,2,7,31
1.0,240,26316.66,26664.33,0.0130387675,3,4,40,15
7.0,240,87321.7,97368.14,0.1031799519,5,2,26,6
0.0,240,312791.45,245092.74,0.0,5,2,18,19
1.0,234,14892.43,14500.15,1.0,3,2,41,39
1.0,300,0.0,75850.73,1.0,4,2,12,15
1.0,222,11453.5,4283.58,0.9204497173,3,2,14,51
24.98,240,108617.87,95254.06,0.0,5,2,15,10
94.0,240,11109.41,11445.97,0.9296765586,3,2,25,29
0.0,360,0.0,127227.27,1.0,5,2,27,10
2.0,240,0.0,69383.59,1.0,4,2,19,3
70.0,240,28869.35,28233.26,0.0,4,2,39,8
4.0,300,82700.93,78875.85,0.0,4,2,11,8
93.0,224,15057.99,17840.36,0.9211602232,3,2,17,55
1.0,240,9125.68,8008.34,1.0,3,4,19,34
1.0,236,14260.36,14590.67,0.9868148618,3,2,32,51
7.0,180,0.0,25229.25,1.0,5,2,16,9
7.0,240,0.0,41128.66,0.0,4,2,15,21
87.0,180,89354.44,88571.27,0.0,5,2,52,3
24.98,236,10021.12,8884.93,0.0,3,2,24,20
1.0,300,0.0,179398.39,1.0,5,2,17,3
31.0,300,0.0,38520.02,1.0,4,2,35,2
0.0,240,0.0,72422.92,0.8523882819,5,2,20,2
1.0,228,14661.33,18000.99,0.8984472521,3,4,32,41
3.0,240,170623.11,189694.49,0.100537343,5,2,45,1
9.0,300,0.0,56723.07,1.0,4,2,14,2
4.0,300,0.0,47595.8,1.0,4,2,36,1
3.0,240,44566.0,44838.65,0.0060806915,4,2,20,1
24.98,48,7831.35,7287.6,0.0,5,2,35,4
10.0,240,19709.24,22135.88,0.1096247359,3,2,37,20
24.98,236,4810.59,5379.77,0.0,3,4,43,24
65.0,180,0.0,43892.59,0.7651444916,4,2,8,7
45.0,276,45227.37,44400.96,0.0,4,2,28,4
3.0,360,0.0,103411.01,1.0,5,2,10,1
1.0,231,7862.07,9237.24,1.0,3,2,53,25
24.98,240,47384.67,46060.54,0.0,4,2,33,3
4.0,240,39606.0,39282.17,0.0,4,2,23,13
24.98,240,142554.5,137935.95,0.0,5,2,28,3
1.0,260,0.0,152508.79,1.0,5,2,11,4
30.0,240,93905.81,91097.82,0.0,5,2,14,13
24.98,180,0.0,60661.08,1.0,5,2,7,1
24.98,120,11288.92,12760.9,0.0,5,2,47,7
18.0,180,91467.36,93870.61,0.0256017299,5,2,48,6
1.0,360,89872.23,91962.23,0.0227267216,5,2,27,1
24.98,300,52087.0,51293.72,0.0,4,2,14,3
56.0,300,41920.74,43872.97,0.0444973294,4,2,30,2
1.0,240,0.0,54137.48,0.7693416242,5,2,27,5
1.0,240,47411.86,50353.84,0.0,4,2,36,14
94.0,240,20640.16,23157.07,0.9010565672,3,2,16,40
1.0,236,4808.64,6073.56,0.8555410665,3,4,17,65
0.0,360,0.0,68627.62,1.0,5,2,27,4
0.0,240,0.0,71179.39,1.0,4,2,20,7
18.0,240,0.0,51302.48,1.0,5,2,49,4
26.0,230,11626.31,13836.62,0.9447719168,3,4,33,29
11.0,360,0.0,73808.8,1.0,5,2,26,2
94.0,240,68331.96,67387.39,0.0,5,2,14,4
24.98,240,16329.08,14873.92,0.0,4,2,20,24
2.0,360,0.0,150980.65,1.0,5,2,24,2
1.0,360,59599.64,67033.06,0.0,5,2,9,23
8.0,300,0.0,57866.41,1.0,4,2,40,7
96.0,300,0.0,39121.95,1.0,4,2,28,3
53.0,301,0.0,69576.16,1.0,5,2,29,1
1.0,204,0.0,52385.9,0.7251877969,4,3,50,31
2.0,300,0.0,63408.47,1.0,4,2,19,11
93.0,240,55282.5,55365.95,0.0,5,2,11,5
1.0,300,0.0,57118.15,1.0,4,2,30,18
1.0,204,0.0,15719.01,1.0,4,2,32,13
3.0,300,0.0,66480.99,1.0,4,2,19,3
5.0,360,0.0,146353.35,1.0,5,2,23,12
1.0,360,0.0,105137.29,1.0,5,2,8,3
81.0,204,132.44,10274.03,0.7353432888,4,2,35,40
60.0,300,71554.53,71393.84,0.0,4,2,16,3
0.0,240,91553.15,88974.96,0.0,5,2,45,3
0.0,360,68580.65,65545.11,0.0,5,2,18,8
1.0,236,6679.88,6172.09,1.0,3,4,25,57
24.98,300,0.0,71950.42,1.0,4,2,13,1
71.0,240,76571.26,79299.92,0.0344093664,5,2,23,4
8.0,180,0.0,40579.78,1.0,4,2,21,7
1.0,236,21260.47,9851.59,0.981167507,3,2,28,40
83.0,300,0.0,37754.52,1.0,4,2,26,2
1.0,360,42789.85,43051.01,0.0060662921,5,2,30,11
94.0,224,14844.74,17926.37,0.9007663013,3,2,17,55
8.0,300,0.0,56116.47,1.0,4,2,16,3
1.0,240,201711.01,211553.82,0.0,5,2,15,1
0.0,240,0.0,86723.63,0.929293426,5,2,23,1
0.0,234,9793.74,12072.9,1.0,3,2,46,35
7.0,360,0.0,171746.9,1.0,5,2,11,8
13.0,240,124627.31,83090.28,0.9757788108,5,2,12,38
45.0,240,82311.76,82488.56,0.0,5,2,19,1
24.98,240,61783.77,64415.59,0.6983166015,1,2,69,43
1.0,222,11450.79,4285.37,0.9176943881,3,2,13,52
70.0,300,0.0,83144.03,1.0,4,2,18,2
24.98,180,65643.57,65069.43,0.0,5,2,35,2
0.0,240,92934.3,67623.85,1.0,5,2,17,28
1.0,240,0.0,80169.03,0.771886225,5,2,31,4
1.0,360,0.0,41025.59,1.0,5,2,34,1
91.0,240,93056.5,95082.11,0.0,5,2,15,1
35.0,360,0.0,111822.17,1.0,5,2,20,4
1.0,240,0.0,37051.85,1.0,4,2,29,18
24.98,360,0.0,252333.77,1.0,4,2,11,3
7.0,240,0.0,89808.94,0.7047943229,5,2,34,19
1.0,240,8285.47,9956.85,0.9101713895,3,2,29,35
1.0,180,0.0,167729.02,1.0,5,2,10,1
31.0,300,68598.34,68470.79,0.0,4,2,9,7
7.0,120,0.0,33984.78,1.0,5,2,55,5
70.0,360,0.0,82605.45,1.0,5,2,43,0
1.0,300,0.0,275726.83,1.0,5,2,14,2
7.0,236,15969.03,19288.61,0.9330345733,3,2,14,65
24.98,222,11436.94,4342.43,0.8883666519,3,2,13,52
24.98,180,88401.13,111728.47,0.0,5,2,12,23
2.0,360,0.0,121431.79,1.0,5,2,15,6
24.98,240,35528.98,34975.55,0.0,3,4,41,14
24.98,180,17811.47,16236.77,0.0,5,2,11,19
24.98,240,35528.97,35050.02,0.0,3,4,41,14
94.0,240,422.15,60726.56,0.7822511557,5,2,28,35
2.0,240,136385.44,118722.84,0.0,5,2,32,13
2.0,240,19221.72,19721.61,0.976917706,3,2,23,38
7.0,360,0.0,189805.59,1.0,5,2,30,4
5.0,240,0.0,216535.68,1.0,5,2,42,1
24.98,360,0.0,125832.79,1.0,5,2,13,2
1.0,223,8033.53,7680.84,1.0,3,2,39,30
56.0,240,0.0,66428.56,1.0,4,2,29,2
9.0,180,0.0,54075.37,1.0,5,2,15,9
15.0,180,19766.86,21499.06,0.0,5,2,9,19
1.0,360,129576.77,123850.6,0.0,5,2,21,5
55.0,240,0.0,73774.86,1.0,5,2,40,7
58.0,235,13081.03,13244.51,0.0123432275,3,2,70,5
82.0,300,59057.8,57955.55,0.0,4,2,17,3
0.0,324,50074.34,55673.81,0.1005763751,5,2,24,18
24.98,300,76616.06,74492.01,0.0,4,2,11,5
24.98,300,58133.3,55140.09,0.0,4,2,7,7
1.0,360,88604.85,78759.43,0.0,5,2,16,11
44.0,240,0.0,61452.85,0.7342037635,5,2,23,0
24.98,360,93870.87,89643.23,0.0,5,2,19,4
24.98,154,75853.59,63198.0,0.0,5,2,8,13
0.0,240,0.0,41632.32,0.7711889716,5,2,27,9
24.98,180,37241.15,40304.87,0.0,5,2,18,3
1.0,360,0.0,105487.04,1.0,5,2,25,2
52.0,240,10116.95,10675.97,0.0523624551,3,2,52,4
93.0,360,600575.48,572312.1,0.0,5,2,7,13
3.0,245,0.0,226646.11,1.0,5,2,21,4
94.0,240,10249.71,12101.67,0.8781944971,3,2,21,34
24.98,300,0.0,84016.93,1.0,4,2,7,2
24.98,240,68375.67,59970.3,0.0,5,2,10,11
90.0,234,7400.84,8493.75,0.128672259,3,2,63,22
56.0,240,116221.84,112049.83,0.0,5,2,19,3
24.98,240,104881.97,88379.0,0.0,5,2,7,15
93.0,240,10116.9,11279.48,0.8627046637,3,2,30,26
0.0,360,0.0,108468.28,1.0,5,2,10,4
6.0,360,126682.09,128085.8,0.0109591383,5,2,17,9
96.0,240,37314.29,38766.07,0.0,4,2,22,7
54.0,240,30549.12,30560.28,0.0,1,2,95,5
24.98,240,22023.39,25010.87,0.0,4,2,14,13
1.0,360,0.0,128336.0,1.0,5,2,28,2
60.0,240,48442.8,49592.32,0.0231793955,4,2,19,3
94.0,224,14961.61,17840.36,0.8988450906,3,2,17,55
4.0,240,0.0,111352.31,0.6849696697,5,2,29,7
93.0,300,0.0,240357.14,1.0,5,2,11,2
24.98,240,21563.12,21224.98,0.0,5,2,22,3
2.0,240,10481.31,11353.98,0.0768602728,3,2,42,11
92.0,240,0.0,38435.69,0.6738599436,5,2,29,16
1.0,240,10525.25,11663.08,1.0,3,2,29,25
64.0,240,76658.23,76822.41,0.0,5,2,15,8
9.0,240,19223.86,19904.65,0.967972308,3,2,19,42
2.0,228,12559.39,16707.43,0.2482751686,3,4,49,24
5.0,300,0.0,52731.71,1.0,4,2,12,1
24.98,218,28452.2,20709.62,0.9891195493,3,2,42,33
94.0,221,33287.59,26320.02,0.0,3,4,36,22
1.0,360,349369.91,331292.18,0.0,5,2,11,5
90.0,240,58971.79,60551.58,0.0,5,2,27,1
1.0,240,51705.35,60222.67,0.0,5,2,22,16
24.98,240,45384.97,42532.86,0.0,4,2,24,8
1.0,300,0.0,47520.94,1.0,4,2,19,2
1.0,360,0.0,159064.68,1.0,5,2,15,12
24.98,340,270049.88,250520.46,0.0,5,2,7,5
1.0,236,15910.57,20364.04,0.9462449494,3,2,20,49
9.0,240,0.0,66457.38,1.0,1,2,127,1
1.0,240,20755.33,21010.82,0.0121599252,3,4,48,14
40.0,240,0.0,236233.63,1.0,5,2,48,8
94.0,216,8307.96,10626.33,0.8787361206,3,4,15,49
27.0,180,0.0,26517.79,1.0,5,2,63,4
24.98,240,0.0,133611.45,1.0,5,2,8,11
0.0,236,15921.35,20245.13,1.0,3,2,19,50
0.0,300,0.0,60753.19,1.0,4,2,28,10
24.98,240,41018.83,42406.25,0.0,5,2,34,11
1.0,240,26316.66,26536.33,0.0082780852,3,4,35,20
24.98,240,65297.15,74759.27,0.0,4,2,24,13
45.0,240,91728.69,98627.31,0.0,5,2,16,15
17.0,204,0.0,15498.65,0.8077356198,4,2,19,28
10.0,240,29892.49,28317.76,0.0,4,2,68,7
1.0,240,89390.82,86001.88,0.0,4,2,34,12
8.0,300,0.0,39958.13,1.0,4,2,30,2
29.0,300,0.0,47175.65,1.0,4,2,7,14
24.98,222,12704.0,7666.12,1.0,3,2,39,30
24.98,300,41958.0,40675.37,0.0,4,2,7,5
24.98,180,49149.29,46650.73,0.0,5,2,46,5
24.98,236,10021.96,8889.99,0.0,3,2,24,20
1.0,240,79455.25,87735.59,0.0943783475,5,2,51,0
1.0,300,53076.0,55136.22,0.0373660001,4,2,28,15
1.0,300,25178.05,25563.58,0.015081221,4,2,19,1
17.0,240,0.0,63935.06,1.0,5,2,26,3
1.0,240,0.0,43276.07,1.0,4,2,31,7
1.0,240,0.0,37482.69,1.0,4,2,17,38
2.0,240,0.0,27989.77,1.0,4,2,13,2
4.0,240,0.0,101860.32,1.0,4,2,23,4
1.0,240,0.0,108436.7,1.0,5,2,29,6
94.0,300,27322.96,27146.3,0.0,4,2,27,5
31.0,220,5645.49,7002.31,0.8931095596,3,2,48,35
26.0,228,20653.65,24144.31,0.8396827244,3,2,29,29
1.0,240,0.0,36900.17,1.0,4,2,39,1
10.0,223,15166.29,16156.64,0.0612967795,3,2,62,10
94.0,234,13511.14,14124.98,0.9601790587,3,2,14,60
94.0,240,11109.42,11481.3,0.0,3,2,31,23
1.0,300,0.0,49470.89,1.0,4,2,10,6
3.0,96,0.0,26423.37,0.2919907031,5,2,37,28
83.0,240,38624.46,39070.57,0.0114180571,4,2,17,1
24.98,360,0.0,122459.07,1.0,5,2,9,6
0.0,60,64840.99,55882.81,0.0,5,2,16,11
0.0,240,0.0,101727.38,1.0,5,2,9,3
2.0,234,15919.95,23767.29,0.8930471249,3,4,23,45
2.0,128,0.0,46379.57,0.0,5,2,44,12
60.0,230,7788.14,9813.79,0.8903114903,3,2,15,52
0.0,360,0.0,16261.4,1.0,5,2,11,14
9.0,240,0.0,32799.13,1.0,5,2,53,3
2.0,180,25138.62,26122.33,0.0,1,2,39,3
2.0,240,79514.18,67813.08,0.0,5,2,21,16
3.0,360,0.0,206895.97,1.0,5,2,13,6
24.98,300,0.0,96806.26,1.0,4,2,8,1
0.0,300,0.0,71786.35,0.8727334404,4,2,11,29
1.0,240,0.0,51078.66,0.701145636,5,2,37,16
1.0,224,22812.73,14890.0,0.5675043653,3,4,14,60
0.0,240,76512.77,67629.64,1.0,5,2,44,25
94.0,240,49488.9,49555.76,0.0,4,2,38,1
17.0,300,0.0,74058.5,1.0,4,2,25,2
24.98,300,0.0,80140.0,1.0,4,2,14,3
3.0,240,11587.72,11038.64,0.0,4,2,46,14
23.0,300,0.0,61549.8,1.0,4,2,18,1
2.0,300,24941.26,24291.17,0.0,4,2,11,5
1.0,300,19761.96,19132.28,0.0,4,2,25,3
24.0,240,0.0,186601.94,1.0,5,2,12,8
4.0,240,32498.11,44513.51,0.7050293695,4,2,35,31
56.0,240,16730.04,18205.8,0.9339122697,3,2,31,54
1.0,120,0.0,91017.97,1.0,5,2,51,2
24.98,193,58489.47,56241.04,0.0,5,2,7,3
4.0,230,8740.24,11421.25,0.9145400022,3,4,19,61
1.0,240,25212.68,27819.35,0.964518941,3,4,32,27
40.0,240,38625.54,36906.76,0.0,4,2,31,12
1.0,240,0.0,37422.12,1.0,1,2,75,9
1.0,180,75089.88,75362.46,0.0036169201,5,2,39,14
1.0,231,7868.42,9376.13,0.9521657656,3,2,49,29
24.98,60,14694.58,51974.51,0.3964329511,5,2,18,32
96.0,300,0.0,57607.98,1.0,4,2,19,1
94.0,230,7419.46,11421.25,0.9140619459,3,4,19,61
0.0,240,120206.87,97341.54,0.0,5,2,18,18
94.0,230,20375.0,22001.8,0.9059772382,3,2,28,31
94.0,230,10498.54,11807.15,0.8868821011,3,4,38,46
80.0,240,0.0,76148.83,0.7005349707,5,2,41,8
25.0,236,20251.78,19422.29,0.8948888107,3,2,16,55
1.0,300,0.0,60571.98,1.0,4,2,10,7
24.98,240,20723.72,21433.5,0.0,4,2,41,4
1.0,240,77867.6,90969.85,0.1440284886,5,2,29,22
7.0,230,8273.21,9679.32,0.9166842299,3,2,28,52
44.0,203,18954.76,20391.05,0.8876614985,3,2,19,42
24.98,70,69678.71,62342.78,0.0,1,2,47,5
24.98,300,47222.77,45803.3,0.0,4,2,9,5
94.0,234,19207.04,23140.96,0.9575371981,3,4,27,39
89.0,240,70672.74,72711.6,0.0,5,2,13,11
24.98,120,265238.86,255756.04,0.0,1,2,15,2
0.0,300,0.0,54856.46,1.0,4,2,19,10
70.0,300,47336.77,50847.94,0.0,4,2,20,23
1.0,240,54990.0,47285.18,0.0,5,2,26,14
71.0,240,81881.44,95933.47,0.0,5,2,26,17
90.0,240,144905.42,175554.05,0.0,5,2,46,22
90.0,230,20371.79,22395.49,0.8956870334,3,2,28,31
24.98,218,14774.96,9498.82,0.9305534793,3,4,17,32
24.98,360,133961.31,123920.89,0.0,5,2,18,7
0.0,240,120071.91,97140.87,0.8029920917,4,2,15,28
1.0,200,72446.38,67151.93,0.0,5,2,12,8
1.0,360,0.0,163863.28,1.0,5,2,16,0
93.0,240,0.0,112609.69,1.0,5,2,42,1
12.0,119,26106.82,27149.42,0.0,5,2,31,0
0.0,300,0.0,86297.49,1.0,4,2,16,8
1.0,225,11346.02,11568.78,0.0,3,2,46,22
94.0,236,3608.95,5651.66,0.881705552,3,4,40,42
1.0,360,303143.73,277760.52,0.0,5,2,11,17
1.0,234,14892.43,14566.47,0.9646208038,3,2,32,48
94.0,240,41584.38,51142.95,0.7418570697,4,2,38,44
24.98,203,50195.09,58803.39,0.14639122,5,2,40,10
15.0,360,0.0,276696.74,1.0,5,2,27,9
22.0,156,0.0,9381.26,1.0,1,3,123,4
24.98,96,0.0,23716.39,1.0,1,2,73,23
3.0,300,67408.72,65172.83,0.0,4,2,14,6
93.0,240,75291.16,75132.53,0.0,4,2,11,1
24.98,360,0.0,116417.2,1.0,5,2,15,2
1.0,300,55357.5,55140.09,0.0,4,2,7,0
5.0,240,202972.99,179461.04,0.0,5,2,16,12
65.0,360,90623.82,96258.46,0.0585365691,5,2,22,3
2.0,240,68834.46,76442.69,0.0995285488,5,2,8,11
68.0,218,33258.52,17827.17,0.9033570668,3,4,24,40
24.98,240,56051.28,59761.0,0.7393068927,5,2,11,28
24.98,240,68827.52,66732.97,0.0,4,2,50,3
26.0,240,0.0,61297.16,1.0,4,2,18,4
1.0,228,13214.58,12066.14,0.0,3,2,42,20
1.0,360,116493.79,132237.02,0.0,5,2,18,15
1.0,300,0.0,35729.37,1.0,4,2,19,3
61.0,300,32618.75,32655.67,0.0011305847,4,2,11,2
1.0,94,6577.01,4691.21,1.0,3,4,34,36
13.0,204,31390.71,30677.82,0.0,5,2,25,4
13.0,222,13550.35,12643.91,0.9940532636,3,4,30,53
37.0,60,51959.49,64502.19,0.0,1,2,46,1
0.0,180,0.0,55703.92,1.0,5,2,22,10
4.0,240,12695.61,14382.66,0.1172974957,5,2,40,5
24.98,240,91622.87,83951.37,0.0,5,2,11,8
5.0,360,0.0,151168.68,1.0,5,2,35,1
94.0,240,19221.73,19904.65,0.9706596197,3,2,19,42
1.0,222,12697.03,7680.85,1.0,3,2,39,30
56.0,240,85632.11,84338.13,0.0,4,2,37,2
1.0,300,0.0,37953.35,1.0,4,2,25,12
9.0,240,0.0,100506.99,0.7761945563,5,2,9,25
0.0,180,0.0,17800.3,1.0,5,2,47,2
0.0,119,0.0,69741.04,0.9560696204,5,2,26,28
0.0,360,0.0,85680.43,1.0,5,2,19,8
2.0,225,11346.02,11563.14,0.0,3,2,46,22
26.0,240,8309.91,9288.42,1.0,3,2,39,25
9.0,231,0.0,94762.04,0.7154366086,5,2,19,10
71.0,240,0.0,29984.23,1.0,4,2,52,1
1.0,360,92381.28,95120.28,0.0287951213,5,2,12,5
2.0,300,0.0,43763.12,1.0,4,2,10,4
0.0,240,0.0,74532.63,0.916285892,5,2,38,1
94.0,240,86150.61,81253.23,0.0,5,2,29,5
2.0,119,29557.17,25168.32,0.0,5,2,58,12
1.0,300,0.0,53417.57,1.0,4,2,28,6
1.0,180,35416.09,38003.84,0.0680918034,5,2,56,2
0.0,360,0.0,90929.49,1.0,5,2,24,19
0.0,240,122011.01,73429.19,0.9794100909,5,2,18,40
28.0,240,125625.89,127510.97,0.0147836692,5,2,20,2
7.0,119,42646.26,44129.39,0.0,5,2,15,1
4.0,240,10514.86,8983.87,0.0,3,4,35,18
1.0,230,22745.58,23080.59,0.9699093481,3,4,29,46
1.0,180,0.0,199020.46,1.0,1,2,79,5
8.0,300,33804.35,33394.6,0.0,4,2,29,2
4.0,240,0.0,143898.72,1.0,5,2,33,0
0.0,300,0.0,47223.79,1.0,4,2,19,8
1.0,300,54776.43,50669.08,0.0,4,2,17,12
4.0,300,0.0,60771.84,1.0,4,2,19,1
94.0,230,20375.0,21995.84,0.8995937414,3,2,28,31
0.0,240,0.0,37458.94,1.0,4,2,67,8
1.0,360,0.0,126171.66,1.0,5,2,22,4
1.0,240,0.0,57131.39,1.0,4,2,33,4
1.0,300,0.0,59806.14,1.0,4,2,18,3
0.0,240,111383.36,72289.6,1.0,4,2,21,41
1.0,236,18396.87,17154.71,0.9390581362,3,2,24,41
53.0,360,0.0,122384.14,1.0,5,2,17,3
90.0,221,26175.67,20055.79,0.9423343583,3,4,31,33
0.0,300,0.0,74361.82,1.0,4,2,15,3
24.98,48,26402.48,12345.98,1.0,1,2,39,45
26.0,222,13549.34,12653.85,0.9639627465,3,4,30,53
1.0,222,11444.87,4342.45,0.8885421824,3,2,13,52
93.0,230,20374.89,21995.84,0.9037158845,3,2,28,31
24.98,193,44881.92,41191.79,0.4670686668,1,2,49,30
1.0,293,0.0,173380.63,1.0,5,2,14,16
0.0,360,0.0,266234.82,1.0,5,2,11,6
1.0,300,0.0,59851.77,1.0,4,2,24,1
24.98,219,70033.85,67553.96,0.0,5,2,37,14
1.0,240,10116.95,11560.51,1.0,3,2,31,25
24.0,360,0.0,78538.38,1.0,5,2,14,3
80.0,300,0.0,62924.9,1.0,4,2,16,1
5.0,232,15275.24,18060.11,0.9252645748,3,2,24,59
1.0,240,0.0,216156.37,1.0,5,2,14,2
89.0,240,83931.53,88667.22,0.0534097043,5,2,17,4
1.0,240,111830.53,123063.16,0.0912753256,5,2,28,2
0.0,240,263835.88,153866.88,1.0,5,2,18,37
5.0,360,0.0,150031.02,1.0,5,2,26,3
24.98,240,120526.34,62790.0,1.0,1,2,27,44
90.0,240,0.0,35472.3,1.0,5,2,25,3
45.0,300,0.0,56397.89,1.0,4,2,12,1
3.0,240,53571.02,56770.93,0.0563652912,5,2,35,2
16.0,360,0.0,116501.16,1.0,5,2,19,1
30.0,360,0.0,79198.14,1.0,5,2,11,1
1.0,236,21249.77,9860.0,0.9813377282,3,2,28,40
2.0,240,68750.62,69436.24,0.0,5,2,42,1
24.98,240,80810.46,85085.68,0.0,5,2,19,13
26.0,240,0.0,75357.66,1.0,5,2,34,2
13.0,300,0.0,48305.18,1.0,4,2,17,1
2.0,300,0.0,79216.28,1.0,4,2,17,1
1.0,240,0.0,77243.56,0.716998015,5,2,16,14
24.98,240,91177.68,82522.35,0.0,5,2,21,16
89.0,234,11802.1,14343.26,0.8880080261,3,2,35,39
24.98,222,26708.44,6141.3,0.0,3,2,21,22
24.98,222,26710.35,4398.05,0.947005676,3,2,7,36
24.98,360,0.0,99823.0,1.0,5,2,8,1
0.0,240,0.0,92685.16,1.0,4,2,30,18
24.98,205,123451.99,106860.99,0.0,5,2,14,12
0.0,224,15053.74,17840.36,0.9064452735,3,2,17,55
2.0,240,44070.95,47273.42,0.0,5,2,21,5
1.0,120,4064.99,3681.54,0.0,4,3,42,11
24.98,218,14774.96,9484.36,0.9340356123,3,4,17,32
1.0,360,0.0,106250.59,1.0,5,2,22,6
24.98,240,111858.5,106437.28,0.0,5,2,7,4
24.98,240,158626.44,149812.84,0.0,5,2,19,4
1.0,240,44237.78,56294.78,0.774470721,5,2,47,26
0.0,240,0.0,80390.56,1.0,5,2,30,14
24.98,240,70191.53,67735.4,0.0,5,2,17,3
1.0,360,0.0,273161.93,1.0,5,2,15,3
5.0,360,0.0,116563.03,1.0,5,2,24,10
1.0,236,21249.77,9739.66,0.9858855443,3,2,28,40
1.0,240,0.0,45601.11,1.0,4,2,39,7
37.0,300,0.0,42799.31,1.0,4,2,30,1
1.0,300,23041.25,23382.28,0.0145849763,4,2,25,1
1.0,240,10481.31,11970.06,0.9957903302,3,2,26,27
1.0,231,8514.81,8930.34,0.0465301433,3,2,59,3
5.0,236,19371.79,15760.21,0.9676654055,3,2,13,47
4.0,360,0.0,123613.04,0.6909572149,5,2,16,12
24.98,360,80790.59,75962.6,0.0,5,2,9,7
1.0,300,71607.72,69971.52,0.0,4,2,11,4
1.0,240,0.0,127680.92,0.7006000085,5,2,9,24
1.0,218,28572.13,29080.88,0.0174943124,3,2,58,17
1.0,240,0.0,39568.27,0.7016895093,1,2,93,8
89.0,180,32011.2,27109.61,0.0,1,2,78,19
13.0,240,0.0,21132.01,1.0,4,2,60,2
1.0,230,23042.38,22929.18,0.9658701271,3,4,23,52
2.0,225,16828.9,20123.4,0.878605504,3,2,44,36
24.98,124,21525.83,26517.12,0.0074019639,5,2,28,3
28.0,300,0.0,47359.7,1.0,4,2,25,3
1.0,240,35548.69,33089.34,0.0,4,2,69,6
0.0,120,0.0,262852.16,1.0,5,2,10,6
17.0,360,0.0,95583.28,1.0,5,2,14,5
0.0,240,0.0,18903.91,0.9089890294,4,2,20,0
24.98,240,125359.07,99666.63,0.0,5,2,27,21
9.0,240,53460.69,54794.01,0.0,5,2,13,1
1.0,360,0.0,88132.32,1.0,5,2,13,8
4.0,300,57272.75,55412.95,0.0,4,2,23,6
24.98,300,53594.38,53347.51,0.0,4,2,14,1
93.0,147,91749.4,110316.58,0.0,5,2,11,7
1.0,231,7862.07,9197.57,0.1452013956,3,2,54,24
64.0,236,16936.37,19618.85,0.8953246495,3,2,14,49
24.98,222,7359.09,4301.38,0.9441365329,3,2,18,47
12.0,300,0.0,74536.94,1.0,5,2,8,6
5.0,240,0.0,97321.21,1.0,5,2,48,4
91.0,168,46931.83,48915.37,0.0,5,2,36,1
1.0,360,180531.57,154966.72,0.0,5,2,11,14
3.0,240,0.0,89206.03,1.0,5,2,31,4
24.98,300,0.0,87413.82,1.0,4,2,8,4
40.0,240,102312.41,97488.46,0.0,5,2,18,8
24.98,300,0.0,73132.25,1.0,4,2,14,1
1.0,234,14892.43,14807.52,0.9830633354,3,2,32,48
1.0,229,15816.25,18913.96,0.9679501278,3,2,23,60
94.0,236,18396.86,17154.71,0.9285455714,3,2,24,41
1.0,236,15921.35,19529.4,0.9619128084,3,2,12,57
54.0,360,0.0,186131.39,1.0,5,2,22,5
67.0,360,0.0,90832.76,1.0,5,2,12,2
0.0,240,0.0,103823.28,1.0,5,2,25,24
2.0,240,0.0,151845.69,1.0,5,2,45,5
9.0,360,0.0,115894.33,1.0,5,2,20,8
24.98,222,7645.83,5537.83,0.9277009226,3,2,17,55
1.0,236,21249.77,9859.98,0.9564765851,3,2,28,40
24.98,240,45084.44,32658.3,1.0,5,2,16,27
94.0,225,19560.93,14579.56,0.9483475496,3,4,22,26
24.98,138,87432.14,50121.0,1.0,1,2,23,28
1.0,240,10239.47,11363.94,0.8779675007,3,2,30,25
0.0,240,0.0,155179.73,1.0,5,2,19,1
18.0,300,71373.84,73180.51,0.0246878575,4,2,27,3
24.98,240,75870.34,83149.91,0.0,5,2,14,10
94.0,230,7419.45,11421.25,0.8989226223,3,4,19,61
24.98,240,44888.95,42824.88,0.6588282816,5,2,11,32
9.0,240,0.0,37970.28,0.803943998,4,2,30,1
96.0,240,54093.45,67777.76,0.7133862543,5,2,31,34
91.0,360,126670.71,128323.41,0.0,5,2,16,2
0.0,240,105758.84,113316.66,0.0666964593,5,2,31,5
0.0,240,100985.06,82559.51,0.0,5,2,17,17
0.0,300,0.0,55896.94,1.0,4,2,15,1
2.0,240,19221.72,19683.55,0.9399996444,3,2,32,29
24.98,312,42532.43,40257.8,0.0,5,2,13,4
24.98,360,267778.95,261431.67,0.0,5,2,9,3
24.98,156,19012.62,22438.41,0.1526752564,2,2,104,2
9.0,300,0.0,54768.93,1.0,4,2,9,22
94.0,229,15067.11,17982.23,0.9092125949,3,2,23,60
1.0,230,7788.13,8700.64,0.0,3,2,53,14
0.0,360,0.0,83427.22,1.0,5,2,17,2
1.0,228,14991.05,17944.62,0.9428998775,3,4,32,41
24.98,240,52056.24,47893.41,0.0,5,2,26,8
24.98,300,51576.87,51121.75,0.0,4,2,15,2
85.0,300,0.0,22705.93,1.0,4,2,34,5
24.98,240,29944.36,33493.59,0.1059674403,5,2,47,5
0.0,90,2096.91,19173.72,0.8906362459,5,2,20,9
1.0,228,23620.4,14394.0,0.7681860497,3,4,14,60
86.0,240,54679.61,52456.22,0.0,4,2,40,8
9.0,240,0.0,62549.71,0.7470955746,5,2,34,1
70.0,240,75179.74,75282.56,0.0,4,2,29,2
2.0,180,29662.62,30348.86,0.0226117225,5,2,47,2
24.98,222,12705.88,7659.41,1.0,3,2,39,30
24.98,204,26418.39,26929.3,0.6819401713,1,2,46,26
89.0,180,22044.44,22236.49,0.0,1,2,95,2
24.98,239,574737.79,392932.77,1.0,1,2,32,27
56.0,240,115187.27,116021.93,0.0071939848,5,2,39,2
1.0,300,0.0,30665.03,1.0,4,2,17,2
2.0,240,0.0,131572.86,1.0,5,2,20,6
12.0,360,0.0,195876.35,1.0,5,2,21,1
60.0,240,0.0,39628.21,0.0,4,2,50,21
3.0,240,103686.58,103016.16,0.0,5,2,36,4
14.0,360,0.0,42380.09,1.0,5,2,17,2
24.98,180,20398.13,24132.0,0.0,5,2,38,6
1.0,240,21061.84,14495.09,0.9391283531,3,4,20,37
24.98,240,179193.47,168755.6,0.0,5,2,12,5
18.0,300,0.0,66972.18,1.0,4,2,19,2
89.0,236,21249.77,10903.76,0.9595011262,3,2,40,28
94.0,230,20375.01,22027.0,0.8985903664,3,2,28,31
94.0,235,14445.55,15250.46,0.0527793916,3,2,75,2
70.0,300,0.0,48613.0,1.0,4,2,26,1
1.0,360,229805.23,212989.69,0.0,5,2,12,12
0.0,240,369182.95,267299.13,1.0,5,2,9,25
1.0,222,7633.64,5602.95,0.8961118696,3,2,17,55
24.98,240,8017.45,10347.58,0.0,1,3,106,18
19.0,240,90616.95,88632.73,0.0,5,2,66,2
57.0,225,11346.08,11557.55,0.0,3,2,46,22
70.0,240,0.0,68739.31,1.0,5,2,37,10
0.0,240,0.0,81818.18,0.7848279434,5,2,31,3
2.0,240,0.0,59222.27,1.0,5,2,45,2
24.98,240,180542.02,173170.07,0.0,5,2,7,4
1.0,230,10496.95,11653.17,0.9368146178,3,4,38,46
1.0,240,261809.27,136277.67,0.9444096709,5,2,19,48
4.0,240,35528.98,34860.54,0.0,3,4,42,13
71.0,228,12180.63,16117.26,0.2442493327,3,4,54,16
1.0,240,58123.62,64568.17,0.0,5,2,31,13
89.0,240,20728.96,18250.84,0.9568754096,3,4,24,38
17.0,360,152113.74,143050.79,0.0,5,2,12,7
24.98,120,0.0,54677.9,1.0,5,2,45,5
33.0,240,35055.73,35575.33,0.014605627,4,2,43,2
1.0,300,33767.72,32816.59,0.0,4,2,23,5
92.0,360,0.0,81430.27,1.0,5,2,11,2
24.98,236,10040.16,8884.93,0.0,3,2,24,20
23.0,325,0.0,168773.53,1.0,5,2,42,3
70.0,300,0.0,54880.11,1.0,4,2,21,3
1.0,240,0.0,54787.56,1.0,5,2,35,7
24.98,240,83207.75,98066.2,0.0,1,2,80,8
93.0,240,19221.72,19744.34,0.0,3,2,38,23
81.0,221,26178.95,20171.85,0.9232648468,3,4,31,33
44.0,240,28561.86,4363.57,0.9543355555,3,2,12,51
94.0,225,19560.93,14579.56,0.9458234679,3,4,22,26
95.0,300,34821.48,34683.87,0.0,4,2,30,0
65.0,300,0.0,78600.09,1.0,4,2,23,8
4.0,360,0.0,62332.34,1.0,5,2,17,3
84.0,192,108037.89,104065.35,0.0,5,2,11,3
0.0,240,84330.71,67618.26,0.9269281881,4,2,18,25
4.0,240,7589.0,2382.4,0.9225151108,3,4,8,53
0.0,240,118294.15,102176.24,0.0,5,2,32,13
25.0,240,18087.54,19182.3,0.0,5,2,14,1
24.98,31,122064.05,96263.2,0.0,5,2,7,11
89.0,240,112585.27,108460.24,0.0,5,2,22,3
64.0,234,13511.15,14117.12,0.9630342449,3,2,14,60
24.98,60,46964.24,39317.23,0.0,1,2,19,8
47.0,236,16619.06,15281.43,0.9389409237,3,2,24,41
24.98,240,102037.13,103488.04,0.0,5,2,35,8
24.98,180,12402.0,12299.88,0.0,4,2,36,1
0.0,349,0.0,103958.15,1.0,5,2,24,7
24.98,240,21134.67,60270.75,0.0,5,2,35,16
65.0,300,0.0,138469.41,1.0,5,2,20,18
24.98,345,0.0,188300.88,1.0,5,2,12,4
24.98,138,50908.74,52955.58,0.0386520174,5,2,37,7
2.0,230,13653.02,15965.83,0.9467869819,3,2,23,53
4.0,300,115736.36,113508.56,0.0,4,2,17,7
24.98,204,37248.15,36013.31,0.0,4,3,10,4
0.0,360,0.0,33121.35,1.0,5,2,17,12
13.0,240,0.0,172430.0,0.7979146495,5,2,33,26
28.0,240,0.0,80367.69,1.0,4,2,26,1
56.0,180,0.0,58441.37,0.6564557647,5,2,42,8
24.98,240,30694.46,30331.19,0.0,4,2,48,1
24.98,240,26318.36,25966.37,0.9757779004,3,4,18,46
1.0,240,26316.66,26548.94,0.0087491252,3,4,42,13
28.0,240,44807.02,59088.0,0.7105726624,5,2,13,53
8.0,240,0.0,50887.11,0.7132270064,5,2,44,5
7.0,360,226590.05,203115.33,0.0,5,2,22,11
9.0,300,0.0,67638.88,1.0,4,2,16,2
42.0,120,0.0,31741.24,1.0,4,2,34,2
5.0,360,0.0,101181.48,0.7684321447,5,2,9,0
1.0,178,25574.3,14523.0,0.7115045101,3,4,14,60
24.98,240,19801.36,16023.01,0.0,5,2,9,17
1.0,236,21260.47,9851.59,0.98396604,3,2,28,40
17.0,240,118221.1,111623.17,0.0,5,2,29,4
96.0,240,42243.96,42575.15,0.0,4,2,26,1
13.0,218,32681.36,15675.62,0.9217109116,3,4,22,43
24.98,240,103495.08,102822.78,0.0,5,2,16,0
94.0,180,45915.2,48046.51,0.0,4,3,11,15
0.0,240,51719.86,50089.04,0.0,4,2,7,5
56.0,204,45682.61,45504.23,0.0,1,2,74,1
93.0,224,14961.61,17840.36,0.8907589309,3,2,17,55
0.0,239,0.0,229995.29,1.0,5,2,18,3
24.98,230,20375.0,21992.84,0.9298530795,3,2,28,31
36.0,240,0.0,11184.33,0.7904899588,4,2,64,14
12.0,240,61266.95,61729.62,0.0,4,2,13,1
4.0,360,103837.7,103898.42,0.000584417,5,2,10,1
2.0,240,0.0,100900.12,1.0,5,2,34,1
3.0,300,0.0,72501.85,1.0,4,2,16,3
1.0,235,13081.03,13303.49,0.9503686627,3,2,13,62
0.0,300,0.0,83131.27,1.0,4,2,22,4
1.0,240,0.0,51935.56,1.0,4,2,16,13
1.0,222,7641.54,5519.62,0.9163384436,3,2,12,60
30.0,240,22398.98,23227.6,0.0,4,2,28,1
24.98,300,57104.39,53737.29,0.0,4,2,7,11
1.0,360,0.0,118811.77,1.0,5,2,14,13
4.0,300,72474.64,66451.82,0.0,4,2,16,17
1.0,240,0.0,40851.42,1.0,5,2,63,19
1.0,60,154.24,38106.12,0.0593662721,5,2,37,23
10.0,240,10249.71,11668.31,0.9320595699,3,2,29,26
5.0,360,191469.37,194061.26,0.0133560403,5,2,23,5
24.98,240,84782.38,82851.95,0.0,4,2,22,2
1.0,240,8027.89,9230.95,0.1303289477,5,2,38,12
24.98,180,63323.13,61758.51,0.0,5,2,21,2
1.0,300,0.0,87788.28,1.0,4,2,14,9
4.0,240,0.0,105454.82,0.0,5,2,24,12
1.0,240,0.0,71963.57,0.6942079896,5,2,46,23
90.0,70,317630.17,312125.45,0.0,5,2,21,1
24.98,222,13455.71,4872.85,0.9734734293,3,2,27,40
96.0,233,18060.08,24237.75,0.8691838145,3,4,30,30
3.0,360,0.0,42326.21,1.0,5,2,12,3
70.0,240,20073.15,19875.43,0.0,4,2,20,16
24.98,180,18281.86,22432.53,0.7364864319,1,2,90,28
52.0,300,38394.24,38910.23,0.013261037,4,2,11,2
24.98,360,0.0,96417.25,1.0,4,2,12,3
24.98,300,65452.81,62096.63,0.0,4,2,9,9
1.0,240,15830.39,18471.28,0.91517047,3,2,36,49
1.0,231,7861.28,8863.73,0.1130957283,3,2,68,10
13.0,240,173378.05,169834.37,0.0,4,2,14,3
24.98,120,25807.02,39829.0,0.5877420292,5,2,10,34
1.0,216,8413.42,9101.47,0.9472612666,3,4,22,42
1.0,240,0.0,26514.35,0.7704106464,4,2,19,7
1.0,240,20754.74,20953.79,0.0094994748,3,4,39,23
93.0,240,31618.21,31680.52,0.0019668238,4,2,42,1
9.0,240,0.0,55906.28,1.0,4,2,31,2
90.0,218,28330.0,24258.46,0.0,3,4,39,17
26.0,300,0.0,69666.92,1.0,4,2,21,4
1.0,360,153900.59,119339.94,0.8721663742,5,2,18,25
4.0,300,0.0,47412.89,1.0,4,2,35,1
1.0,240,0.0,118549.15,1.0,5,2,31,7
65.0,240,90348.0,90572.67,0.0024805496,5,2,22,5
24.98,240,0.0,19565.26,0.8075978095,4,2,9,37
8.0,222,13527.4,12869.99,0.9109509798,3,4,30,53
24.98,120,17562.0,13827.75,0.0,1,2,47,13
96.0,240,50386.87,50787.48,0.0,5,2,26,3
8.0,190,85429.89,81909.82,0.0,5,2,20,8
24.98,180,13050.45,15131.08,0.0,1,2,39,17
24.0,300,48411.44,47753.63,0.0,4,2,21,2
9.0,360,0.0,136436.51,0.0,5,2,20,11
1.0,236,5955.3,5904.62,1.0,3,4,40,42
94.0,240,56574.11,57136.32,0.0,5,2,30,2
24.98,80,90125.27,105617.31,0.1466808802,5,2,30,22
76.0,240,65456.96,63701.99,0.0,5,2,48,3
1.0,223,12697.03,7680.84,1.0,3,2,39,30
1.0,228,13215.18,12020.91,0.9694582191,3,2,28,34
37.0,300,0.0,72272.96,1.0,4,2,10,4
0.0,360,0.0,94542.39,0.7655926528,5,2,12,3
24.98,240,54171.64,66464.44,0.0,1,2,81,17
56.0,240,111208.33,120041.23,0.0,5,2,10,11
1.0,240,10002.11,11158.32,0.1036186451,3,2,40,17
94.0,360,77682.23,74379.91,0.0,5,2,13,4
24.98,300,405016.88,370249.1,0.0,5,2,11,8
0.0,240,308597.22,240851.68,0.0,5,2,30,19
1.0,220,13140.68,11382.38,0.9455333595,3,4,18,61
1.0,236,14668.91,9790.7,0.983121738,3,2,28,40
2.0,218,32681.36,15675.62,0.9217109116,3,4,22,43
24.98,240,50873.26,69957.46,0.6935828522,1,2,23,46
1.0,240,0.0,38595.47,1.0,4,2,35,20
23.0,240,40003.75,40396.49,0.0097221318,5,2,48,3
24.98,240,54733.94,54216.71,0.0,5,2,19,1
94.0,120,5818.36,56443.4,0.621530589,5,2,12,43
22.0,300,0.0,63571.4,1.0,4,2,15,3
0.0,180,37710.94,40879.15,0.0,1,2,114,14
24.98,360,72789.36,79756.61,0.0873563959,5,2,7,9
96.0,300,0.0,41128.68,1.0,4,2,30,2
1.0,360,85945.63,81271.69,0.0,5,2,22,5
1.0,234,21323.28,15440.56,0.9439599341,3,2,18,40
3.0,204,35037.65,58589.41,0.6736205043,1,2,19,63
89.0,240,44610.48,45667.16,0.0,4,2,21,1
24.98,240,22247.3,24497.11,0.0,4,2,31,9
24.98,300,0.0,118473.57,1.0,5,2,12,1
94.0,224,14844.74,17926.37,0.8896670101,3,2,17,55
1.0,119,46950.36,48415.21,0.0,5,2,44,1
0.0,240,0.0,149479.32,1.0,5,2,34,7
5.0,300,0.0,74234.14,1.0,4,2,10,2
24.98,38,66691.54,59009.63,0.0,5,2,11,8
1.0,300,0.0,50633.73,1.0,4,2,16,3
69.0,236,16103.56,19163.29,0.8804902498,3,2,42,32
64.0,234,14450.06,17265.41,0.9167439406,3,4,31,27
24.98,204,13024.44,49099.86,0.0,5,2,40,20
1.0,360,0.0,66922.01,1.0,5,2,31,2
86.0,228,15337.38,19702.42,0.974913234,3,2,22,55
71.0,240,38858.19,38612.08,0.0,4,2,20,2
1.0,240,45325.94,45148.45,0.0,5,2,47,1
12.0,300,0.0,54942.29,1.0,4,2,14,2
18.0,300,11319.93,11460.41,0.0,4,2,27,1
1.0,202,7034.7,17270.79,0.8244868938,3,4,34,46
4.0,230,20374.99,22011.42,0.9316386676,3,2,28,31
94.0,230,20375.0,22395.49,0.8934597993,3,2,28,31
24.98,360,44200.49,41516.41,0.0,5,2,20,6
24.98,240,35263.24,36042.42,0.0216184152,3,4,39,1
94.0,240,11102.77,11493.34,0.923494824,3,2,25,29
60.0,240,20347.01,20855.93,0.0,4,2,14,3
1.0,240,61428.87,66052.44,0.0699984739,5,2,48,8
24.98,222,11455.64,4285.41,0.9207730416,3,2,13,52
3.0,240,0.0,38872.8,1.0,5,2,41,9
0.0,240,108435.13,93861.23,0.0,5,2,22,12
24.98,236,10066.08,8863.95,0.0,3,2,24,20
32.0,120,0.0,88887.5,1.0,5,2,21,6
24.98,218,14774.99,9491.74,0.936005411,3,4,17,32
85.0,233,18902.85,21989.26,0.1403598848,3,4,56,4
1.0,240,10578.62,11923.54,1.0,3,2,30,25
8.0,216,6082.18,7763.8,0.2165975424,3,4,57,7
41.0,240,19282.24,19154.93,0.0,4,2,13,9
5.0,240,0.0,25404.52,1.0,5,2,57,6
0.0,360,0.0,142087.96,1.0,5,2,15,11
1.0,300,0.0,41718.13,1.0,4,2,15,7
0.0,240,26238.24,26536.8,1.0,3,4,21,38
1.0,240,108246.56,97390.84,0.0,5,2,30,10
1.0,300,73241.73,73668.98,0.0057995916,4,2,24,1
68.0,218,33714.47,17827.17,0.9033570668,3,4,24,40
4.0,250,95928.93,94032.82,0.0,4,2,11,4
1.0,240,56676.38,39218.49,1.0,5,2,45,25
1.0,300,0.0,48902.15,1.0,4,2,16,5
3.0,300,0.0,39667.7,1.0,4,2,17,14
14.0,300,0.0,43900.27,1.0,4,2,13,3
96.0,240,43132.53,47342.53,0.0,4,2,30,14
1.0,218,28572.13,29057.18,0.0166929482,3,2,58,17
24.98,60,54993.36,49361.96,0.0,1,2,12,5
24.98,337,0.0,156046.05,1.0,5,2,12,3
94.0,224,14956.45,17840.36,0.931088274,3,2,17,55
24.98,228,190417.91,201512.55,0.0,5,2,9,5
24.98,204,46799.27,47563.95,0.0,4,3,34,5
0.0,240,0.0,18175.7,1.0,5,2,50,9
56.0,240,12412.11,12494.16,0.0,4,2,42,3
24.98,300,0.0,87646.16,1.0,4,2,8,2
1.0,360,0.0,123875.34,1.0,5,2,8,17
24.98,104,25070.03,33644.53,0.0,5,2,23,11
1.0,240,26316.66,26414.07,1.0,3,4,22,33
24.98,60,3982.45,13738.81,0.0080473017,1,2,51,26
18.0,240,0.0,137280.82,1.0,5,2,12,2
1.0,360,0.0,222463.92,1.0,4,2,13,22
45.0,360,0.0,36413.97,1.0,5,2,45,1
11.0,240,0.0,22127.67,1.0,1,2,87,1
0.0,236,15921.35,19615.43,0.989778455,3,2,12,57
24.98,120,69159.33,67411.99,0.0,5,2,20,2
24.98,240,70403.15,69848.17,0.0,4,2,8,1
64.0,240,184336.36,192368.15,0.0,1,2,45,1
94.0,240,69959.17,77754.14,0.1002515107,5,2,48,1
94.0,236,15332.96,21892.38,0.9892273019,3,4,16,48
8.0,300,0.0,89782.4,1.0,4,2,17,7
18.0,240,63003.12,60546.2,0.0,4,2,16,7
1.0,222,7640.47,5528.41,0.9110521832,3,2,12,60
1.0,300,0.0,26393.86,0.8149472116,4,2,16,2
1.0,180,0.0,124081.5,0.7118713007,5,2,11,9
1.0,222,11450.79,4285.37,0.916506626,3,2,13,52
93.0,240,130793.29,134617.56,0.0284084038,5,2,28,0
94.0,224,14644.94,18106.58,0.8813541817,3,2,17,55
96.0,239,38729.87,36449.12,0.0,4,2,34,15
24.98,240,110378.44,116044.23,0.0,5,2,23,12
24.98,236,10040.52,8884.93,0.0,3,2,24,20
53.0,240,0.0,61679.11,1.0,5,2,35,5
24.98,180,41911.31,52886.92,0.0,1,2,48,21
44.0,240,50414.59,47853.48,0.0,4,2,20,11
1.0,222,7640.47,5528.41,0.9197852547,3,2,12,60
24.98,60,27254.38,17726.86,0.0,1,2,34,16
1.0,240,26318.38,26433.89,0.9921555246,3,4,33,31
1.0,218,28572.15,16570.89,0.9524612136,3,2,30,45
24.98,240,190398.87,168766.95,0.0,5,2,18,10
2.0,360,0.0,106008.36,1.0,5,2,18,2
1.0,236,21262.15,9851.59,0.9694079839,3,2,28,40
70.0,230,11472.81,13799.41,0.9144224282,3,4,33,29
4.0,204,0.0,11809.15,1.0,4,2,39,5
0.0,240,32665.45,33065.08,0.0120861646,4,2,22,1
0.0,300,53102.61,49059.87,0.0,4,2,12,11
12.0,240,0.0,90917.75,1.0,5,2,46,1
24.98,222,11455.64,4290.47,0.907320177,3,2,12,53
24.98,180,50789.87,46585.5,0.0,5,2,16,7
4.0,300,0.0,79145.75,1.0,4,2,18,10
94.0,360,61202.33,59867.94,0.0,5,2,28,2
24.98,96,39377.13,38305.83,0.0,5,2,29,1
0.0,60,1294458.94,1300930.8,0.0049747919,1,2,12,0
1.0,360,0.0,88347.97,1.0,4,2,18,2
0.0,236,21223.83,10043.62,0.9605998634,3,2,28,40
1.0,240,90708.13,82702.34,0.0,4,2,11,14
1.0,240,70911.64,68550.37,0.0,4,2,46,4
94.0,224,14956.45,17852.06,0.8940161528,3,2,17,55
3.0,360,0.0,142917.01,1.0,5,2,9,3
24.98,240,89497.04,98588.64,0.0922175212,5,2,19,3
68.0,240,37553.08,41546.72,0.0961240743,4,2,43,6
24.98,240,73373.84,80434.34,0.0877796722,5,2,61,4
24.98,222,26684.04,4204.72,0.9001699112,3,2,7,36
24.98,240,68096.15,66884.37,0.0,4,2,57,1
5.0,360,0.0,113366.66,1.0,5,2,8,1
24.98,120,43843.4,54042.65,0.1887259415,5,2,28,7
24.98,360,0.0,208496.95,1.0,5,2,12,5
8.0,222,13542.93,12717.01,0.9487536772,3,4,30,53
5.0,300,0.0,75725.47,1.0,4,2,10,5
24.98,360,0.0,180926.22,1.0,5,2,8,0
24.98,240,94732.37,90935.47,0.0,1,2,40,3
1.0,240,0.0,35718.57,0.8564806056,4,2,24,7
0.0,300,68325.16,71300.91,0.0417350915,4,2,10,14
2.0,300,0.0,72035.12,1.0,4,2,23,2
1.0,300,49613.19,52484.58,0.0,4,2,20,0
24.98,288,0.0,56127.16,1.0,4,2,7,0
13.0,240,0.0,10490.69,0.7800965383,4,2,35,37
89.0,240,33433.09,34130.35,0.0,5,2,55,3
2.0,240,0.0,88087.78,1.0,5,2,51,6
1.0,240,0.0,40222.14,1.0,4,2,41,8
64.0,240,58251.56,56927.56,0.0,4,2,62,3
24.98,204,11724.66,12042.86,0.0,4,3,26,8
1.0,240,0.0,159037.5,1.0,5,2,30,5
1.0,240,0.0,127536.3,0.7209873738,5,2,9,1
1.0,222,10497.59,7672.64,1.0,3,2,39,30
94.0,240,19808.27,10167.38,0.0,3,4,15,21
70.0,240,0.0,63473.69,1.0,4,2,20,1
4.0,180,0.0,62022.92,1.0,5,2,23,1
24.98,240,80427.72,69563.02,0.0,4,2,28,12
94.0,240,11114.4,11439.52,0.9291194036,3,2,25,30
3.0,240,0.0,59028.37,1.0,5,2,49,2
1.0,120,0.0,77088.18,1.0,5,2,17,6
1.0,240,224529.13,121815.69,0.8760170617,5,2,37,43
24.98,266,43747.89,89806.47,0.0,5,2,8,10
11.0,300,61747.7,58906.47,0.0,4,2,22,9
1.0,300,0.0,45276.59,1.0,4,2,12,5
1.0,240,26237.07,26462.65,1.0,3,4,23,35
1.0,240,0.0,80150.45,1.0,4,2,16,13
11.0,300,0.0,40289.68,1.0,4,2,21,3
24.98,360,86233.34,82569.37,0.0,5,2,13,4
1.0,300,0.0,16190.44,1.0,4,2,28,6
4.0,300,0.0,43322.03,1.0,4,2,29,11
24.98,240,70069.3,87829.43,0.6345491646,1,2,66,42
24.98,360,93669.75,94298.9,0.00667187,5,2,25,0
0.0,180,0.0,14735.69,0.8495063758,1,2,106,1
56.0,240,31888.65,30393.62,0.0,4,2,36,12
77.0,300,0.0,36989.29,1.0,4,2,21,1
5.0,240,0.0,82456.64,0.7422669728,5,2,20,1
1.0,240,10109.43,11333.92,0.1080376428,3,2,36,20
2.0,240,10009.05,10948.54,0.0858096148,3,2,46,12
1.0,360,0.0,86369.87,1.0,5,2,14,4
29.0,240,0.0,73241.54,0.7213382235,4,2,23,2
2.0,204,11772.64,11662.04,0.0,4,3,34,7
67.0,300,0.0,72171.62,1.0,4,2,14,1
4.0,230,13653.02,15965.84,0.978295536,3,2,23,53
83.0,300,56168.53,55777.9,0.0,4,2,8,2
14.0,328,115464.14,118750.97,0.0,5,2,10,1
1.0,300,40646.27,38187.62,0.0,4,2,16,11
70.0,220,5686.85,7109.63,0.8754196773,3,2,46,37
24.98,360,0.0,142989.13,1.0,5,2,9,1
2.0,240,19221.75,19700.2,0.92964843,3,2,33,28
71.0,360,0.0,123019.16,1.0,5,2,10,7
56.0,240,43585.93,81585.95,0.465766716,5,2,34,6
93.0,225,16828.91,19433.39,0.914764228,3,2,28,52
9.0,240,57147.19,57844.25,0.0,4,2,9,2
56.0,229,15067.1,17982.23,0.9389052415,3,2,23,60
96.0,230,11489.16,13840.75,0.9133291187,3,4,33,29
31.0,300,0.0,55821.69,1.0,4,2,21,5
1.0,240,85890.76,95657.18,0.773438797,5,2,31,26
71.0,240,0.0,206052.52,1.0,5,2,20,1
6.0,119,27172.55,27658.19,0.0,5,2,19,4
24.98,222,26687.31,6206.29,0.9224415875,3,2,17,26
24.98,257,113906.13,125189.67,0.090131558,5,2,8,1
1.0,300,48031.72,47440.58,0.0,4,2,26,2
3.0,240,0.0,117348.23,1.0,5,2,31,2
1.0,360,153649.41,155306.01,0.0106666832,5,2,14,1
13.0,240,17878.87,18180.91,0.0,4,2,41,0
1.0,240,0.0,96484.13,1.0,5,2,24,3
0.0,240,0.0,40211.42,1.0,4,2,21,24
8.0,360,0.0,131842.73,1.0,5,2,10,4
1.0,240,149227.92,146468.92,0.0,5,2,18,6
1.0,360,0.0,47969.07,1.0,5,2,13,11
1.0,240,237364.16,137241.77,1.0,5,2,18,42
1.0,240,0.0,52846.6,1.0,5,2,24,31
2.0,300,0.0,55610.15,1.0,4,2,20,5
67.0,204,12154.01,12593.42,0.0,4,3,32,5
45.0,300,58196.74,57720.93,0.0,4,2,15,1
8.0,240,48494.49,53529.18,0.0,4,2,44,14
24.98,300,0.0,36014.52,1.0,4,2,13,3
55.0,360,0.0,143370.5,1.0,5,2,7,2
24.98,204,33698.95,82967.19,0.4676951237,5,2,13,6
2.0,240,11058.05,11475.83,0.0364052099,3,2,31,24
1.0,300,67331.93,61418.4,0.0,4,2,12,16
74.0,204,9872.8,11436.75,0.0,4,3,60,13
24.98,218,28572.12,20920.31,0.9693814289,3,2,42,33
90.0,221,24656.34,20441.72,0.8917860141,3,4,31,33
24.98,240,124123.87,121202.04,0.0,5,2,17,2
0.0,240,122849.97,94030.17,0.0,5,2,20,24
6.0,300,0.0,49807.59,1.0,4,2,29,9
12.0,300,0.0,89306.5,1.0,4,2,14,3
1.0,300,0.0,74276.5,1.0,4,2,10,12
1.0,235,13081.03,13352.39,0.9573821615,3,2,13,62
4.0,240,0.0,35913.75,1.0,4,2,33,2
0.0,180,0.0,94311.53,1.0,5,2,22,13
96.0,245,107352.91,107403.65,0.0,5,2,16,5
38.0,300,0.0,140947.14,1.0,5,2,19,2
10.0,235,8931.11,9518.45,0.0617054247,3,2,83,3
25.0,204,0.0,36818.14,0.6536746393,4,3,69,4
10.0,240,0.0,39355.67,1.0,4,2,36,25
52.0,240,0.0,41472.69,0.7749736875,4,2,38,16
1.0,360,0.0,75845.93,1.0,5,2,13,3
61.0,240,46767.88,47435.96,0.0,4,2,18,2
1.0,236,21249.77,10951.02,0.9196047491,3,2,39,29
24.98,360,0.0,171405.18,1.0,5,2,11,0
76.0,204,26652.36,27495.02,0.0,4,3,33,5
24.98,240,26236.33,25296.55,0.9730429644,3,4,13,45
1.0,300,0.0,15969.97,1.0,4,2,34,5
1.0,360,135994.36,112134.63,0.0,5,2,7,17
7.0,360,0.0,81000.22,1.0,5,2,14,2
24.98,240,60267.16,70507.17,0.7018376357,5,2,19,38
0.0,240,85468.67,75364.91,0.8503205876,5,2,9,25
1.0,240,20396.96,22378.56,0.0885490398,3,2,45,13
24.98,240,66131.63,69367.66,0.0,5,2,36,4
93.0,230,11485.88,13825.19,0.9137697203,3,4,33,29
64.0,240,41890.72,43054.88,0.0,4,2,23,24
24.98,236,10017.63,7447.11,0.9742423571,3,2,15,29
24.98,240,28407.0,26745.49,0.0,4,2,21,8
1.0,231,7862.07,9213.92,0.9884967527,3,2,49,29
0.0,120,0.0,38991.42,1.0,5,2,12,28
0.0,360,0.0,132401.84,1.0,5,2,8,1
5.0,360,0.0,118240.66,1.0,5,2,14,2
1.0,236,5073.62,5778.49,0.9509733512,3,4,45,32
96.0,300,0.0,35786.39,1.0,4,2,31,4
1.0,234,21065.09,26700.87,0.211071025,3,4,40,17
94.0,230,20375.0,21995.84,0.8995841941,3,2,28,31
55.0,240,8286.19,9578.37,1.0,3,2,39,25
13.0,120,0.0,175786.46,0.6619232049,5,2,14,3
32.0,228,58323.28,63359.52,0.0794867133,4,2,25,2
70.0,240,10109.43,10582.37,0.0446913121,3,2,54,2
2.0,240,0.0,86994.64,0.6882274956,5,2,34,16
1.0,240,0.0,77560.31,1.0,5,2,29,11
94.0,240,0.0,66639.0,0.0,5,2,34,23
0.0,360,0.0,133308.84,1.0,4,2,22,4
24.98,300,0.0,91882.63,1.0,4,2,14,3
24.98,180,41948.81,37093.8,0.0,1,2,46,7
10.0,240,20753.82,21002.43,0.0118372017,3,4,51,11
1.0,222,11444.87,4342.46,0.8772377869,3,2,13,52
1.0,240,67665.25,57745.22,0.0,5,2,25,23
24.98,240,109532.57,107879.35,0.0,5,2,31,16
96.0,360,102406.89,93867.05,0.0,5,2,11,22
2.0,300,0.0,66198.19,1.0,4,2,32,4
1.0,236,14260.36,14345.09,0.9477716766,3,2,55,28
24.98,240,35404.6,34513.09,0.0,5,2,30,2
24.98,60,12803.68,37219.04,0.6559911271,1,2,50,3
0.0,240,0.0,64935.75,1.0,4,2,10,2
77.0,222,13542.93,12717.01,0.9558229489,3,4,30,53
3.0,360,0.0,151092.31,1.0,5,2,33,3
1.0,360,186753.92,205464.54,0.0910649594,5,2,19,13
1.0,360,0.0,278827.65,1.0,5,2,8,19
24.98,240,68365.77,57930.88,0.0,5,2,21,15
89.0,240,18211.81,18644.44,0.9218233425,3,2,21,34
1.0,240,0.0,36340.11,0.9062547593,4,2,29,2
24.98,240,140955.06,134987.0,0.0,1,2,27,6
9.0,300,43984.11,44256.69,0.0061590688,4,2,20,1
1.0,236,21262.15,9788.77,0.9900161103,3,2,28,40
10.0,295,58920.49,55323.4,0.0,4,2,35,11
24.98,236,10029.87,8880.02,0.0,3,2,24,20
1.0,240,91941.12,56627.99,1.0,5,2,15,37
24.98,166,3279.27,4601.86,0.7124695234,5,2,20,34
1.0,222,11450.79,4301.33,0.9379192017,3,2,18,47
94.0,240,78217.61,81206.77,0.0,4,2,15,1
0.0,324,0.0,73393.82,1.0,5,2,11,1
44.0,240,11106.74,11465.12,0.9302606514,3,2,25,29
94.0,240,21170.49,29080.64,0.882823074,3,4,16,40
2.0,180,0.0,62007.83,1.0,5,2,31,4
24.98,240,70247.47,78261.77,0.1024037662,4,2,25,10
4.0,240,7589.0,2378.86,0.9230808034,3,4,8,53
65.0,240,121703.24,132695.62,0.0,5,2,34,19
65.0,360,0.0,128154.7,1.0,5,2,21,1
22.0,240,0.0,58731.55,1.0,5,2,24,0
24.98,240,42129.34,38990.47,0.0,1,2,69,5
4.0,300,46546.62,49971.58,0.0685381571,4,2,21,5
13.0,240,0.0,14343.5,1.0,4,2,55,2
70.0,300,0.0,35264.16,1.0,4,2,28,6
24.98,240,68790.8,61020.74,0.7866162424,5,2,11,25
1.0,236,21158.33,11077.21,0.8486044771,3,2,38,30
87.0,360,0.0,151557.48,1.0,5,2,21,4
1.0,300,72502.84,67259.42,0.0,4,2,17,13
24.98,230,52172.0,43962.1,0.0,5,2,12,13
1.0,236,7675.03,8080.79,1.0,3,4,29,54
24.98,300,0.0,88818.24,1.0,5,2,13,2
30.0,240,35451.6,35854.1,0.0,5,2,16,4
9.0,60,0.0,30082.96,1.0,1,2,55,5
3.0,180,0.0,78470.4,1.0,4,2,17,3
1.0,300,0.0,63091.28,1.0,4,2,17,2
24.98,150,51376.52,45329.35,0.0,5,2,16,9
68.0,218,33471.83,17724.5,0.9266659144,3,4,24,40
0.0,360,0.0,149280.46,1.0,5,2,8,5
2.0,300,0.0,16516.87,0.7823770392,4,2,21,23
24.98,218,33637.58,17780.21,0.9361211144,3,4,24,40
56.0,240,32407.61,37433.84,0.7473180807,5,2,40,25
24.98,240,100162.5,122100.17,0.0,5,2,23,21
8.0,240,0.0,70252.15,0.7195339122,5,2,20,7
1.0,240,7392.32,8221.66,0.1008725732,3,4,43,14
17.0,231,0.0,103284.22,1.0,5,2,30,2
1.0,300,0.0,72903.22,1.0,4,2,17,20
1.0,300,69717.69,64614.89,0.0,4,2,7,13
65.0,300,0.0,42128.0,1.0,5,2,14,1
2.0,132,33625.26,34715.43,0.0314030389,4,2,23,4
10.0,240,76632.89,82528.23,0.0,4,2,9,20
24.98,194,9435.85,11112.15,0.0,4,3,24,21
1.0,180,0.0,12275.59,1.0,4,2,46,2
24.98,360,221378.67,209576.07,0.0,5,2,12,5
68.0,240,10526.92,11958.3,0.0,3,2,30,24
89.0,300,0.0,43241.6,1.0,4,2,17,9
13.0,240,10238.07,11364.05,0.0,3,2,33,22
1.0,240,29619.1,27328.18,0.0,5,2,24,7
24.98,221,33283.79,26780.62,0.0,3,4,36,22
16.0,360,150319.91,162972.96,0.0776389531,5,2,29,2
25.0,204,92511.46,92894.92,0.0,5,2,14,3
7.0,300,0.0,35836.83,1.0,4,2,33,5
24.98,180,22142.09,21037.59,0.0,5,2,14,4
56.0,300,0.0,70070.75,1.0,4,2,16,10
24.98,222,12704.0,7666.3,1.0,3,2,39,30
8.0,300,0.0,50460.71,1.0,4,2,29,2
56.0,180,36330.91,37079.31,0.0,1,2,56,1
1.0,240,61217.05,68704.03,0.0,1,2,62,24
94.0,204,0.0,66794.93,0.6617465099,4,3,48,27
1.0,240,0.0,153701.2,0.8046215441,1,2,22,2
94.0,221,33287.49,26324.1,0.0,3,4,39,19
24.98,360,68069.62,67226.81,0.0,5,2,9,1
3.0,218,33437.55,17724.5,0.9266659144,3,4,24,40
91.0,240,11106.05,11505.47,0.0,3,2,31,23
94.0,224,14413.61,18221.45,0.8574076157,3,2,36,40
24.98,120,176637.39,176935.98,0.0,5,2,41,4
76.0,108,0.0,11977.41,0.4178850848,2,2,76,32
0.0,300,50510.49,49292.56,0.0,4,2,18,3
70.0,204,66577.03,61560.57,0.0,4,3,17,6
24.98,240,18211.76,18657.35,0.9271943765,3,2,20,35
8.0,204,0.0,59259.63,1.0,4,3,72,1
1.0,300,0.0,65245.8,1.0,4,2,12,3
15.0,300,0.0,85880.39,1.0,4,2,11,4
24.98,240,38359.42,37631.5,0.0,4,2,25,3
1.0,240,10902.69,12108.62,0.0995926869,3,2,35,20
25.0,240,0.0,94965.18,1.0,4,2,35,1
94.0,204,38571.38,37971.88,0.0,4,3,35,4
2.0,240,0.0,72991.42,1.0,5,2,33,11
7.0,300,0.0,39018.15,1.0,4,2,18,1
0.0,240,123229.18,105954.25,0.0,5,2,30,22
0.0,60,7136.05,37461.46,0.80950956,5,2,32,22
0.0,240,0.0,21149.23,1.0,4,2,32,15
4.0,204,10461.89,10472.13,0.0,4,3,35,6
4.0,234,14892.43,14922.87,0.0020398221,3,2,67,13
24.98,180,66594.26,54379.17,0.0,5,2,24,16
1.0,120,32951.83,55916.58,0.5849262179,5,2,13,37
24.98,240,106166.73,100460.25,0.0,5,2,14,11
3.0,300,0.0,49149.49,1.0,5,2,25,2
1.0,240,10001.25,11866.44,0.9488456521,3,2,24,33
11.0,236,21262.15,9749.18,0.9715001672,3,2,28,40
1.0,240,26237.5,26401.0,1.0,3,4,25,34
0.0,240,0.0,65981.34,0.7374290658,5,2,37,18
2.0,300,0.0,92232.06,1.0,4,2,9,17
1.0,230,7788.13,8952.66,0.1300764242,3,2,45,22
24.98,300,0.0,70425.03,1.0,4,2,10,4
1.0,240,116567.08,112723.23,0.0,4,2,35,4
91.0,300,60049.3,60573.09,0.0086472392,4,2,16,2
61.0,300,0.0,88165.12,1.0,4,2,17,3
17.0,120,0.0,79310.59,0.0,5,2,9,24
3.0,218,33429.26,17724.5,0.9266659144,3,4,24,40
24.98,240,38463.39,38142.54,0.0,4,2,24,0
1.0,240,62237.01,51091.76,0.0,5,2,20,23
24.98,240,137286.44,105684.63,0.0,5,2,16,23
1.0,360,0.0,103442.99,1.0,5,2,12,8
24.98,300,0.0,92123.54,1.0,4,2,7,2
6.0,300,0.0,59183.04,1.0,4,2,16,1
24.98,218,14774.97,9484.36,0.9345996989,3,4,17,32
53.0,240,22808.01,23741.27,0.0,4,2,31,11
71.0,360,0.0,58795.94,1.0,5,2,11,2
95.0,240,0.0,101127.07,1.0,5,2,17,1
53.0,360,0.0,147729.53,1.0,5,2,29,1
96.0,360,32129.59,29464.41,0.0,5,2,33,7
0.0,240,0.0,223249.84,1.0,5,2,37,5
93.0,120,5219.76,25028.66,0.0,5,2,17,13
1.0,240,0.0,114733.73,1.0,5,2,41,13
76.0,236,13141.06,14197.38,0.9506366668,3,2,11,57
94.0,236,18333.82,17087.77,0.9305415511,3,2,24,41
24.98,240,73780.49,68637.76,0.0,5,2,13,6
28.0,240,0.0,52440.8,1.0,5,2,11,2
24.98,240,51090.0,49867.72,0.0,5,2,27,5
64.0,180,74973.21,72449.61,0.0,5,2,21,13
24.98,240,85134.04,82585.24,0.0,1,2,66,2
0.0,360,0.0,33792.72,0.7453534057,5,2,12,20
9.0,240,19221.72,19603.65,0.949516034,3,2,31,30
1.0,300,57592.17,53038.8,0.0,4,2,22,14
1.0,240,85877.37,82125.49,0.0,5,2,21,4
2.0,240,14466.15,14341.64,0.0,4,2,55,1
0.0,240,25641.48,27458.24,0.0661644738,4,2,25,10
9.0,300,0.0,88191.06,1.0,4,2,11,4
0.0,240,0.0,49748.09,1.0,4,2,44,7
24.98,180,92602.3,72191.25,0.0,5,2,11,21
10.0,232,15190.65,18060.11,0.9259323448,3,2,24,59
96.0,240,18876.48,23113.06,0.9119454542,3,4,19,36
3.0,360,96353.08,95004.6,0.0,5,2,20,1
1.0,240,0.0,25064.5,1.0,1,2,77,1
94.0,216,6164.89,8242.29,0.8874548214,3,4,14,61
1.0,144,0.0,33647.3,1.0,1,2,44,30
70.0,240,48232.08,47126.28,0.0,5,2,19,2
1.0,236,16843.74,24098.16,0.980540423,3,4,25,41
18.0,300,0.0,51251.66,1.0,4,2,11,5
44.0,239,23801.37,24236.66,0.0179599829,1,2,93,3
24.98,240,59636.15,58066.4,0.0,4,2,8,3
1.0,236,5206.45,5938.89,0.9686069282,3,4,27,55
24.98,300,38632.35,37111.16,0.0,5,2,8,4
1.0,222,11450.79,4285.36,0.9194863442,3,2,13,52
24.98,240,297861.38,246196.86,0.0,5,2,31,15
1.0,240,20396.96,22466.03,0.0920977137,3,2,43,15
5.0,240,123006.04,120506.61,0.0,5,2,36,2
26.0,300,62914.09,63834.34,0.0144162217,4,2,20,0
2.0,236,16072.78,19301.88,0.9109299198,3,2,14,65
89.0,240,11109.73,11478.92,0.0,3,2,31,23
30.0,240,0.0,18397.64,1.0,5,2,68,1
1.0,240,0.0,79093.04,1.0,5,2,54,9
40.0,240,19221.73,19904.65,0.9656271273,3,2,19,42
0.0,204,56825.49,69632.83,0.0,4,2,23,24
94.0,236,18396.86,17154.76,0.9256585344,3,2,24,41
8.0,240,0.0,84322.07,0.0,5,2,25,21
1.0,236,16936.36,19662.05,0.9635455103,3,2,14,49
2.0,240,0.0,96842.38,1.0,5,2,26,1
24.98,60,12593.58,17169.33,0.0,5,2,12,11
1.0,240,0.0,85288.12,1.0,5,2,8,5
24.98,240,132385.19,126891.93,0.0,5,2,14,4
2.0,240,148221.01,128631.32,0.0,5,2,25,20
24.98,230,20372.69,21994.16,0.9165960419,3,2,28,31
24.98,240,64457.8,56675.95,0.0,5,2,20,12
0.0,180,43955.08,21620.5,1.0,5,2,7,55
1.0,240,0.0,37987.09,1.0,4,2,20,21
24.98,240,226822.5,227560.37,0.0032425242,5,2,13,9
1.0,222,11956.52,5586.13,0.9099054265,3,2,20,50
24.98,360,131461.69,129598.18,0.0,5,2,7,2
4.0,240,10516.45,8969.29,0.0,3,4,35,18
2.0,300,94472.81,92158.05,0.0,4,2,13,4
3.0,360,47520.81,46588.79,0.0,5,2,20,4
1.0,228,13211.32,12046.7,0.9547112487,3,2,26,36
24.98,240,83711.26,75467.18,0.0,5,2,24,9
24.98,120,23911.17,22637.07,0.0,5,2,7,5
94.0,224,14940.65,17888.0,0.8882183587,3,2,17,55
2.0,240,0.0,78595.88,1.0,5,2,45,6
64.0,230,20374.99,21995.84,0.9257050424,3,2,28,31
24.98,240,139698.92,132914.41,0.0,5,2,19,21
2.0,300,57383.94,54993.78,0.0,4,2,21,7
1.0,240,0.0,17407.81,1.0,4,2,32,2
0.0,240,72020.02,62088.98,0.0,5,2,23,16
13.0,205,0.0,46669.91,1.0,5,2,74,1
24.98,240,215491.06,204737.65,0.0,5,2,15,4
4.0,240,0.0,121218.93,1.0,5,2,51,17
24.98,360,0.0,137135.1,1.0,5,2,9,1
44.0,240,47219.02,50888.9,0.0,5,2,23,9
2.0,240,70458.18,74906.24,0.0,5,2,27,12
0.0,300,59573.49,53655.77,0.0,4,2,20,21
94.0,300,22670.85,22288.65,0.0,4,2,29,4
18.0,360,0.0,95302.43,1.0,5,2,18,4
24.98,240,44366.55,30900.1,0.9213096902,5,2,11,28
93.0,240,102123.17,101780.05,0.0,5,2,19,1
44.0,240,11114.39,11474.81,0.0,3,2,31,24
8.0,240,140715.87,141563.02,0.0059842606,5,2,10,2
96.0,240,0.0,35867.76,1.0,4,2,19,5
24.98,240,34350.26,32480.74,0.0,4,2,33,6
24.98,240,20733.37,19581.9,0.0,4,2,9,10
56.0,300,0.0,40447.6,1.0,4,2,30,7
22.0,240,20650.3,20950.45,0.0,3,4,39,23
0.0,120,0.0,40637.82,1.0,5,2,14,6
1.0,360,98574.79,90085.84,0.0,5,2,22,10
1.0,180,48076.31,39052.93,0.0,5,2,31,17
65.0,180,119028.66,117435.63,0.0,5,2,43,1
96.0,240,41292.12,41150.76,0.0,5,2,37,1
4.0,300,61581.88,58478.07,0.0,4,2,15,8
18.0,360,108387.1,104984.45,0.0,5,2,31,3
0.0,240,162113.86,132585.87,0.0,5,2,16,17
24.98,240,42758.3,37076.23,0.0,4,2,20,19
94.0,240,15792.18,18375.94,0.9022362938,3,2,33,52
0.0,300,0.0,113818.11,1.0,5,2,10,9
1.0,234,14892.43,14710.55,0.0,3,2,61,19
24.98,240,29534.19,34322.42,0.0,1,2,34,6
94.0,240,2195.52,2042.45,0.0,5,2,35,3
32.0,236,21260.47,15623.78,0.0,3,2,58,10
96.0,300,0.0,59210.27,1.0,4,2,15,3
1.0,240,185837.6,144795.87,0.0,5,2,21,18
24.98,240,13342.68,13916.63,0.0,4,2,47,14
76.0,204,47092.23,46890.74,0.0,4,3,74,1
24.98,60,19405.02,46531.26,0.1572512755,1,2,41,6
49.0,300,0.0,62756.5,1.0,4,2,21,1
76.0,240,43977.21,48927.62,0.1011782302,4,2,29,11
24.98,239,46848.09,46282.11,0.0,1,2,32,1
1.0,360,0.0,145321.76,1.0,5,2,23,1
1.0,300,0.0,77527.85,1.0,4,2,15,6
1.0,240,46061.76,47521.9,0.7660842985,5,2,21,28
24.98,360,173989.16,159732.95,0.0,5,2,9,8
56.0,300,0.0,124637.53,1.0,5,2,36,5
17.0,300,0.0,64945.55,1.0,4,2,13,3
24.98,240,20709.34,19720.9,0.0,4,2,12,8
94.0,240,11051.22,11524.57,0.0,3,2,31,24
1.0,228,13215.56,12048.72,1.0,3,2,24,38
24.98,336,243490.69,217934.85,0.0,5,2,18,10
24.98,360,7827.7,18887.22,0.5855557356,5,2,18,2
2.0,240,42748.58,43911.33,0.0,5,2,29,1
56.0,300,0.0,29939.56,1.0,4,2,26,2
0.0,300,0.0,70860.22,1.0,4,2,21,2
47.0,360,0.0,103854.77,1.0,5,2,23,3
24.98,240,97158.9,96115.83,0.0,5,2,19,1
2.0,300,59721.29,63794.13,0.0638434916,4,2,14,9
1.0,360,91303.64,82113.23,0.0,5,2,16,10
1.0,230,22688.51,22915.36,0.999256394,3,4,23,52
1.0,240,10578.62,11895.18,0.1106801242,3,2,33,22
94.0,204,75306.16,74978.85,0.0,5,2,27,4
5.0,360,0.0,73400.07,1.0,5,2,18,3
0.0,240,71092.39,69482.27,0.0,5,2,15,5
24.98,234,11640.37,18107.54,0.8852378622,3,4,20,52
0.0,240,72672.72,57735.94,0.9060179015,5,2,14,32
6.0,240,0.0,66896.07,1.0,4,2,30,5
70.0,216,7499.32,11494.59,0.8819888313,3,4,28,43
31.0,230,8256.14,9618.56,0.8992052864,3,2,28,52
2.0,180,0.0,11136.71,1.0,4,2,47,4
24.98,271,0.0,51442.16,1.0,4,2,12,2
24.98,204,61776.08,69677.24,0.0,4,3,17,6
75.0,240,0.0,97238.58,1.0,5,2,68,6
54.0,144,0.0,31578.71,0.5606310852,5,2,38,9
8.0,225,11346.01,11569.04,0.0,3,2,46,22
2.0,360,0.0,94284.96,1.0,5,2,22,4
86.0,236,3544.9,5938.87,0.9685630431,3,4,27,55
13.0,228,12093.47,17564.74,0.8808539153,3,4,33,37
1.0,240,26234.42,26395.34,0.9976272327,3,4,28,31
24.98,232,16015.31,19116.57,0.9144689659,3,2,24,59
24.98,240,24849.44,23969.35,0.0,1,2,119,3
4.0,300,0.0,44828.33,1.0,4,2,17,12
1.0,240,19698.95,22182.54,0.942955135,3,2,18,39
1.0,240,26318.38,25956.21,0.966536717,3,4,18,46
1.0,204,94089.64,81893.94,0.0,5,2,55,11
1.0,240,0.0,85188.49,1.0,5,2,45,22
24.98,240,46260.49,58945.59,0.0666579583,4,2,43,10
2.0,300,0.0,45414.85,1.0,4,2,21,1
24.98,240,66068.95,60091.42,0.0,5,2,30,8
1.0,222,11450.79,4285.35,0.9204242361,3,2,13,52
37.0,300,0.0,74955.63,1.0,4,2,11,5
1.0,300,0.0,55647.13,1.0,4,2,21,7
85.0,300,40550.35,40788.18,0.0058308559,4,2,18,1
1.0,200,14237.05,10623.44,0.9689761509,3,4,21,58
68.0,218,33290.33,17827.17,0.9033570668,3,4,24,40
1.0,240,26316.66,26450.53,1.0,3,4,29,26
0.0,120,0.0,343613.26,1.0,5,2,31,16
56.0,300,0.0,53889.91,1.0,4,2,24,5
1.0,300,0.0,64565.17,1.0,4,2,20,0
1.0,240,22128.19,23106.17,0.0423254914,4,2,60,3
24.98,204,36452.37,36074.8,0.6930515061,1,2,21,49
24.98,360,0.0,137774.67,1.0,5,2,14,3
0.0,240,0.0,109713.9,0.817716404,4,2,13,4
1.0,300,0.0,47163.22,1.0,4,2,24,23
10.0,240,85067.79,82594.69,0.0,4,2,19,5
24.98,180,35786.36,43110.03,0.0,1,2,103,18
1.0,218,33907.65,17724.5,0.9266659144,3,4,24,40
1.0,240,169776.41,161997.85,0.0,5,2,24,4
56.0,360,0.0,253412.25,1.0,5,2,33,3
15.0,300,0.0,51892.22,1.0,5,2,31,4
9.0,240,63090.35,65242.09,0.0,5,2,21,21
4.0,300,0.0,54814.32,1.0,4,2,16,5
24.98,204,60149.94,557.84,0.0,5,2,22,4
1.0,240,0.0,41697.43,1.0,4,2,30,6
0.0,360,0.0,84240.05,1.0,5,2,20,13
9.0,300,0.0,50013.81,1.0,4,2,29,5
1.0,218,28572.15,16614.54,0.9464312584,3,2,29,46
56.0,240,23911.51,24162.78,0.0,4,2,27,0
93.0,240,24440.93,30172.18,0.7623166261,4,2,42,38
24.98,222,26708.71,4539.04,0.895881981,3,2,7,36
94.0,240,19808.6,10146.68,0.0,3,4,15,21
1.0,180,0.0,27205.82,0.8130756217,4,2,11,33
24.98,180,40393.13,38476.24,0.0,1,2,72,4
2.0,228,13215.56,13294.35,0.0059265778,3,2,59,3
4.0,236,14126.25,14284.62,0.976188376,3,2,24,59
24.98,222,11455.64,4282.76,0.9201659677,3,2,12,53
26.0,240,8286.19,9946.37,0.8684887049,3,2,29,35
2.0,216,17895.16,16369.29,0.9416792054,3,4,26,29
13.0,300,0.0,36494.54,1.0,4,2,16,1
93.0,180,45409.11,56985.26,0.6977137191,4,3,34,40
26.0,236,21260.47,15626.78,0.0,3,2,58,10
0.0,180,235557.72,208402.95,0.0,5,2,55,10
22.0,240,0.0,77321.01,1.0,4,2,19,2
2.0,360,0.0,157015.61,1.0,5,2,19,1
64.0,348,0.0,90691.99,1.0,5,2,19,6
8.0,216,17895.17,16306.84,0.9544798379,3,4,26,29
1.0,72,53687.06,39680.39,0.0,1,2,20,11
8.0,236,16108.83,19293.15,0.9110430386,3,2,16,63
44.0,240,124418.03,124094.54,0.0,4,2,21,1
1.0,220,12526.68,11441.53,0.9298293148,3,4,18,61
24.98,232,15428.91,12542.19,0.9773452643,3,2,28,32
11.0,240,0.0,71313.46,1.0,5,2,61,1
3.0,240,84572.43,100143.67,0.7757290768,5,2,29,25
12.0,360,120336.17,116536.37,0.0,5,2,8,4
89.0,72,0.0,1798.82,0.5316136458,4,1,13,59
1.0,300,35412.31,33124.92,0.0,4,2,19,12
28.0,360,0.0,94604.97,1.0,5,2,14,3
18.0,360,103013.26,94416.64,0.0,5,2,14,8
24.98,240,131426.9,119841.04,0.0,5,2,14,7
24.98,120,16770.84,15579.87,0.0,1,2,71,4
24.98,240,96249.78,80907.92,0.0,5,2,32,21
1.0,300,0.0,32680.29,1.0,4,2,28,6
0.0,300,0.0,35885.0,1.0,4,2,12,13
9.0,360,193309.95,180834.5,0.0,5,2,10,7
5.0,240,0.0,63127.52,1.0,4,2,49,1
17.0,240,0.0,31155.6,1.0,4,2,62,2
70.0,240,64090.4,68616.55,0.0,1,2,41,4
56.0,240,79176.98,82134.5,0.0,5,2,23,1
24.98,240,62172.56,72511.46,0.0559728693,5,2,22,13
23.0,218,33472.69,17827.17,0.9033570668,3,4,24,40
83.0,240,48027.95,50175.92,0.0,5,2,35,1
22.0,180,0.0,53470.38,1.0,5,2,75,2
0.0,204,64640.48,64426.23,0.0,4,3,17,1
3.0,360,119011.4,131451.3,0.0946350474,5,2,20,11
76.0,300,0.0,85110.95,0.7145956546,4,2,14,11
0.0,300,0.0,63167.71,1.0,4,2,16,2
23.0,240,0.0,176581.04,0.6811463355,5,2,17,1
24.98,240,36898.39,41554.76,0.0,5,2,16,11
1.0,203,0.0,66545.54,0.7951722546,4,3,40,26
2.0,240,19221.73,19745.81,0.9420910056,3,2,27,34
24.98,240,64331.62,74361.18,0.0,4,2,50,10
24.98,228,27690.41,25959.85,0.0,3,4,41,18
1.0,228,24146.32,13542.0,0.8921407473,3,4,14,60
0.0,240,0.0,112949.2,1.0,5,2,18,16
1.0,222,11444.87,4339.82,0.8834882553,3,2,12,53
96.0,228,23818.19,56193.71,0.7741117544,4,2,23,38
0.0,180,70948.38,72674.04,0.0237452053,5,2,60,3
77.0,240,0.0,114296.74,1.0,5,2,16,1
0.0,204,0.0,171310.0,1.0,5,2,15,5
24.98,300,0.0,71868.67,1.0,4,2,8,4
24.98,240,31369.62,32306.15,0.0289892172,4,2,35,4
0.0,236,21056.83,19302.92,0.9493169945,3,2,16,55
37.0,236,18498.99,17154.76,0.9386695005,3,2,24,41
80.0,240,43940.77,48754.77,0.0,4,2,48,12
53.0,240,80339.72,82818.19,0.0,5,2,14,1
24.98,180,1362.85,33953.6,0.6014515841,1,2,35,39
3.0,240,0.0,122456.17,1.0,4,2,25,1
96.0,240,149047.22,157925.92,0.0,5,2,23,1
93.0,200,9215.66,10676.54,0.8764852658,3,4,21,58
8.0,240,0.0,117785.9,0.7261723211,5,2,15,24
14.0,216,17895.14,16442.41,0.9388277023,3,4,26,29
24.98,240,53424.33,59842.94,0.107257598,5,2,56,5
79.0,240,100434.45,103100.75,0.0,5,2,20,16
24.98,360,56435.81,55477.24,0.0,5,2,9,2
94.0,240,12509.09,15023.76,0.9415918518,3,2,23,37
67.0,231,7815.7,9078.39,0.0,3,2,56,22
1.0,360,0.0,148121.3,0.0,5,2,14,17
94.0,360,114188.78,109139.04,0.0,5,2,15,5
24.98,330,217310.37,213838.33,0.0,5,2,7,1
2.0,360,0.0,117550.04,1.0,5,2,18,11
1.0,240,0.0,90284.71,1.0,4,2,36,5
0.0,300,92175.89,90215.85,0.0,4,2,19,4
4.0,240,0.0,33573.27,1.0,4,2,38,2
2.0,300,0.0,22411.18,1.0,4,2,8,12
1.0,360,0.0,261865.3,1.0,5,2,21,9
19.0,240,0.0,71283.67,1.0,4,2,24,2
1.0,230,20374.99,21995.84,0.9526164948,3,2,28,31
4.0,240,0.0,116115.0,1.0,5,2,36,6
4.0,240,10220.42,12002.71,0.9014339262,3,2,21,33
91.0,240,28561.87,15915.46,0.9613878581,3,2,35,28
9.0,324,0.0,193567.65,1.0,5,2,23,3
94.0,236,18396.86,17154.71,0.9265775988,3,2,24,41
24.98,234,17161.93,19214.5,0.0930979208,3,2,37,21
18.0,230,8256.85,9612.49,0.9064467167,3,2,28,52
11.0,360,0.0,126208.24,0.8146684615,5,2,10,8
56.0,240,19103.13,14495.09,0.8691363765,3,4,20,37
2.0,240,122934.49,119206.25,0.0,5,2,39,3
13.0,240,33415.7,34305.86,0.0259477535,5,2,44,1
4.0,236,21223.83,11015.23,0.0,3,2,55,13
1.0,300,16305.34,16820.52,0.0,4,2,17,17
96.0,240,89810.89,93050.19,0.0,5,2,17,1
24.98,240,26236.33,26360.71,1.0,3,4,30,29
24.98,240,35278.77,35575.04,0.00832803,3,4,39,1
1.0,180,0.0,176160.52,0.8623442073,5,2,15,3
1.0,240,0.0,70841.26,1.0,5,2,24,8
24.0,360,0.0,144159.76,1.0,4,2,24,3
56.0,360,133254.61,125800.95,0.0,5,2,17,6
24.98,360,187284.95,160794.38,0.0,5,2,22,12
9.0,300,0.0,74296.83,1.0,5,2,32,2
2.0,240,96136.38,76509.78,0.0,5,2,45,21
24.98,300,0.0,59329.85,1.0,4,2,14,2
1.0,285,0.0,74535.75,0.0,4,2,13,11
70.0,200,8870.19,10623.44,0.962171387,3,4,21,58
1.0,300,0.0,57816.53,1.0,4,2,36,2
24.98,300,58653.89,56669.53,0.0,4,2,10,3
96.0,300,0.0,47165.96,1.0,4,2,29,2
1.0,234,14892.43,14557.82,0.9604089074,3,2,32,48
17.0,300,0.0,36254.41,1.0,4,2,46,3
46.0,300,0.0,54187.96,1.0,4,2,32,3
64.0,240,143176.85,142805.54,0.6925209599,1,2,43,30
24.98,360,0.0,219070.82,1.0,5,2,9,2
74.0,236,3705.38,5762.5,0.8113232104,3,4,40,38
1.0,240,0.0,43943.65,0.7728937688,4,2,13,2
24.98,240,21843.93,27471.25,0.2048439732,3,4,39,18
0.0,300,69882.47,62222.33,0.0,4,2,8,22
24.98,60,2427.07,2249.2,0.0,1,2,66,24
3.0,360,0.0,92156.61,1.0,5,2,18,1
94.0,239,53610.86,53201.76,0.0,5,2,35,1
0.0,118,0.0,57496.89,0.8002311194,5,2,12,2
8.0,240,19221.72,19951.55,0.9593605509,3,2,19,42
0.0,300,0.0,64467.89,1.0,4,2,15,12
24.98,360,121059.94,115742.09,0.0,5,2,11,14
45.0,180,53074.02,58928.02,0.0,5,2,32,10
4.0,300,0.0,68445.02,1.0,4,2,7,15
56.0,240,26074.2,30861.39,0.7496373851,5,2,30,34
1.0,240,10526.92,11869.39,0.1131035378,3,2,32,22
2.0,230,20374.99,22014.32,0.9141372525,3,2,28,31
1.0,240,0.0,99736.97,1.0,5,2,36,3
1.0,200,11346.7,10623.44,0.8617236978,3,4,21,58
38.0,234,9793.28,12213.78,0.9006466467,3,2,35,46
9.0,180,91665.26,94472.31,0.0297129392,5,2,21,0
0.0,360,349950.6,343790.14,0.0,5,2,12,1
4.0,240,10578.62,11535.9,0.0829826888,3,2,46,9
0.0,240,0.0,46161.97,0.9623592656,4,2,13,33
24.98,240,41813.77,47211.03,0.0,5,2,28,11
1.0,180,0.0,54909.08,1.0,5,2,16,1
1.0,240,26319.94,25945.64,0.977595465,3,4,18,43
24.98,240,140138.21,130182.0,0.0,5,2,9,5
0.0,300,52823.12,51687.97,0.0,4,2,17,2
8.0,216,7892.1,8978.6,0.121009957,3,4,32,21
94.0,240,19695.8,23953.48,0.87856921,3,2,20,39
1.0,222,12698.85,7672.63,1.0,3,2,39,30
13.0,230,7419.46,11425.6,0.9134855062,3,4,19,61
24.98,240,26059.79,44225.41,0.0705324101,5,2,30,24
70.0,240,10526.92,11087.79,0.0505844717,3,2,51,3
33.0,300,172808.96,147564.6,0.0,5,2,24,21
7.0,360,305152.89,300139.56,1.0,5,2,15,27
1.0,300,95063.12,88680.66,0.0,4,2,10,11
1.0,240,0.0,19990.18,0.7499501821,4,2,48,22
14.0,240,19710.24,22059.67,0.0,3,2,38,19
24.98,204,12698.28,12053.71,0.0,4,3,25,6
94.0,204,76303.29,76625.18,0.0,4,3,51,1
94.0,180,32998.99,41721.75,0.0,5,2,33,18
81.0,300,0.0,65929.34,1.0,4,2,16,7
0.0,224,14961.61,17840.36,0.9036034026,3,2,17,55
7.0,240,0.0,106813.35,1.0,5,2,8,8
24.98,240,51281.43,50765.8,0.0,4,2,19,1
2.0,230,12068.58,13832.76,0.9353578028,3,4,33,29
1.0,204,0.0,45434.09,0.8095992004,4,3,22,1
31.0,300,0.0,59973.04,1.0,4,2,10,5
24.98,180,34147.62,37967.48,0.0,5,2,11,10
94.0,120,13031.77,48307.39,0.6310354659,5,2,37,40
1.0,222,7641.54,5537.82,0.9282732194,3,2,17,55
0.0,240,12326.23,14896.87,1.0,5,2,40,38
24.98,240,35271.25,35593.33,0.0090488864,3,4,39,1
24.98,218,14774.85,9498.82,0.9240337221,3,4,17,32
24.98,180,39884.9,56234.95,0.9896511603,5,2,24,37
24.98,240,42299.5,51505.85,0.0,1,2,45,10
11.0,240,56903.15,58350.5,0.0,5,2,46,21
7.0,240,59990.62,60856.76,0.014232437,5,2,28,1
94.0,230,8260.33,9612.49,0.9015738898,3,2,28,52
40.0,240,19221.65,19904.65,0.967972308,3,2,19,42
0.0,240,0.0,113898.65,0.7639436112,5,2,8,1
24.98,345,163322.27,154363.66,0.0,5,2,12,5
1.0,360,151686.68,146543.07,0.0,5,2,17,3
70.0,300,0.0,77501.26,1.0,4,2,13,4
4.0,240,10516.45,8973.18,0.0,3,4,35,18
1.0,240,36976.42,36828.24,0.0,4,2,50,5
22.0,240,8285.48,8519.76,0.0274984272,3,2,60,4
5.0,119,0.0,80753.37,1.0,5,2,10,2
1.0,228,16287.92,18749.69,0.9441862772,3,4,38,33
24.98,240,107649.99,96302.48,0.0,5,2,9,11
24.98,120,89506.29,79380.13,0.0,5,2,11,14
24.98,25,0.0,5325.0,0.0491260424,1,2,80,10
24.98,240,92488.19,77726.97,0.0,5,2,13,17
1.0,240,10481.31,11494.78,0.0881678466,3,2,38,15
1.0,240,60950.68,68716.65,0.1130143859,5,2,30,9
24.98,300,0.0,73490.42,1.0,4,2,14,5
1.0,300,0.0,73915.44,1.0,4,2,14,9
1.0,300,0.0,65726.31,1.0,4,2,12,0
20.0,300,0.0,48854.84,1.0,4,2,17,2
90.0,221,24874.55,20171.85,0.9105287814,3,4,31,33
1.0,218,28572.13,16627.11,0.9480216345,3,2,29,46
94.0,180,17467.12,17200.43,0.0,5,2,11,2
1.0,240,16172.04,16034.47,0.0,5,2,11,10
5.0,240,0.0,72833.47,1.0,4,2,15,12
4.0,240,0.0,83871.79,1.0,4,2,18,3
24.98,240,95146.21,88794.15,0.0,5,2,23,11
26.0,360,48094.06,53100.31,0.0,5,2,27,17
24.98,300,0.0,82821.07,1.0,4,2,12,2
24.98,240,77726.38,64917.22,0.0,4,2,20,19
64.0,240,0.0,45965.74,0.7955001464,4,2,14,29
41.0,218,27251.95,17827.17,0.9033570668,3,4,24,26
45.0,230,20374.99,22123.54,0.9136494431,3,2,28,31
11.0,300,52944.03,52494.99,0.0,4,2,21,2
64.0,240,66694.61,77114.68,0.7308229223,4,2,14,37
3.0,218,32451.18,15792.89,0.891283356,3,4,22,43
77.0,300,0.0,229357.72,1.0,5,2,30,4
9.0,240,130364.46,128287.45,0.0,5,2,9,5
1.0,60,11156.87,22297.24,0.2586412388,5,2,15,45
24.98,240,5759.47,5473.44,0.0,1,2,48,3
24.98,240,94553.4,93114.31,0.0,5,2,36,2
1.0,231,7806.12,9568.15,0.9402528179,3,2,49,29
81.0,240,11058.19,11474.82,0.0,3,2,31,24
10.0,240,0.0,112805.5,1.0,5,2,38,1
52.0,240,8810.94,11846.44,0.8571655282,3,4,30,30
94.0,236,18396.86,17154.76,0.9296877368,3,2,24,41
94.0,230,20372.43,22011.42,0.9066716277,3,2,28,31
38.0,240,22776.49,23298.16,0.0,4,2,14,10
1.0,222,12337.37,4880.64,0.9717619001,3,2,27,40
24.98,204,40384.72,36945.52,0.0,5,2,20,7
17.0,240,19691.13,24080.7,0.9138064923,3,2,18,41
0.0,240,46267.86,118473.93,0.6196527484,5,2,14,33
1.0,240,0.0,121360.32,1.0,5,2,55,2
94.0,236,18395.41,17164.45,0.9268488067,3,2,24,41
63.0,120,89282.83,89414.27,0.0014700114,5,2,51,1
24.98,360,210962.0,181093.56,0.0,5,2,7,14
1.0,204,11513.01,10931.57,0.0,4,3,63,6
2.0,180,330.55,26575.39,0.599407645,1,2,75,34
1.0,240,10220.42,12020.76,0.933350304,3,2,20,34
24.98,240,54158.31,50898.87,0.0,4,2,29,8
2.0,300,0.0,51100.9,1.0,4,2,22,6
4.0,230,13653.02,15975.47,0.941510328,3,2,23,53
1.0,240,0.0,13925.61,1.0,4,2,64,1
4.0,84,25834.69,26160.83,0.0,5,2,42,4
41.0,238,102981.85,103060.97,0.0007677009,5,2,26,2
1.0,360,0.0,182020.96,0.7376725663,5,2,8,2
2.0,300,76441.93,74099.66,0.0,4,2,22,6
1.0,240,0.0,30583.25,0.712393084,4,2,43,22
1.0,234,21346.21,15226.52,0.9778491737,3,2,18,40
95.0,300,0.0,80234.24,1.0,4,2,25,5
90.0,240,77728.25,76250.96,0.0,5,2,14,5
24.98,84,75922.02,80526.67,0.5314286112,5,2,16,27
93.0,228,15341.84,16458.27,0.0678339826,3,2,74,3
1.0,236,21262.15,9851.59,0.98396604,3,2,28,40
1.0,240,20396.97,23175.45,0.1198889342,3,2,34,24
76.0,228,15239.08,19188.51,0.8844094721,3,2,30,47
9.0,240,0.0,38396.57,1.0,5,2,22,8
5.0,216,44047.18,42813.81,0.0,4,2,46,5
1.0,360,127621.84,140145.37,0.0893609971,5,2,15,3
0.0,320,61432.31,51361.72,0.0,5,2,16,15
32.0,240,0.0,13252.0,1.0,4,2,57,3
7.0,240,342508.6,352017.12,0.0,5,2,16,21
1.0,225,11346.01,11576.39,0.0,3,2,46,22
25.0,240,42066.44,40981.89,0.0,4,2,17,5
93.0,300,0.0,54809.49,1.0,4,2,21,2
1.0,240,94134.08,93073.85,0.0,5,2,35,3
4.0,240,11722.68,11756.82,0.0,4,2,53,2
3.0,240,35661.56,57070.22,0.6545431754,1,2,79,55
24.98,226,11752.53,13329.06,0.0,4,2,44,16
24.98,240,26316.65,26539.98,0.0084148519,3,4,40,15
24.98,240,58133.23,56118.57,0.0,4,2,27,6
24.98,240,96841.86,108919.56,0.0194373519,5,2,14,7
1.0,228,16095.37,17626.07,0.0,3,2,55,16
13.0,240,86832.12,87043.46,0.0,5,2,28,2
1.0,222,11454.57,4290.48,0.9155782104,3,2,12,53
2.0,240,32983.08,31883.51,0.0,4,2,48,8
1.0,240,5658.98,5792.83,0.8556800388,4,2,35,51
95.0,204,3325.58,12928.76,0.7652984958,4,3,29,59
1.0,236,16108.82,19293.15,0.9531097825,3,2,16,63
17.0,240,45973.83,42279.21,0.0,5,2,18,7
0.0,240,0.0,152375.97,1.0,5,2,30,17
13.0,300,0.0,49067.91,1.0,4,2,32,1
1.0,236,18051.03,19816.17,0.0890757397,3,2,28,13
1.0,358,92954.64,97437.72,0.0460096973,5,2,23,2
1.0,300,0.0,65687.69,1.0,4,2,7,24
24.98,240,35223.19,35565.43,0.0096228276,3,4,39,1
0.0,360,123771.31,122279.63,0.0,5,2,19,2
26.0,224,14435.18,16663.37,0.1337178494,3,2,55,21
1.0,236,9488.12,9681.0,0.9548590022,3,2,25,61
4.0,300,0.0,28160.55,0.8047658924,4,2,13,12
58.0,240,41835.69,42550.89,0.0,5,2,41,2
0.0,262,65262.95,63851.99,0.0,4,2,19,4
24.98,180,30608.22,30376.89,0.0,5,2,53,1
8.0,204,0.0,47965.72,0.7324163323,4,3,36,3
1.0,120,0.0,40502.39,1.0,1,2,12,12
96.0,240,165368.87,149507.45,0.0,5,2,19,12
94.0,240,11106.06,11469.97,0.9257766149,3,2,25,29
2.0,300,103301.92,100985.95,0.0,5,2,26,2
90.0,240,0.0,55653.0,0.6773682844,5,2,34,23
24.98,240,98156.28,97501.2,0.0,5,2,41,1
1.0,240,0.0,167953.03,0.0,5,2,44,17
4.0,240,0.0,18139.86,1.0,4,2,42,5
1.0,240,63538.17,69394.03,0.0843856453,5,2,55,6
53.0,360,127345.67,124436.68,0.0,5,2,16,4
16.0,300,0.0,134269.46,1.0,5,2,9,0
10.0,240,0.0,141776.66,1.0,5,2,35,8
1.0,240,32648.61,41658.43,0.8242728571,4,2,34,38
0.0,300,0.0,159089.93,1.0,5,2,8,1
1.0,228,0.0,29513.61,1.0,4,2,26,14
0.0,240,0.0,93135.5,1.0,4,2,42,11
0.0,300,64879.54,58144.07,0.0,4,2,13,17
5.0,360,0.0,170586.55,1.0,5,2,36,5
24.98,236,10040.16,7447.11,0.9737549197,3,2,15,29
24.98,240,67834.6,69446.96,0.0,1,2,19,21
9.0,240,185262.43,211872.14,0.1255932469,5,2,27,9
24.98,300,80587.32,76870.61,0.0,4,2,8,8
25.0,240,0.0,37672.36,1.0,5,2,57,8
77.0,240,27302.71,22690.25,0.0,5,2,7,3
1.0,300,78680.1,63425.38,0.9447884557,4,2,11,35
24.98,200,180991.48,171728.79,0.0,5,2,20,4
24.98,218,14775.47,9553.71,0.9162388224,3,4,17,32
24.98,300,0.0,86937.47,1.0,4,2,7,4
76.0,236,5122.54,6140.42,0.8784138544,3,4,45,37
8.0,240,70686.8,79421.82,0.1099826219,5,2,13,7
8.0,240,0.0,59664.64,0.8476974383,4,2,23,8
11.0,240,29269.25,29731.18,0.0,5,2,12,1
24.98,240,90890.68,109556.3,0.7166586806,5,2,15,27
70.0,204,0.0,8848.64,0.749100692,4,3,21,48
76.0,240,56575.43,55130.71,0.0,5,2,41,9
71.0,360,0.0,121318.87,1.0,5,2,15,2
24.98,240,102915.5,64582.81,1.0,4,2,19,49
1.0,204,0.0,12092.8,0.8208996338,4,3,44,8
2.0,230,20374.99,21995.84,0.9173211844,3,2,28,31
24.98,240,21482.08,23624.52,0.0,4,2,47,6
19.0,119,54629.64,53359.3,0.0,5,2,15,1
17.0,120,9380.7,18235.16,0.0452642615,5,2,18,23
26.0,300,107215.15,116351.78,0.0785259151,5,2,12,2
24.98,240,33650.59,37887.94,0.6771906356,1,2,24,26
90.0,236,3554.32,5661.25,0.8850342239,3,4,18,64
11.0,300,0.0,65911.7,1.0,4,2,23,3
24.98,240,25614.36,25736.87,0.0047600971,1,2,107,0
1.0,204,0.0,54240.01,0.9896435502,4,3,47,33
4.0,300,0.0,73166.32,1.0,4,2,19,7
0.0,120,0.0,51713.24,1.0,5,2,8,31
2.0,300,0.0,62518.2,1.0,4,2,16,3
4.0,224,15053.74,17840.36,0.8924236955,3,2,17,55
24.98,300,0.0,80341.5,1.0,4,2,12,0
24.98,236,10032.93,8883.41,0.0,3,2,24,20
24.98,240,72273.34,68493.5,0.0,5,2,14,23
11.0,360,0.0,80871.21,1.0,5,2,27,6
94.0,225,19560.93,14928.19,0.9024020997,3,4,22,26
16.0,240,0.0,50142.15,0.6910807871,5,2,36,2
76.0,240,0.0,26513.82,1.0,4,2,26,2
94.0,240,22021.58,70423.19,0.7840777862,4,2,14,67
1.0,234,21334.98,15473.99,0.9387520607,3,2,18,40
94.0,240,18874.27,23009.1,0.902676767,3,4,21,34
3.0,236,14260.36,14469.33,0.9670627458,3,2,38,45
27.0,240,28561.87,4353.94,0.9298336679,3,2,9,54
46.0,180,0.0,99020.05,1.0,5,2,28,5
0.0,240,147850.02,112537.88,0.0,5,2,23,23
0.0,240,57043.02,56766.24,0.0,5,2,23,5
1.0,240,0.0,73659.9,0.7298786903,5,2,11,8
1.0,240,0.0,51990.13,0.6902948149,5,2,35,2
27.0,240,28561.99,27484.93,0.0,3,2,55,8
1.0,240,65927.05,63259.36,0.0,5,2,38,4
0.0,300,0.0,79677.06,1.0,4,2,10,8
94.0,232,16094.43,19104.64,0.9199791255,3,2,24,59
94.0,180,46602.75,45721.58,0.0,1,2,15,5
24.98,240,43713.58,58054.49,0.0,5,2,23,13
1.0,228,13214.58,12066.14,0.0,3,2,42,20
53.0,300,0.0,140192.4,1.0,5,2,24,4
1.0,300,62996.71,62957.76,0.0,4,2,8,5
24.98,300,0.0,88971.66,1.0,4,2,13,1
5.0,144,0.0,152265.28,1.0,5,2,18,3
24.98,300,0.0,78846.01,1.0,4,2,10,2
0.0,240,125094.62,88256.24,0.7825540587,5,2,16,43
24.98,240,209769.2,205008.37,0.0,5,2,21,2
0.0,240,143901.19,146746.53,0.0,5,2,15,2
9.0,60,7121.99,27447.43,0.7405225189,1,2,36,10
24.0,240,148104.76,165720.42,0.0,5,2,23,17
24.98,240,37918.45,37612.93,0.0,4,2,25,1
1.0,222,11446.87,4285.37,0.9170246676,3,2,13,52
1.0,229,16275.16,19497.3,0.9678263144,3,2,23,60
93.0,204,15077.71,15313.96,0.0,4,3,33,1
96.0,232,15242.71,18114.03,0.9072083904,3,2,24,59
24.98,240,64824.12,63034.09,0.0,5,2,11,2
90.0,300,55074.26,56768.59,0.0298462583,4,2,22,6
1.0,240,26237.49,25271.23,0.9877623685,3,4,13,45
1.0,236,21262.15,10939.79,0.0,3,2,51,17
1.0,218,32926.56,15675.62,0.9217109116,3,4,22,43
1.0,236,18396.88,17154.71,0.9454831938,3,2,24,41
2.0,240,0.0,104566.34,0.6828359446,5,2,15,1
24.98,360,0.0,161041.63,1.0,5,2,8,2
24.98,240,26319.93,25939.88,0.97793282,3,4,18,43
2.0,300,88741.97,91824.96,0.0,5,2,14,16
24.98,240,97962.41,98235.26,0.0,5,2,14,10
4.0,240,0.0,72226.41,0.7030912607,5,2,31,10
44.0,236,3532.44,4624.84,0.2362027659,3,4,81,1
3.0,240,62865.42,58309.98,0.0,5,2,40,6
24.98,240,25708.5,24105.43,0.0,4,2,25,6
26.0,240,21307.24,22901.56,0.0,5,2,48,13
1.0,240,20636.16,23272.36,0.9733924707,3,2,16,40
0.0,300,0.0,141423.45,1.0,5,2,11,11
94.0,218,28572.13,20856.04,0.9564509849,3,2,42,33
7.0,204,26715.86,28341.97,0.0,1,2,37,3
24.98,200,56807.53,55222.44,0.0,5,2,7,3
1.0,240,0.0,70838.74,0.7231048631,5,2,25,16
2.0,360,0.0,123381.52,1.0,5,2,17,2
4.0,240,10516.0,8985.85,0.0,3,4,35,18
56.0,239,0.0,52966.98,1.0,1,2,80,2
5.0,360,0.0,70996.98,0.7932843431,5,2,7,1
89.0,108,0.0,22713.27,0.2522554188,2,2,77,31
94.0,204,11372.18,11439.18,0.0,4,3,50,4
77.0,300,0.0,52816.94,1.0,4,2,29,2
24.98,180,99807.61,110821.46,0.0062270502,5,2,40,2
1.0,360,0.0,71814.34,1.0,5,2,16,9
24.98,240,121036.58,108049.99,0.0,1,2,20,8
30.0,120,45486.2,55714.9,0.0,5,2,48,23
24.98,240,108366.37,98590.25,0.0,5,2,7,8
9.0,240,27993.59,29035.7,0.0,4,2,22,2
24.98,240,4144.18,4111.93,0.0,4,2,10,1
65.0,240,35528.98,34879.97,0.0,3,4,46,9
58.0,240,0.0,99944.29,1.0,5,2,24,1
0.0,240,35521.06,34212.87,0.0,4,2,47,4
3.0,300,0.0,63421.41,1.0,4,2,24,5
8.0,240,133945.59,121444.98,0.0,5,2,23,20
5.0,222,13116.06,7179.86,0.9039883786,3,2,41,30
24.98,240,35394.12,35582.1,0.0052829934,3,4,39,1
40.0,240,0.0,52655.68,0.8237641129,4,2,21,3
1.0,300,68155.13,72082.94,0.0,4,2,10,16
52.0,240,10527.26,11834.0,0.1104225114,3,2,33,21
1.0,240,205344.68,208003.75,0.0127837599,5,2,25,2
90.0,200,9228.82,10623.44,0.8858100578,3,4,21,58
1.0,360,100553.78,97848.84,0.0,5,2,20,3
1.0,222,11449.99,4293.09,0.9108264676,3,2,13,52
1.0,218,28572.13,20756.58,0.9809925335,3,2,42,33
5.0,180,0.0,43090.57,1.0,4,3,84,2
9.0,300,0.0,58853.76,1.0,4,2,23,6
1.0,360,0.0,113692.2,1.0,5,2,11,10
85.0,360,263767.15,253546.77,0.0,5,2,32,3
24.98,300,0.0,70578.24,1.0,4,2,12,1
1.0,216,18656.79,18858.4,1.0,3,4,16,36
5.0,240,0.0,31308.39,1.0,4,2,77,1
24.98,232,304608.64,266964.95,0.0,5,2,10,10
94.0,228,6056.69,9022.92,0.8860834408,3,4,24,46
1.0,240,0.0,73817.25,0.7362457821,5,2,21,15
86.0,240,45505.77,44537.41,0.0,4,2,10,22
0.0,300,0.0,44173.43,1.0,4,2,22,10
94.0,180,12853.76,18053.63,0.6773701781,5,2,16,38
13.0,240,42560.1,42341.59,0.0,4,2,30,7
1.0,360,86862.35,86870.3,0.0,5,2,16,2
1.0,240,0.0,46840.83,1.0,4,2,7,6
24.98,240,57470.0,56287.59,0.0,5,2,26,2
24.98,258,39368.79,43074.94,0.0860395859,5,2,11,2
71.0,300,0.0,58073.31,1.0,4,2,22,0
4.0,234,13502.95,14178.79,0.9497326641,3,2,14,60
14.0,120,0.0,30087.28,1.0,5,2,63,2
0.0,360,161355.78,159244.53,0.0,5,2,7,1
91.0,240,11056.78,11484.87,0.0,3,2,31,24
96.0,216,8328.91,10623.26,0.8788319217,3,4,17,47
1.0,360,102032.2,91083.89,0.0,5,2,7,12
1.0,240,26318.38,26588.59,0.0,3,4,50,14
1.0,300,49085.28,47125.12,0.0,4,2,16,7
13.0,232,15428.34,12512.16,0.9764253334,3,2,28,32
94.0,240,17379.62,19319.37,0.0,3,2,41,20
1.0,300,43282.05,40789.34,0.0,4,2,9,9
10.0,233,18084.0,22347.82,0.1907935539,3,4,52,8
96.0,240,51831.39,51772.88,0.0,5,2,45,1
2.0,240,46151.99,44344.96,0.0,4,2,44,11
24.98,180,79330.48,81369.76,0.0,5,2,19,9
94.0,144,2261.75,4330.19,0.0,3,4,58,20
24.98,300,0.0,90815.28,1.0,4,2,13,2
24.98,240,35528.98,35006.6,0.0,3,4,41,14
77.0,360,0.0,234673.73,1.0,5,2,20,2
1.0,300,0.0,60164.68,1.0,4,2,10,2
4.0,360,0.0,89044.07,1.0,5,2,16,1
24.98,222,26709.5,6207.06,0.9442586345,3,2,16,27
1.0,240,9112.57,8108.32,1.0,3,4,19,34
7.0,300,99087.82,89596.08,0.0,4,2,16,12
0.0,240,187920.87,135829.07,1.0,5,2,11,27
92.0,300,79915.25,80901.04,0.0121851338,4,2,15,2
1.0,240,10532.35,11852.33,1.0,3,2,31,25
94.0,216,9822.82,13760.79,0.8798164931,3,4,13,42
0.0,300,59205.52,54871.67,0.0,4,2,9,11
4.0,240,0.0,111582.16,1.0,5,2,39,1
47.0,240,0.0,141994.44,1.0,5,2,15,6
83.0,360,19666.24,19441.93,0.0,5,2,17,1
89.0,300,0.0,49968.37,1.0,4,2,20,5
94.0,230,20375.0,21995.84,0.9083808575,3,2,28,31
24.98,240,38261.86,43775.09,0.0,1,2,48,9
0.0,240,0.0,60284.83,0.8992539343,5,2,27,2
1.0,240,0.0,159757.94,0.7119709849,5,2,29,35
1.0,240,0.0,17142.55,1.0,4,2,34,18
53.0,360,0.0,140821.82,1.0,5,2,15,1
1.0,222,7640.47,5546.63,0.9233354307,3,2,17,55
24.98,180,53753.35,69586.98,0.6716153571,5,2,21,30
35.0,360,0.0,81893.13,1.0,5,2,17,6
1.0,300,0.0,66844.56,1.0,4,2,23,5
1.0,240,226648.44,234505.76,0.0335058721,5,2,31,1
24.98,120,68961.18,86063.49,0.0,5,2,8,10
24.98,144,13124.58,29906.92,0.2145449444,1,2,110,15
2.0,360,0.0,374339.28,1.0,5,2,11,5
68.0,218,32616.81,15691.5,0.9175419813,3,4,22,43
2.0,240,24345.1,29599.62,0.784875469,4,2,21,39
24.98,240,31374.6,40023.75,0.7058362561,1,2,90,37
1.0,234,14892.43,14480.29,0.9885886263,3,2,46,34
64.0,230,11486.58,13829.19,0.9271157602,3,4,33,29
24.98,60,1751.13,7854.07,0.2357622233,1,2,49,2
24.98,240,65257.18,63950.73,0.0,4,2,32,2
93.0,300,48930.75,49614.66,0.0137844339,4,2,15,6
3.0,300,0.0,31666.76,1.0,4,2,15,4
4.0,204,0.0,72312.55,0.7063752802,5,2,47,6
41.0,300,0.0,50681.68,1.0,4,2,20,1
24.98,300,0.0,62462.28,1.0,4,2,12,1
17.0,330,0.0,164589.39,1.0,5,2,23,5
24.98,360,64493.91,61367.86,0.0,5,2,30,3
32.0,300,57973.98,55801.63,0.0,4,2,15,5
91.0,239,17633.53,25667.14,0.7019448452,4,2,34,59
31.0,240,19211.96,19758.68,0.9632014892,3,2,24,37
24.98,240,53771.9,49636.7,0.0,1,2,52,21
24.98,240,168311.01,141887.93,0.0,5,2,15,24
1.0,240,0.0,57468.7,1.0,5,2,14,4
5.0,300,0.0,86078.16,1.0,5,2,11,2
16.0,240,10658.22,10640.76,0.0,3,2,50,6
6.0,360,0.0,50854.64,0.742586371,5,2,14,2
8.0,120,1980.23,1319.19,0.0,4,2,44,4
1.0,234,16290.6,23258.4,0.897446084,3,4,29,39
91.0,240,10717.22,11938.86,0.0,3,2,35,19
9.0,300,0.0,85004.22,1.0,4,2,17,5
24.98,240,42299.64,44273.31,0.0,4,2,31,15
1.0,360,0.0,94836.15,1.0,5,2,8,5
96.0,240,103969.68,100923.87,0.0,5,2,34,5
1.0,360,0.0,187857.83,1.0,5,2,20,13
94.0,240,163425.34,160794.56,0.0,5,2,25,5
24.98,228,24462.28,14198.0,0.8843949852,3,4,14,60
38.0,240,19216.07,14488.43,0.8924859353,3,4,20,37
24.98,222,13116.06,7120.66,0.9376897647,3,2,41,30
3.0,240,0.0,75740.56,1.0,5,2,41,7
24.98,240,136717.04,152237.39,0.1019483453,5,2,52,3
6.0,180,0.0,160637.62,1.0,5,2,10,1
90.0,236,19371.79,15769.94,0.9682249901,3,2,14,46
0.0,360,0.0,138160.36,1.0,5,2,19,1
32.0,240,104216.85,100127.27,0.0,5,2,19,15
4.0,240,26316.66,26628.9,0.0117256064,3,4,45,10
24.98,240,18280.07,17315.6,0.0,1,2,61,3
24.98,240,56125.94,55640.6,0.0,4,2,15,1
2.0,360,0.0,50645.65,0.7624023312,5,2,36,1
91.0,360,52412.13,52233.7,0.0,5,2,18,6
1.0,300,0.0,51669.08,1.0,4,2,27,4
1.0,240,35528.98,34940.92,0.0,3,4,41,14
60.0,240,38737.49,37871.83,0.0,4,2,21,5
77.0,240,0.0,51046.32,1.0,4,2,20,1
2.0,300,0.0,55842.81,1.0,4,2,12,2
60.0,300,0.0,84310.59,1.0,5,2,13,4
2.0,240,19224.23,19993.28,0.9532427896,3,2,19,42
96.0,180,92116.67,91670.69,0.0,5,2,14,4
24.98,240,142424.32,139008.87,0.0,5,2,8,2
70.0,240,27199.25,28949.18,0.7410508724,5,2,35,25
4.0,165,74026.8,81191.74,0.0,5,2,13,0
25.0,240,0.0,62844.46,1.0,5,2,52,2
1.0,240,120845.78,85521.11,0.880868069,5,2,10,33
24.98,180,63767.53,94496.78,0.0,5,2,22,20
4.0,180,52137.35,54923.98,0.0,5,2,32,1
1.0,360,0.0,228431.53,1.0,5,2,7,10
1.0,300,0.0,73075.41,1.0,4,2,7,2
0.0,300,0.0,71661.46,1.0,4,2,11,1
1.0,240,69127.58,71383.42,0.0316017361,4,2,13,24
70.0,360,82720.97,81027.76,0.0,5,2,18,10
82.0,360,76414.62,83194.62,0.0814956544,5,2,7,9
3.0,240,0.0,126252.76,0.6771178296,5,2,19,13
3.0,218,33410.59,17708.46,0.9303637922,3,4,24,40
65.0,240,41294.37,42419.07,0.0,5,2,18,0
2.0,240,0.0,60682.02,1.0,5,2,46,6
2.0,240,11109.41,11445.97,0.977280213,3,2,25,29
1.0,360,231938.49,229327.47,0.0,5,2,23,1
1.0,240,85247.56,84207.93,0.0,5,2,18,2
65.0,240,64261.84,67254.3,0.0,5,2,20,1
12.0,300,0.0,44330.23,1.0,4,2,32,1
65.0,240,67786.05,68627.23,0.0,4,2,42,1
1.0,240,0.0,137849.3,0.6683787281,5,2,17,3
17.0,300,0.0,46676.23,1.0,4,2,24,2
93.0,240,19219.43,19837.39,0.9648587843,3,2,22,39
0.0,300,0.0,46342.11,1.0,4,2,13,5
0.0,360,304614.36,283719.17,0.0,5,2,13,6
13.0,240,0.0,29582.19,1.0,4,2,75,4
1.0,120,0.0,23001.0,1.0,4,2,21,4
2.0,60,0.0,24844.72,0.1980953475,1,2,34,19
10.0,60,0.0,22008.59,1.0,1,2,31,16
32.0,360,50061.61,75323.14,0.3353754238,5,2,20,6
60.0,180,28527.55,28657.74,0.0045429263,4,2,42,2
1.0,240,0.0,98974.48,1.0,5,2,41,26
24.98,300,0.0,70008.65,1.0,4,2,11,5
3.0,300,0.0,58491.29,1.0,4,2,15,6
1.0,360,0.0,193447.97,1.0,5,2,7,6
22.0,240,92510.44,101460.71,0.0882141471,5,2,29,1
1.0,360,160323.97,173551.8,0.0762183394,5,2,20,1
24.98,240,90934.36,87496.65,0.0,1,2,80,3
92.0,240,99052.12,96674.47,0.0,5,2,33,3
4.0,240,10220.42,10999.41,0.0708210713,3,2,45,9
11.0,360,0.0,131878.27,1.0,5,2,14,9
17.0,300,0.0,53549.96,1.0,4,2,22,2
94.0,240,21835.94,24371.36,0.0,4,2,37,21
0.0,300,0.0,58053.08,1.0,4,2,37,4
1.0,228,15345.99,16544.9,0.0,3,2,63,14
1.0,240,0.0,59593.62,0.7003257323,5,2,11,1
70.0,300,79556.66,75376.68,0.0,4,2,15,9
2.0,197,90290.88,82343.54,0.0,5,2,19,7
24.98,218,14775.77,9590.67,0.9066405163,3,4,17,32
1.0,230,7880.56,8470.77,0.0696760743,3,2,52,13
1.0,300,0.0,61376.71,1.0,4,2,13,4
1.0,240,0.0,19903.5,0.9097630704,4,2,20,1
23.0,300,0.0,72015.46,1.0,4,2,17,5
25.0,300,0.0,115804.05,1.0,5,2,27,1
96.0,300,0.0,51942.52,1.0,4,2,16,2
1.0,180,0.0,55518.23,1.0,5,2,51,1
1.0,120,358200.07,356798.2,0.0,5,2,12,1
2.0,300,66611.82,68264.43,0.0242089475,4,2,10,0
83.0,230,8256.14,9618.56,0.9124827417,3,2,28,52
24.98,300,59443.61,65327.19,0.0900632646,4,2,25,10
1.0,228,24233.88,14093.0,0.89941957,3,4,14,60
0.0,240,87650.13,66136.94,1.0,5,2,18,25
4.0,240,10516.45,8970.34,0.0,3,4,35,18
0.0,360,0.0,136637.68,1.0,5,2,26,1
76.0,300,59157.57,59074.9,0.0,4,2,16,7
16.0,240,45746.73,45136.58,0.0,5,2,22,1
7.0,300,0.0,78301.53,1.0,4,2,32,1
2.0,300,56854.17,57295.43,0.0077014868,4,2,20,7
40.0,225,11344.5,11527.52,0.0158767888,3,2,46,22
89.0,204,41216.5,43801.08,0.0,5,2,11,0
83.0,180,43452.55,40735.2,0.0,5,2,24,7
1.0,300,0.0,67905.75,1.0,4,2,12,5
1.0,240,10578.63,11752.46,0.0,3,2,34,21
1.0,240,146830.82,107245.87,0.734694743,5,2,8,36
4.0,180,120428.34,115630.64,0.0,5,2,11,6
1.0,240,9119.95,8051.67,1.0,3,4,19,34
37.0,230,26250.13,17963.76,0.9472972251,3,4,27,44
1.0,240,10902.69,12110.94,0.099765171,3,2,35,20
13.0,300,75658.09,71727.53,0.0,4,2,19,9
14.0,360,0.0,107491.17,1.0,5,2,12,3
24.98,240,140293.79,125433.78,0.0,5,2,32,14
1.0,360,0.0,115188.83,0.8081761561,5,2,6,19
79.0,60,7294.74,17366.2,0.3078796048,5,2,16,31
1.0,240,10000.37,11167.83,0.1045377661,3,2,40,17
24.98,240,203729.17,227017.43,0.102583577,5,2,34,4
0.0,240,26316.66,26471.77,1.0,3,4,22,33
1.0,222,11450.79,4282.75,0.9206724651,3,2,12,53
5.0,300,0.0,73607.47,1.0,4,2,20,1
44.0,240,34758.67,34835.19,0.0021966293,4,2,35,2
1.0,360,0.0,42634.31,1.0,5,2,8,11
13.0,235,13081.03,13303.49,0.9595632424,3,2,13,62
1.0,360,0.0,118860.15,1.0,5,2,31,9
24.98,240,94056.23,107041.48,0.0,5,2,7,15
1.0,180,0.0,32973.92,0.6723497345,5,2,19,15
24.98,240,51680.9,50736.9,0.0,5,2,42,2
94.0,236,9347.59,10958.25,0.906688568,3,4,7,64
1.0,180,116709.39,112107.48,0.0,5,2,21,4
2.0,180,0.0,261185.5,0.6296145583,1,2,36,20
0.0,240,0.0,120540.03,1.0,5,2,25,12
94.0,230,13652.79,15983.91,0.8988764326,3,2,23,53
24.98,180,21538.33,26776.82,0.0,5,2,28,17
24.98,240,124200.45,120354.64,0.0,5,2,22,3
2.0,240,0.0,66709.67,0.7465169289,5,2,13,3
1.0,218,28572.13,26073.38,0.9894739386,3,2,47,28
8.0,240,0.0,87691.37,1.0,4,2,18,3
1.0,240,10002.12,11023.6,0.0926630139,3,2,44,13
2.0,240,17817.78,17574.37,0.0,4,2,27,8
56.0,240,19219.52,19740.35,0.9571821168,3,2,23,38
0.0,240,52804.32,48918.35,1.0,5,2,21,34
94.0,210,97155.79,109443.15,0.0,5,2,40,12
4.0,240,32433.32,32606.44,0.0,5,2,21,3
4.0,240,0.0,25793.9,1.0,4,2,17,9
34.0,240,55648.82,54668.81,0.0,4,2,15,4
24.98,300,0.0,85057.32,1.0,4,2,13,4
1.0,180,0.0,40052.35,1.0,1,2,79,1
89.0,72,0.0,1268.15,0.5213940421,4,1,14,58
24.98,240,26319.94,25954.44,0.9743539063,3,4,18,43
1.0,222,13455.71,4880.62,0.9717617844,3,2,27,40
1.0,240,0.0,75055.44,0.7285748655,5,2,44,19
24.98,300,66255.5,64867.55,0.0,4,2,14,3
0.0,300,0.0,45002.75,1.0,4,2,19,14
0.0,240,0.0,58373.75,1.0,4,2,13,11
1.0,228,17792.86,18757.7,1.0,3,4,38,33
1.0,220,13872.42,11441.53,0.9373475401,3,4,18,61
1.0,234,14892.43,15941.37,0.9502006415,3,2,20,60
64.0,239,0.0,80881.01,0.7336175435,5,2,19,31
64.0,234,11794.56,14585.61,0.8530531119,3,2,33,41
24.98,360,143286.77,137141.74,0.0,5,2,9,5
17.0,240,50418.47,50342.09,0.0,4,2,20,1
4.0,180,0.0,153499.73,1.0,5,2,8,3
49.0,360,275981.55,262558.61,1.0,5,2,18,25
0.0,120,32909.46,32246.6,0.0,1,2,15,1
2.0,360,70292.5,61503.08,0.0,5,2,13,1
46.0,240,0.0,76650.14,1.0,4,2,24,3
3.0,240,122533.92,124642.04,0.0169133945,5,2,42,7
0.0,300,0.0,50197.99,1.0,4,2,21,8
45.0,240,0.0,38835.79,1.0,4,2,27,1
94.0,232,15190.65,18060.11,0.9116555768,3,2,24,59
1.0,300,0.0,38231.84,1.0,4,2,17,10
94.0,230,13653.03,15983.91,0.9163840387,3,2,23,53
24.98,180,32360.89,34658.64,0.0,5,2,49,9
0.0,360,0.0,148778.39,0.7995706407,5,2,15,10
1.0,240,0.0,72085.35,1.0,5,2,13,8
5.0,240,0.0,115955.96,1.0,5,2,32,5
68.0,218,33430.98,17770.98,0.916105921,3,4,24,40
1.0,240,15925.26,18476.95,0.9180503276,3,2,33,52
31.0,300,78316.26,78334.55,0.0002334857,4,2,12,2
24.98,300,87610.04,84202.71,0.0,4,2,8,5
24.98,240,143569.04,142063.0,0.0,5,2,11,2
0.0,240,50540.91,60542.36,0.0,5,2,30,19
94.0,240,41879.06,41987.42,0.0,5,2,41,9
96.0,300,0.0,68976.85,1.0,4,2,17,2
85.0,240,104825.9,97148.38,0.0,1,2,43,8
8.0,180,7396.17,8125.6,0.0897693709,3,2,57,6
24.98,240,220811.81,209728.02,0.0,5,2,11,4
24.98,360,0.0,81397.58,1.0,4,2,11,4
24.98,300,32697.71,31975.21,0.0,4,2,25,4
85.0,240,28188.31,28409.26,0.0077773937,4,2,15,0
24.98,300,0.0,62256.83,1.0,4,2,11,1
1.0,300,0.0,62668.99,1.0,4,2,8,10
24.98,141,24832.12,37468.35,0.5442761742,1,2,86,34
90.0,230,20374.99,22001.8,0.9322469071,3,2,28,31
10.0,220,5686.84,7141.27,0.8926787532,3,2,18,65
0.0,240,0.0,104502.21,0.9901820744,5,2,11,29
24.98,180,108048.17,96507.81,0.0,5,2,35,10
52.0,218,32689.85,18030.62,0.8579233548,3,4,24,40
15.0,180,0.0,87504.04,1.0,5,2,58,1
77.0,360,0.0,156123.42,1.0,5,2,22,2
0.0,228,20656.76,24117.45,1.0,3,2,28,30
24.98,120,156729.02,154425.96,0.0,5,2,51,1
53.0,240,0.0,183641.5,1.0,5,2,24,1
70.0,240,70555.04,71616.81,0.0,5,2,12,4
1.0,240,19705.66,22302.72,0.9765911961,3,2,15,42
1.0,360,53203.92,55881.19,0.0479100391,5,2,18,8
24.98,180,190910.59,169163.06,0.0,5,2,9,9
1.0,222,11450.79,4282.77,0.9197131763,3,2,12,53
24.98,84,14748.39,13912.2,0.0,5,2,63,3
94.0,200,8869.98,10623.44,0.8539597343,3,4,21,58
2.0,350,453997.53,398156.65,0.0,5,2,7,11
0.0,300,0.0,60369.33,1.0,4,2,25,8
24.98,300,99927.21,97988.47,0.0,4,2,8,2
1.0,240,29507.91,29304.71,0.0,4,2,22,1
4.0,240,0.0,63856.73,0.7314189137,4,2,42,7
4.0,300,66339.84,63985.37,0.0,4,2,8,6
24.98,335,0.0,102722.53,1.0,5,2,8,2
94.0,224,14961.61,17840.36,0.8966775334,3,2,17,55
0.0,240,0.0,41876.34,1.0,5,2,50,6
24.98,240,52983.79,57908.73,0.0850465897,5,2,48,1
25.0,240,47564.37,51886.37,0.0832974055,4,2,51,12
1.0,240,0.0,37278.97,0.8197648378,4,2,27,33
1.0,300,34646.56,33131.22,0.0,4,2,24,8
24.98,300,89817.28,89142.21,0.0,4,2,8,1
2.0,240,0.0,53923.37,0.783563012,5,2,45,6
28.0,300,42736.18,42663.25,0.0,4,2,18,1
1.0,236,21260.47,9851.6,0.9839660563,3,2,28,40
24.98,240,147490.14,147503.91,0.0,5,2,14,16
1.0,300,0.0,71028.07,1.0,4,2,12,0
77.0,240,0.0,81590.26,1.0,4,2,23,3
90.0,300,0.0,48487.4,1.0,4,2,21,1
24.98,240,64278.35,63077.81,0.0,5,2,8,14
24.98,239,88988.67,81851.89,0.0,5,2,18,7
1.0,228,14412.48,17845.1,0.1923564452,3,4,56,15
94.0,240,46998.93,47502.33,0.0,5,2,22,7
65.0,240,33612.14,36182.2,0.0,5,2,37,12
29.0,240,0.0,56243.19,1.0,5,2,65,4
94.0,240,35542.87,42808.61,0.672153611,1,2,48,29
25.0,240,103789.27,99695.29,0.0,4,2,11,8
64.0,236,18396.86,17154.71,0.9316735754,3,2,24,41
24.98,236,21260.47,9860.01,0.9832403821,3,2,28,40
24.98,236,10060.59,7583.19,0.9387790626,3,2,15,29
17.0,120,0.0,824748.65,1.0,1,2,15,9
24.98,300,0.0,69428.91,1.0,4,2,12,2
1.0,240,0.0,55642.54,1.0,4,2,8,1
24.98,218,14775.16,9531.09,0.9305703755,3,4,17,32
6.0,300,0.0,46366.91,1.0,4,2,31,9
1.0,222,13542.93,12717.01,0.9961036439,3,4,30,53
13.0,218,33653.73,17724.5,0.9266659144,3,4,24,40
53.0,240,112509.77,110479.01,0.0,5,2,18,2
0.0,300,0.0,71869.91,1.0,4,2,15,15
65.0,300,64785.55,69062.13,0.0619236621,4,2,33,2
91.0,240,28559.9,27408.79,0.0,3,2,55,8
24.98,240,36099.04,37565.58,0.0,4,2,15,14
13.0,240,202645.66,161175.09,0.0,5,2,62,17
80.0,240,109998.2,162034.27,0.6290314585,5,2,9,27
24.98,180,109155.23,113438.58,0.0,4,2,11,16
24.98,240,20027.16,22739.68,0.0,1,2,60,6
24.98,240,76627.81,75753.06,0.0,4,2,20,17
1.0,236,16936.36,19641.82,0.9548015408,3,2,15,48
94.0,224,14956.65,17825.48,0.8893286464,3,2,19,53
11.0,240,0.0,90374.29,1.0,5,2,21,6
80.0,240,58502.94,53871.71,0.0,5,2,13,7
11.0,240,0.0,116426.32,0.7262046665,5,2,25,0
94.0,240,29181.78,29470.32,0.0,4,2,21,3
1.0,60,62207.98,83187.13,0.2521922562,5,2,13,10
0.0,240,0.0,69597.01,1.0,4,2,16,6
1.0,240,0.0,134463.27,1.0,5,2,28,1
4.0,240,0.0,89452.88,1.0,4,2,14,0
1.0,240,32087.4,33714.86,0.0,4,2,19,9
94.0,240,57195.3,49876.26,0.5611097568,1,2,30,25
96.0,360,0.0,108895.28,1.0,5,2,21,1
68.0,218,33465.03,17724.5,0.9266659144,3,4,24,40
3.0,360,0.0,195190.26,1.0,5,2,17,1
9.0,240,39857.39,39577.14,0.0,4,2,34,3
44.0,240,0.0,55454.9,1.0,1,2,63,1
96.0,225,19560.93,14602.83,0.9426590599,3,4,22,26
24.98,204,20013.08,19245.98,0.0,4,3,27,5
5.0,240,86717.6,89814.27,0.0,5,2,21,2
0.0,300,55688.75,56130.22,0.0078651037,4,2,9,1
24.98,240,30811.33,33736.69,0.0,1,2,40,4
1.0,300,0.0,93009.19,1.0,4,2,10,1
1.0,360,260724.8,240634.33,0.0,5,2,10,7
1.0,360,197288.23,197053.03,0.0,5,2,15,0
24.98,240,56192.0,57942.55,0.0302118219,5,2,28,3
24.98,204,14065.32,12474.0,0.0,4,3,17,20
1.0,300,0.0,55003.78,1.0,4,2,19,1
65.0,360,0.0,94528.1,1.0,5,2,40,3
2.0,119,66669.76,70572.22,0.0552973961,5,2,25,7
94.0,240,0.0,3070.87,1.0,4,2,34,3
1.0,223,12685.39,7733.5,0.9829120062,3,2,39,30
1.0,222,13455.71,5049.54,0.93568127,3,2,27,40
1.0,300,0.0,92378.56,1.0,4,2,15,7
3.0,240,0.0,194772.45,1.0,5,2,35,1
1.0,200,12560.52,10623.44,0.9400467269,3,4,21,58
1.0,240,26319.94,25896.74,0.9735074762,3,4,18,43
1.0,222,7640.47,5528.41,0.9152667765,3,2,12,60
6.0,329,0.0,395422.78,1.0,5,2,23,7
2.0,300,0.0,54461.3,1.0,4,2,19,6
1.0,360,139878.39,126137.14,0.0,4,2,17,10
2.0,240,29084.53,28372.7,0.0,4,2,21,11
94.0,231,7862.08,9432.57,0.8912767146,3,2,49,29
24.98,218,14774.95,9498.82,0.9242221665,3,4,17,32
1.0,300,0.0,78784.55,1.0,4,2,12,3
96.0,180,5938.52,9224.22,0.7052086789,3,4,17,40
52.0,218,33711.21,17827.17,0.9033570668,3,4,24,40
1.0,290,0.0,104405.92,1.0,5,2,18,2
1.0,240,0.0,86425.21,0.6930334316,5,2,19,4
17.0,300,0.0,76975.98,1.0,4,2,10,1
24.98,240,85241.51,79853.64,0.0,5,2,12,6
44.0,204,0.0,22133.02,0.8363644478,4,3,33,32
1.0,249,0.0,98663.15,1.0,5,2,15,5
24.98,241,30155.84,32249.03,0.0,4,2,19,5
28.0,300,86017.07,85953.23,0.0,4,2,18,0
24.98,226,58684.37,69560.58,0.0573633155,1,2,89,9
0.0,360,0.0,114627.58,1.0,5,2,16,3
12.0,240,0.0,18218.61,0.7293643033,5,2,17,37
24.98,360,61662.58,65994.63,0.0,5,2,17,19
96.0,360,0.0,35558.35,1.0,5,2,17,5
24.98,240,73792.82,71894.54,0.0,4,2,31,2
68.0,218,32781.2,16038.48,0.8289993815,3,4,22,43
24.98,207,0.0,66355.77,1.0,5,2,10,6
0.0,360,0.0,62002.81,0.7378905412,5,2,14,15
93.0,228,20654.62,22152.47,0.0676154849,3,2,52,6
24.98,240,44980.79,49055.19,0.0,1,2,42,18
90.0,221,26187.66,20441.72,0.8765637138,3,4,31,33
0.0,300,107223.59,110412.27,0.0288797613,5,2,18,15
1.0,240,9986.99,11250.31,0.9249549568,3,2,32,25
1.0,240,20755.33,18025.22,0.9914985781,3,4,26,36
1.0,240,2584.45,2851.47,0.093642928,5,2,53,10
14.0,300,0.0,81249.72,1.0,4,2,20,5
1.0,233,18319.14,23284.19,0.2132369647,3,4,41,19
24.98,240,91091.5,103275.85,0.0,1,2,81,18
24.98,228,24185.32,14104.0,0.8972539705,3,4,14,60
96.0,234,14450.07,17264.54,0.9419567507,3,4,22,36
1.0,236,21158.33,11105.28,0.0,3,2,44,24
1.0,236,21260.47,9860.0,0.9631855984,3,2,28,40
24.98,240,55082.49,52880.19,0.0,5,2,33,4
90.0,229,15653.39,18691.99,0.9445992642,3,2,23,60
77.0,300,0.0,50517.05,1.0,5,2,24,1
24.98,240,26318.37,26450.67,1.0,3,4,33,31
0.0,240,143820.97,130033.53,0.8219709811,4,2,16,33
1.0,240,43009.59,39577.83,0.0,4,2,26,14
1.0,227,102964.81,84781.31,0.0,5,2,7,20
2.0,300,84578.01,83002.95,0.0,4,2,7,5
13.0,240,0.0,83631.28,1.0,4,2,9,1
1.0,360,0.0,103443.2,1.0,5,2,13,1
24.98,240,46584.44,45734.45,0.0,5,2,11,2
91.0,240,84135.88,84107.59,0.0,4,2,31,3
93.0,233,18081.18,24088.83,0.8994567192,3,4,30,30
84.0,300,0.0,32306.72,1.0,4,2,34,1
16.0,236,21262.15,10910.79,1.0,3,2,42,26
29.0,300,0.0,51608.37,1.0,4,2,10,1
93.0,228,12365.33,15261.09,0.1897479145,3,4,70,3
30.0,240,190471.53,181078.81,0.0,5,2,21,13
1.0,222,11968.16,5544.82,0.9367355478,3,2,21,49
0.0,240,0.0,70739.82,1.0,5,2,46,4
24.98,240,96947.03,96829.82,0.0,5,2,28,2
1.0,240,0.0,17990.6,1.0,4,2,39,21
2.0,360,0.0,105435.07,1.0,5,2,21,4
41.0,180,0.0,48717.36,1.0,4,2,29,2
8.0,300,0.0,55737.55,1.0,4,2,13,2
16.0,240,0.0,87269.32,0.0,5,2,47,19
8.0,251,0.0,24556.23,1.0,4,2,38,1
4.0,300,0.0,41919.7,1.0,4,2,28,1
0.0,360,211399.92,183748.78,0.0,5,2,19,13
1.0,240,24842.79,26637.58,1.0,3,4,13,46
24.98,204,21152.93,34012.04,0.7280098628,4,3,53,28
1.0,240,10527.25,11529.41,0.0869220541,3,2,41,13
1.0,360,157987.58,152457.22,0.0,5,2,21,4
1.0,240,0.0,60349.66,1.0,5,2,47,9
1.0,119,0.0,42078.38,1.0,5,2,60,1
1.0,240,10239.47,11126.19,0.0796966437,3,2,45,10
96.0,120,0.0,48955.52,1.0,5,2,25,6
82.0,240,85810.41,81442.43,0.0,4,2,22,22
3.0,240,19221.72,19915.49,0.9661022651,3,2,19,42
10.0,240,0.0,50249.2,1.0,4,2,39,8
40.0,300,0.0,39829.16,1.0,4,2,34,1
91.0,240,184788.78,182190.83,0.0,5,2,29,6
56.0,300,0.0,64437.32,1.0,4,2,24,1
2.0,240,90793.75,86539.11,0.0,5,2,7,5
1.0,224,0.0,52279.1,0.7601139123,1,2,86,11
24.98,360,56200.95,59837.51,0.0,5,2,15,15
1.0,240,10116.95,11473.52,0.1182348573,3,2,33,23
24.98,240,72010.04,70426.34,0.0,5,2,33,7
3.0,240,86444.55,69826.69,0.7691398331,5,2,15,45
24.98,360,180289.67,174478.9,0.0,5,2,31,4
2.0,240,124229.92,125901.23,0.0,4,2,8,1
21.0,240,0.0,32974.55,1.0,4,2,46,3
24.98,300,57920.52,55331.74,0.0,4,2,27,7
24.98,180,62567.03,58385.51,0.0,5,2,38,6
24.98,119,139412.7,108119.51,0.0,5,2,26,19
1.0,240,0.0,72425.5,0.8290584976,5,2,11,5
1.0,240,0.0,55653.08,1.0,4,2,9,5
1.0,240,82663.19,76288.39,0.0,4,2,9,9
24.98,240,153332.0,128797.06,0.6502351723,5,2,28,34
96.0,300,90487.28,86289.14,0.0,4,2,19,6
1.0,300,78869.87,77756.29,0.0,4,2,20,2
60.0,240,37727.42,37863.2,0.0035860677,4,2,26,1
0.0,360,172980.89,140544.57,0.0,5,2,9,21
73.0,240,0.0,50938.7,1.0,4,2,28,5
5.0,300,0.0,54713.91,1.0,5,2,18,5
24.98,240,191339.4,186227.78,0.0,5,2,15,2
1.0,240,75065.87,73457.07,0.0,5,2,34,4
1.0,236,21260.47,9821.11,0.9831739997,3,2,28,40
2.0,225,11346.0,11529.57,0.0159216692,3,2,46,22
2.0,300,58283.99,55366.77,0.0,4,2,21,9
64.0,300,0.0,10385.99,1.0,4,2,36,1
22.0,300,0.0,61742.37,1.0,4,2,22,1
91.0,240,0.0,36153.96,0.0,4,2,43,13
4.0,240,0.0,30135.37,1.0,4,2,28,1
4.0,240,18211.8,18932.23,0.9183366143,3,2,20,35
3.0,239,80125.74,82708.17,0.0,1,2,72,1
24.98,240,49242.39,48398.38,0.0,1,2,98,1
18.0,360,77667.97,70151.89,0.0,4,2,34,8
0.0,240,0.0,145058.79,0.8405759617,5,2,18,10
8.0,225,16828.9,20062.8,0.880150328,3,2,45,35
91.0,300,72840.1,72469.05,0.0,5,2,11,3
5.0,204,126332.41,125199.81,0.0,5,2,15,3
5.0,300,97935.28,93335.53,0.0,4,2,24,9
65.0,240,0.0,124747.51,1.0,5,2,13,3
1.0,234,13507.07,14125.48,0.9600764009,3,2,14,60
94.0,232,16031.66,19104.64,0.9274684056,3,2,24,59
96.0,300,0.0,40902.38,1.0,4,2,19,2
24.98,300,45837.5,45337.5,0.0,4,2,8,21
94.0,221,33287.42,26517.16,0.0,3,4,36,22
1.0,300,0.0,62407.83,1.0,4,2,16,5
24.98,240,179446.4,193910.44,0.0,5,2,7,4
0.0,240,32318.87,29603.5,0.0,4,2,23,13
0.0,60,20841.08,38482.73,0.0172799913,1,2,15,22
24.98,240,32850.71,35520.88,0.0751718426,4,2,48,4
1.0,234,13515.16,14117.12,0.9617089038,3,2,14,60
1.0,300,0.0,30608.6,1.0,4,2,19,4
4.0,240,0.0,58642.13,1.0,4,2,22,1
1.0,222,11449.99,4293.1,0.9199436305,3,2,13,52
0.0,360,0.0,143299.95,1.0,5,2,9,8
0.0,360,234885.78,216902.39,0.0,5,2,9,7
24.98,240,102662.75,106073.26,0.0,5,2,21,17
0.0,360,210863.11,170594.67,0.0,5,2,7,18
1.0,228,10212.34,11273.81,0.9889363046,3,4,37,33
65.0,240,0.0,42499.98,1.0,5,2,59,1
39.0,360,0.0,97362.51,1.0,5,2,18,4
13.0,360,130072.43,142364.27,0.0863407651,5,2,30,10
47.0,235,13119.93,13477.52,0.9202130659,3,2,21,60
1.0,222,11977.01,5537.22,0.9336977761,3,2,20,50
1.0,300,0.0,44532.52,1.0,4,2,17,3
24.98,240,71778.67,67931.86,0.0,5,2,12,5
1.0,240,0.0,44044.89,1.0,5,2,42,1
31.0,240,81679.95,74770.73,0.0,5,2,18,12
0.0,240,0.0,25106.66,0.929792747,4,2,7,29
4.0,300,74551.18,71959.43,0.0,4,2,12,6
0.0,240,0.0,75965.42,1.0,5,2,32,15
1.0,234,9787.13,10583.76,0.0752690915,3,2,76,5
24.98,240,72362.54,61906.72,0.0,5,2,24,13
1.0,236,21260.47,10831.74,0.9446413965,3,2,38,30
3.0,233,0.0,26320.67,1.0,4,2,23,11
38.0,120,26755.29,38978.58,0.6910051765,4,2,25,30
94.0,231,8225.19,8305.52,0.0,4,2,31,6
24.98,240,39636.34,38640.19,0.0,5,2,7,2
24.98,120,11762.12,15620.62,0.0,5,2,16,16
0.0,360,0.0,149221.86,1.0,5,2,23,21
89.0,240,55110.01,54871.79,0.0,4,2,12,7
7.0,180,0.0,11238.71,1.0,1,2,99,1
70.0,224,14844.75,17926.37,0.8885039191,3,2,17,55
5.0,223,13116.06,7120.66,0.9317198125,3,2,41,30
94.0,236,3529.9,5711.04,0.8814786799,3,4,18,64
24.98,360,91426.34,93239.03,0.0,5,2,11,8
1.0,240,156017.8,108637.71,1.0,5,2,15,30
1.0,228,25356.2,14364.0,0.783294347,3,4,14,60
56.0,119,46225.09,48269.51,0.0,5,2,12,3
1.0,360,115236.85,124057.58,0.0711019028,5,2,21,1
31.0,234,15900.13,20183.4,0.8825896529,3,2,24,50
13.0,300,31192.88,23907.18,0.0,4,2,23,7
1.0,120,0.0,42295.47,0.5809377705,5,2,31,2
1.0,340,76139.63,78939.96,0.0354741756,5,2,22,1
12.0,120,0.0,8758.38,1.0,1,2,63,4
2.0,300,88367.37,83907.75,0.0,5,2,14,4
64.0,120,68997.17,70974.61,0.0278612309,5,2,16,1
2.0,240,10902.69,11419.48,0.0452551255,3,2,43,12
26.0,240,25335.43,27167.28,0.067428539,5,2,64,2
13.0,230,8256.12,9725.32,0.8864489806,3,2,28,52
71.0,300,0.0,62771.42,1.0,4,2,18,6
24.98,300,165615.02,157794.77,0.0,5,2,11,4
1.0,300,0.0,35968.82,1.0,4,2,13,5
1.0,300,24177.45,37360.33,0.0,4,2,43,13
18.0,360,0.0,118430.4,1.0,5,2,13,5
1.0,222,13527.4,12869.99,0.9239797389,3,4,30,53
0.0,312,0.0,256199.23,0.7715671843,5,2,7,15
29.0,360,0.0,95503.76,1.0,5,2,12,1
5.0,300,0.0,37312.3,1.0,4,2,23,4
8.0,300,0.0,27945.51,1.0,4,2,16,1
56.0,120,0.0,68767.95,0.5786616496,5,2,18,2
24.98,180,97414.22,134854.85,0.7741618824,5,2,14,27
53.0,180,40745.93,36016.58,0.0,1,2,96,23
2.0,240,0.0,39741.73,1.0,5,2,40,5
1.0,232,15180.72,18143.08,0.9208601847,3,2,24,59
24.98,240,115871.67,94454.57,0.0,5,2,20,18
24.98,218,14774.89,9484.36,0.9352755484,3,4,17,32
24.98,180,1350.29,11242.42,0.7271745687,4,2,46,9
94.0,240,72550.62,79445.54,0.086788006,4,2,46,2
20.0,180,143997.74,212030.83,1.0,1,2,55,27
8.0,300,0.0,50714.0,1.0,4,2,22,7
94.0,240,31011.46,27083.25,0.0,5,2,37,12
20.0,360,86641.72,86434.74,0.0,5,2,23,1
24.98,300,75875.49,74929.0,0.0,4,2,7,2
93.0,218,23592.16,20315.87,0.0,3,4,39,17
25.0,180,24607.9,32114.54,0.7362977006,4,2,21,30
24.98,360,281688.96,266643.38,0.0,5,2,7,2
89.0,180,46837.43,47626.12,0.0,1,2,56,1
1.0,300,0.0,66370.34,1.0,4,2,10,7
24.98,240,59514.95,57141.5,0.0,4,2,32,19
24.98,240,84336.39,102004.25,0.0,5,2,12,23
24.98,360,376927.44,325959.69,0.0,5,2,7,12
1.0,360,0.0,187372.61,1.0,5,2,20,6
9.0,360,20077.65,20388.79,0.0,5,2,15,1
24.98,230,10496.9,11645.76,0.9258502665,3,4,38,46
10.0,300,55642.27,53583.58,0.0,4,2,14,6
96.0,240,0.0,188926.58,1.0,5,2,9,3
24.98,240,113453.72,108575.7,0.0,5,2,13,4
2.0,300,37973.21,37220.52,0.0,4,2,32,3
1.0,300,0.0,28860.23,1.0,4,2,9,8
1.0,240,0.0,28580.23,1.0,4,2,26,19
0.0,240,177541.86,139255.73,0.0,5,2,19,21
4.0,240,19115.36,19890.02,0.9506561582,3,2,21,40
30.0,240,91704.83,90246.65,0.0,4,2,16,4
24.98,240,59453.21,68952.37,0.0,1,2,64,7
1.0,300,0.0,54892.06,1.0,4,2,19,5
1.0,222,11444.87,4340.65,0.8832755463,3,2,14,51
32.0,240,0.0,28708.45,0.7651127984,4,2,57,10
1.0,180,53962.61,54350.76,0.0071415745,5,2,41,9
2.0,240,0.0,41088.76,1.0,4,2,23,1
1.0,236,14670.06,9851.59,0.98396604,3,2,28,40
64.0,240,0.0,147349.62,0.7042483591,5,2,30,39
1.0,240,0.0,45895.3,1.0,5,2,36,13
1.0,230,20374.99,22001.8,0.9654691889,3,2,28,31
8.0,229,15067.09,18664.6,0.8757128468,3,2,43,40
5.0,300,86942.45,83488.46,0.0,4,2,10,3
1.0,222,11450.79,4301.38,0.9336701245,3,2,18,47
1.0,360,265394.38,240651.63,0.0,5,2,10,8
24.98,218,14774.94,9484.36,0.938192983,3,4,17,32
4.0,186,0.0,63602.51,1.0,4,2,16,3
52.0,240,29529.49,29970.49,0.0147144741,4,2,69,1
81.0,234,19205.85,23134.11,0.9697299788,3,4,17,49
1.0,360,83168.68,77228.67,0.0,5,2,9,10
1.0,236,21302.92,13213.84,0.9300400186,3,2,7,66
85.0,240,107474.85,113538.83,0.0,5,2,19,7
5.0,300,0.0,67995.93,1.0,4,2,18,13
1.0,300,0.0,69100.17,1.0,4,2,15,3
24.98,240,11686.17,9545.2,1.0,4,2,19,25
24.98,240,32528.53,34893.56,0.0,4,2,32,4
5.0,240,0.0,41136.92,1.0,5,2,15,11
1.0,204,0.0,68228.85,1.0,5,2,56,3
2.0,300,0.0,69567.66,1.0,4,2,19,7
1.0,240,0.0,17469.17,1.0,4,2,31,3
24.98,240,5007.47,93073.15,0.7756554758,5,2,35,14
0.0,122,285946.18,259816.86,0.0,5,2,12,7
1.0,360,135966.29,121378.75,0.0,5,2,17,16
24.98,240,22150.37,19225.66,0.0,4,2,18,17
1.0,240,0.0,31599.35,0.6976259702,5,2,18,4
56.0,218,32757.11,15691.5,0.9175419813,3,4,22,43
1.0,300,0.0,44820.55,1.0,4,2,28,2
7.0,300,0.0,25679.76,1.0,4,2,27,3
24.98,240,92723.27,75774.78,0.0,4,2,23,17
13.0,240,0.0,84685.76,1.0,5,2,26,1
1.0,240,10481.31,11456.85,0.0851490593,3,2,39,14
32.0,180,69577.21,71457.37,0.0263116317,4,2,19,6
90.0,300,0.0,50205.48,1.0,4,2,15,4
24.98,300,39457.17,42033.2,0.0,4,2,8,13
1.0,120,161654.43,167381.03,0.0342129571,5,2,41,1
2.0,240,0.0,43485.41,0.8159275199,4,2,26,26
28.0,300,0.0,66823.82,1.0,4,2,16,6
26.0,240,0.0,70355.85,0.7625031818,5,2,29,28
24.98,240,47919.56,45771.27,0.0,5,2,22,4
2.0,240,0.0,23543.22,1.0,4,2,34,1
1.0,231,7858.79,9061.67,0.1327437437,3,2,55,23
18.0,240,0.0,19105.01,0.7843375897,4,2,41,5
1.0,235,13119.93,13357.26,0.9415696033,3,2,16,65
24.98,240,46046.19,42481.39,0.0,5,2,29,7
37.0,240,0.0,178551.33,1.0,5,2,48,1
64.0,240,19318.96,19702.82,0.9530052043,3,2,28,33
1.0,240,79198.68,61117.58,0.765031104,5,2,23,33
0.0,120,0.0,35659.46,0.7516457883,5,2,45,2
70.0,230,11483.46,13845.63,0.9225062348,3,4,33,29
24.98,300,0.0,61385.2,1.0,4,2,7,4
24.98,228,43721.61,46710.03,1.0,4,2,19,26
1.0,234,21341.46,15231.66,0.9770208894,3,2,18,40
0.0,120,27167.17,17234.8,1.0,2,2,78,27
0.0,360,303696.99,297201.94,0.0,5,2,23,3
1.0,240,8747.71,10667.18,0.1799416528,3,4,44,11
24.98,120,102129.95,101858.92,0.0,5,2,23,20
24.98,240,73909.8,70929.6,0.0,1,2,31,3
96.0,216,8316.68,10415.66,0.8755230105,3,4,14,49
1.0,230,22607.22,23040.52,0.9846782972,3,4,23,52
1.0,224,14923.81,17852.06,0.890134808,3,2,17,55
1.0,240,0.0,35918.99,1.0,4,2,38,18
24.98,240,72940.9,59563.97,0.0,5,2,12,18
26.0,240,18211.81,18657.35,0.9404036479,3,2,20,35
24.98,222,26708.3,4503.31,0.9138271619,3,2,7,36
2.0,240,0.0,32433.01,1.0,1,2,67,19
93.0,240,8309.96,8694.58,0.0442367544,3,2,59,5
1.0,300,0.0,64807.27,1.0,4,2,15,3
24.98,120,389193.5,328954.95,0.0,1,2,12,10
4.0,240,47889.36,40698.26,0.6572859076,1,2,25,58
0.0,240,0.0,104112.08,1.0,5,2,17,9
81.0,234,19199.05,23042.46,0.9460495971,3,4,31,35
24.98,240,30636.34,35246.13,0.0,5,2,11,18
24.98,300,64444.68,61738.17,0.0,4,2,22,7
24.98,240,74858.29,83269.35,0.1010102757,5,2,22,3
13.0,218,33442.63,17716.51,0.9285141374,3,4,24,40
24.98,360,0.0,75779.32,1.0,5,2,11,5
17.0,236,19918.0,19245.01,0.9289878259,3,2,16,57
0.0,240,0.0,64497.58,1.0,5,2,18,10
2.0,240,34899.79,28543.0,0.8357894346,4,2,8,51
1.0,216,6856.23,8224.16,0.9688320753,3,4,13,40
11.0,119,0.0,91294.02,1.0,5,2,30,7
2.0,300,0.0,78949.48,1.0,5,2,15,2
0.0,360,39269.83,33067.49,0.0,5,2,17,14
1.0,300,70586.54,66915.45,0.0,4,2,14,9
24.98,218,12312.6,9493.85,0.9423363546,3,4,17,32
24.98,360,0.0,153638.16,1.0,5,2,8,3
71.0,222,13549.34,12653.85,0.9626943578,3,4,30,53
0.0,120,123070.55,79243.99,0.7860682602,5,2,8,40
4.0,240,19221.72,19912.56,0.9679850306,3,2,19,42
80.0,296,20731.94,20639.31,0.0,5,2,19,1
4.0,300,0.0,80402.02,1.0,4,2,15,2
23.0,218,32666.78,15675.62,0.9217109116,3,4,22,43
24.98,180,47473.98,53245.33,0.1083916655,5,2,25,2
0.0,240,0.0,62176.59,0.7027316287,5,2,35,15
81.0,240,63571.77,70036.94,0.0923108577,5,2,35,2
24.98,180,0.0,165979.03,1.0,1,2,11,4
24.98,300,0.0,60614.76,1.0,4,2,11,4
24.98,240,29790.91,35625.98,0.0,1,2,30,12
24.98,218,33885.11,17827.17,0.9326673835,3,4,24,40
1.0,236,13141.11,14388.5,0.9116600063,3,2,11,57
6.0,216,0.0,52835.62,1.0,5,2,20,3
23.0,240,19221.72,19908.83,0.9672055063,3,2,19,42
2.0,240,26316.66,26491.44,0.0,3,4,31,24
2.0,300,0.0,38132.73,1.0,4,2,27,3
0.0,240,67487.56,67637.09,0.0,5,2,13,1
4.0,240,11612.82,12414.45,0.0,4,2,42,4
81.0,240,25105.04,27665.34,0.0925454016,4,2,45,13
68.0,218,33500.34,17724.5,0.9266659144,3,4,24,40
0.0,216,18656.79,18860.36,1.0,3,4,16,36
24.98,180,80063.17,76465.62,0.7557174422,5,2,12,35
31.0,300,73031.41,71497.93,0.0,4,2,7,4
1.0,360,0.0,255298.34,1.0,5,2,11,6
1.0,240,0.0,103931.95,0.6860294973,5,2,14,6
17.0,360,0.0,64190.31,1.0,5,2,31,2
1.0,240,0.0,101210.02,0.7884622472,1,2,63,1
14.0,240,21462.01,20969.36,0.0,5,2,43,4
90.0,300,25844.64,25712.7,0.0,4,2,17,1
3.0,240,26184.83,25837.25,0.9789493851,3,4,23,41
14.0,240,93388.07,104407.23,0.0,5,2,38,12
1.0,180,98376.59,88426.9,0.7690497424,5,2,22,25
1.0,236,21260.47,9756.17,0.9798209748,3,2,28,40
4.0,240,0.0,36282.38,1.0,4,2,27,1
46.0,240,0.0,54489.7,1.0,4,2,16,2
18.0,300,36627.74,35185.93,0.0,4,2,15,18
0.0,180,41506.9,47211.2,0.0035006891,5,2,13,5
24.98,204,18853.79,17770.64,0.0,4,3,29,6
1.0,240,0.0,27801.67,0.0,4,2,38,14
68.0,218,32664.81,15792.89,0.891283356,3,4,22,43
71.0,360,0.0,304043.75,1.0,4,2,13,2
24.98,204,21190.5,20130.12,0.0,4,3,22,6
24.98,204,44155.69,41702.77,0.0,4,3,7,16
25.0,240,10160.61,11982.81,0.8926295251,3,2,22,32
64.0,300,0.0,68199.94,1.0,4,2,20,4
1.0,331,0.0,157600.89,1.0,5,2,22,1
1.0,300,61603.65,59314.94,0.0,4,2,16,6
89.0,72,0.0,1262.44,0.5237085884,4,1,14,58
24.98,360,97693.27,90689.89,0.0,5,2,9,6
1.0,240,0.0,68441.67,1.0,4,2,21,3
0.0,222,11449.99,4290.48,0.9073203931,3,2,12,53
24.98,60,5442.84,11169.1,0.0,5,2,44,10
1.0,234,13593.0,17485.02,0.8855528904,3,4,33,39
71.0,300,0.0,92529.96,1.0,4,2,15,1
1.0,300,0.0,51944.07,1.0,4,2,14,5
47.0,236,14260.37,14349.22,0.9586737119,3,2,32,51
94.0,234,13511.23,14117.12,0.9617089038,3,2,14,60
64.0,236,5870.74,8603.14,0.8851291505,3,4,28,41
24.98,180,35711.3,43115.44,0.1717282718,5,2,29,13
91.0,240,105533.26,93267.15,0.0,5,2,15,14
1.0,300,0.0,78682.6,1.0,4,2,13,1
24.98,220,15974.06,11390.42,0.9468930909,3,4,18,61
47.0,360,0.0,262883.91,1.0,5,2,18,2
0.0,270,142480.44,129065.19,0.0,5,2,20,9
53.0,300,0.0,41955.49,1.0,4,2,22,1
13.0,290,46536.63,49399.0,0.0579438855,5,2,18,10
8.0,240,46728.56,50762.98,0.0,1,2,87,3
1.0,111,19371.79,16222.61,0.8818636459,3,2,11,49
24.98,218,14775.47,9528.42,0.9312110507,3,4,17,32
0.0,240,0.0,48952.74,0.7025845487,5,2,23,12
1.0,228,23991.91,14104.0,0.8893228871,3,4,14,60
1.0,300,59170.62,54753.24,0.0,4,2,8,13
1.0,360,95675.84,100803.81,0.0508707955,5,2,20,16
1.0,180,0.0,52552.94,0.6337756395,5,2,14,2
70.0,144,63941.18,71171.71,0.0,5,2,20,6
8.0,300,0.0,42675.49,1.0,4,2,20,8
2.0,360,90398.22,77494.32,0.0,5,2,14,20
23.0,300,0.0,57209.76,1.0,4,2,25,3
24.98,360,0.0,156915.35,1.0,5,2,10,3
1.0,240,42244.58,32790.94,0.8259187993,4,2,16,49
4.0,230,10496.9,11645.76,0.9244609197,3,4,38,46
44.0,240,0.0,64956.06,1.0,5,2,27,1
24.98,300,0.0,80424.62,1.0,4,2,8,6
24.98,360,0.0,112405.8,1.0,5,2,8,2
24.0,240,36965.27,37991.06,0.0,4,2,7,4
24.98,240,25918.03,24863.74,0.0,4,2,44,5
25.0,230,8308.72,9612.49,0.8896872715,3,2,28,52
96.0,336,82939.29,83383.88,0.0053318459,5,2,21,2
1.0,240,100762.86,72437.54,1.0,5,2,28,28
24.98,236,10044.71,7457.72,0.9709763842,3,2,15,29
4.0,300,0.0,65531.88,1.0,4,2,21,7
24.98,240,84237.39,92216.89,0.0,5,2,50,3
24.98,180,15714.69,29987.46,0.0,5,2,26,24
9.0,240,10481.31,12061.25,0.8978107576,3,2,23,30
26.0,240,0.0,68983.95,0.7127598146,5,2,11,50
24.98,222,12703.09,7672.68,1.0,3,2,39,30
24.98,300,78638.22,74805.42,0.0,5,2,7,5
3.0,240,12511.94,12805.21,0.0,4,2,32,1
24.98,240,36814.47,51805.26,1.0,1,2,77,37
6.0,360,34697.29,34645.75,1.0,5,2,17,26
24.98,240,111133.04,102947.23,0.0,1,2,34,5
24.98,222,26707.33,6188.4,0.942056105,3,2,17,26
24.98,240,0.0,19932.1,0.758955933,4,2,20,12
93.0,240,165856.15,166503.9,0.0038902993,5,2,19,2
2.0,240,0.0,35199.24,1.0,5,2,47,8
1.0,240,0.0,85890.91,0.6807749455,5,2,15,1
1.0,240,0.0,72033.22,1.0,4,2,39,2
24.98,240,146326.71,138734.29,0.0,5,2,18,5
11.0,234,21556.81,26286.11,0.1799163132,3,4,51,7
1.0,300,0.0,71924.01,1.0,4,2,20,4
60.0,300,0.0,54839.41,1.0,4,2,16,1
1.0,240,0.0,22039.44,0.0,5,2,45,11
1.0,240,72620.88,64992.18,0.0,4,2,30,12
1.0,120,0.0,60607.43,1.0,5,2,48,2
94.0,180,36104.44,39324.38,0.0,4,3,37,7
24.98,240,100536.55,96326.91,0.0,5,2,9,5
20.0,230,20375.0,22268.3,0.9009363086,3,2,28,31
76.0,300,48687.7,49524.79,0.0169024442,4,2,38,3
0.0,360,222897.15,189287.92,0.0,5,2,18,15
59.0,240,0.0,42098.59,1.0,5,2,19,2
1.0,240,31232.02,39195.85,0.2031804387,1,2,122,12
93.0,180,76318.16,84954.18,0.0,5,2,19,10
9.0,360,0.0,153516.61,1.0,5,2,24,7
3.0,240,0.0,104584.53,1.0,5,2,25,4
1.0,360,57534.36,59437.73,0.0320229255,4,2,41,2
90.0,202,40348.97,40972.14,0.0,5,2,17,8
24.98,240,7215.21,15538.67,0.4304158411,4,2,58,10
4.0,236,21262.15,10914.4,1.0,3,2,42,26
1.0,240,0.0,201666.24,1.0,5,2,25,5
24.98,240,35272.24,34601.1,0.0,3,4,26,14
24.98,240,68738.67,68710.47,0.0,5,2,30,6
10.0,300,0.0,48273.24,1.0,4,2,10,1
1.0,360,0.0,28367.28,1.0,5,2,35,14
0.0,92,0.0,7815.86,1.0,1,2,80,14
5.0,240,110203.45,131037.59,0.158993614,5,2,67,11
1.0,222,8033.53,7680.84,1.0,3,2,39,30
81.0,240,23434.67,24607.7,0.0,5,2,27,12
0.0,360,0.0,188440.11,1.0,5,2,21,11
24.98,300,0.0,83465.13,1.0,4,2,11,4
73.0,240,0.0,180125.46,1.0,5,2,27,4
24.98,300,60197.41,58146.53,0.0,4,2,7,7
7.0,236,16072.78,19301.88,0.9241887319,3,2,14,65
24.98,360,0.0,144953.86,1.0,5,2,9,4
94.0,236,18550.78,17327.4,0.9287227166,3,2,24,41
45.0,229,16264.55,19672.8,0.8646029035,3,2,50,33
1.0,234,14892.43,14487.47,0.9821528535,3,2,32,48
1.0,300,0.0,47481.48,1.0,4,2,7,18
1.0,300,83644.03,78439.28,0.0,4,2,7,10
1.0,240,0.0,33966.61,1.0,4,2,44,11
1.0,360,0.0,89307.85,1.0,5,2,30,8
24.98,240,24904.11,28208.55,0.1171432066,1,2,53,5
1.0,240,20748.79,18107.6,0.9840083722,3,4,24,38
29.0,300,44699.72,45525.75,0.0181442371,4,2,8,1
1.0,240,0.0,43597.07,1.0,4,2,32,6
76.0,240,48278.47,45039.44,0.0,5,2,18,12
0.0,300,89340.22,81171.35,0.0,4,2,7,16
10.0,240,11109.41,11445.97,0.9407511989,3,2,25,29
71.0,300,0.0,52951.91,1.0,4,2,16,7
1.0,240,0.0,113625.7,1.0,5,2,30,7
24.98,240,64877.58,63609.17,0.0,5,2,52,2
77.0,240,0.0,47948.42,1.0,4,2,81,4
2.0,240,0.0,80007.01,0.6715219899,5,2,27,13
4.0,240,139276.36,156675.07,0.7996018546,5,2,20,31
1.0,240,31106.55,28600.37,0.7251216958,5,2,28,42
0.0,360,0.0,58384.67,0.7913742915,5,2,12,1
1.0,360,0.0,115943.53,1.0,5,2,23,1
24.98,180,2844.18,3653.44,0.718399646,4,2,34,27
4.0,240,187252.57,189942.46,0.0141616045,5,2,19,1
95.0,360,0.0,81339.25,1.0,5,2,24,3
76.0,236,16070.6,19288.84,0.93345323,3,2,14,65
13.0,222,13550.35,12621.66,0.9621087876,3,4,30,53
1.0,240,23739.34,29102.94,0.9298369855,3,4,15,41
0.0,240,0.0,38229.99,1.0,4,2,18,10
92.0,240,56512.1,57909.56,0.0241317668,4,2,11,1
24.98,84,87407.28,85346.06,0.0,1,2,43,1
4.0,360,0.0,142515.43,1.0,5,2,15,1
95.0,204,110083.34,120202.51,0.0,5,2,42,8
1.0,240,95861.21,65582.15,0.7651227364,5,2,17,35
3.0,300,42226.93,42242.42,0.000366693,4,2,20,3
4.0,240,25588.75,23324.8,0.0,5,2,25,9
1.0,300,30384.54,26247.83,0.0,4,2,7,10
24.98,360,145821.99,144136.32,0.0,5,2,25,1
24.98,120,26751.02,31340.27,0.0,5,2,7,19
0.0,240,138500.29,108113.99,0.0,5,2,27,21
1.0,240,0.0,50138.49,1.0,5,2,24,18
94.0,224,14923.81,17852.06,0.890134808,3,2,17,55
24.98,200,0.0,11264.0,0.8805379972,3,4,20,11
0.0,240,0.0,117518.19,0.7127923823,5,2,33,17
24.98,240,80426.42,82621.96,0.0,5,2,51,10
1.0,340,0.0,94437.29,1.0,5,2,16,7
45.0,300,0.0,47855.83,1.0,4,2,17,0
0.0,240,15208.37,14261.76,0.0,4,2,18,10
5.0,300,0.0,49580.14,1.0,4,2,12,6
11.0,300,0.0,12415.97,1.0,4,2,23,0
24.98,240,8185.59,8027.65,0.0,4,2,56,2
94.0,240,19221.72,19667.74,0.9437337488,3,2,30,31
94.0,300,57660.05,58394.25,0.0125731557,4,2,29,1
24.98,168,54996.62,59387.37,0.0,1,2,74,19
1.0,240,0.0,61218.32,0.8875156568,5,2,34,27
81.0,240,56663.56,65983.8,0.7844672183,4,2,39,32
90.0,204,39892.73,40603.28,0.0,5,2,21,1
0.0,240,0.0,126407.0,1.0,5,2,12,2
1.0,300,0.0,81748.19,1.0,4,2,21,2
88.0,240,48734.83,46141.58,0.0,4,2,34,7
1.0,300,0.0,39227.62,1.0,4,2,10,4
24.98,180,33734.97,37068.53,0.0,1,2,41,19
1.0,240,0.0,56548.86,1.0,5,2,60,3
94.0,300,0.0,57840.48,1.0,4,2,36,4
71.0,242,0.0,97884.83,1.0,5,2,20,2
24.98,222,11454.57,4283.58,0.9204497173,3,2,14,51
2.0,240,0.0,67120.87,1.0,4,2,20,6
24.98,230,20375.01,22003.81,0.9319858697,3,2,28,31
24.98,120,43644.77,42516.87,0.0,5,2,51,2
1.0,240,8309.96,9132.06,0.0900234996,3,2,48,16
24.98,240,25408.02,23808.46,0.0,4,2,25,6
24.98,240,13850.13,22227.94,0.7809078143,4,2,16,33
2.0,236,15013.51,13579.67,0.9318392862,3,2,24,41
10.0,240,56774.11,56999.77,0.0039589633,5,2,39,2
24.98,180,39767.15,49021.77,0.6879984938,5,2,11,34
1.0,240,0.0,87388.51,1.0,4,2,40,3
2.0,240,0.0,31673.64,1.0,4,2,41,0
24.98,236,21302.91,13201.44,0.9330065508,3,2,7,66
1.0,240,0.0,19319.24,0.7566189268,4,2,33,22
24.98,180,53802.77,62502.31,0.0,5,2,18,21
0.0,240,132282.03,127184.47,0.0,5,2,33,3
24.98,240,45322.82,45047.65,0.0,4,2,40,1
24.98,300,0.0,61585.31,1.0,4,2,7,3
1.0,300,0.0,29880.73,1.0,4,2,44,4
1.0,300,0.0,27090.68,1.0,4,2,13,11
1.0,240,0.0,48620.41,0.9289329922,4,2,28,1
1.0,240,0.0,103169.26,0.8272266855,5,2,43,1
24.98,300,56589.75,55140.12,0.0,4,2,7,4
7.0,300,0.0,60854.77,1.0,4,2,34,2
61.0,300,0.0,40189.59,1.0,4,2,23,1
24.98,240,79909.23,72466.06,0.7568027015,5,2,9,27
94.0,240,127886.95,121339.97,0.0,5,2,18,5
0.0,240,0.0,24083.89,0.6143481105,1,2,18,10
24.98,240,38963.39,42295.85,0.0,4,2,22,7
1.0,236,21260.47,9851.59,0.9651102005,3,2,28,40
12.0,180,0.0,92530.05,0.6567367487,5,2,18,5
1.0,300,39165.94,38095.74,0.0,4,2,11,5
70.0,300,62204.76,60034.73,0.0,4,2,21,6
1.0,240,10239.8,11467.61,0.1070676453,3,2,36,19
1.0,240,26186.13,26576.86,0.0,3,4,47,17
24.98,180,38147.71,38191.67,0.0011510363,5,2,24,0
0.0,120,0.0,19266.36,1.0,5,2,48,0
24.98,218,32912.84,15792.89,0.9114582575,3,4,22,43
44.0,236,16072.78,19384.9,0.906467405,3,2,14,65
1.0,300,0.0,58104.79,1.0,4,2,28,7
24.98,240,12863.01,11851.81,0.0,4,2,19,11
56.0,240,78577.4,81462.51,0.0,5,2,10,4
1.0,232,15190.65,18060.11,0.9385479933,3,2,24,59
22.0,300,0.0,50828.52,1.0,4,2,21,3
94.0,232,15256.33,18060.11,0.9191427959,3,2,24,59
0.0,240,0.0,103381.19,0.6930290877,5,2,19,24
45.0,300,0.0,42103.24,1.0,4,2,17,2
28.0,240,0.0,99593.24,1.0,5,2,39,4
22.0,240,0.0,58812.93,1.0,5,2,56,1
5.0,322,0.0,167659.56,1.0,5,2,18,3
10.0,240,10220.42,12059.65,0.8980459632,3,2,21,33
1.0,222,13549.34,12653.85,0.9581163045,3,4,30,53
24.98,240,70859.62,76529.48,0.0,5,2,13,6
24.98,240,194546.36,149944.77,0.0,5,2,10,22
24.98,240,44272.64,42410.33,0.0,5,2,15,4
8.0,230,20379.2,21995.84,0.9331369023,3,2,28,31
1.0,360,0.0,157739.87,1.0,5,2,27,2
7.0,300,0.0,81407.51,1.0,4,2,12,6
94.0,240,43828.17,46361.88,0.0,5,2,30,12
24.98,240,84404.01,78350.84,0.0,5,2,8,7
19.0,204,0.0,14235.15,1.0,4,3,64,1
1.0,240,20752.31,18112.55,0.9805897016,3,4,23,39
24.98,230,76343.01,76428.84,0.0,4,2,32,19
1.0,236,8839.03,12136.28,0.9136522888,3,4,18,48
24.98,180,18701.62,30855.47,0.7546126537,5,2,14,38
90.0,218,28330.28,24273.24,0.0,3,4,39,17
30.0,300,0.0,48252.49,1.0,4,2,20,7
24.98,180,76938.6,96260.31,0.0,5,2,26,18
24.98,240,67925.83,71877.45,0.0,5,2,34,9
24.98,120,70672.74,63605.95,0.0,1,2,33,7
66.0,360,0.0,122083.6,1.0,5,2,27,2
1.0,240,0.0,47736.81,0.9381179488,5,2,29,48
8.0,240,0.0,50204.75,1.0,4,2,58,2
3.0,360,0.0,251301.62,1.0,5,2,12,8
24.98,180,74785.2,68273.71,0.0,5,2,21,7
2.0,225,11346.01,11568.79,0.0192569837,3,2,46,22
32.0,240,19090.43,58177.12,0.0,5,2,24,22
2.0,360,260425.78,264740.34,0.0162973274,5,2,7,9
1.0,300,0.0,53390.16,1.0,4,2,19,3
24.98,240,75095.35,70521.25,0.0,4,2,25,21
56.0,192,0.0,163908.3,1.0,5,2,27,0
1.0,240,94591.67,99270.79,0.7161985089,1,2,25,53
3.0,218,33238.61,18075.86,0.8479458239,3,4,24,40
24.98,300,0.0,86599.79,1.0,4,2,11,3
8.0,180,0.0,139756.98,1.0,5,2,34,1
24.98,240,95247.26,90694.85,0.0,5,2,14,4
2.0,300,66650.21,63330.02,0.0,4,2,11,8
1.0,240,0.0,237586.72,0.8312117952,5,2,15,37
0.0,240,50993.32,56246.1,0.0933892305,4,2,18,10
4.0,240,7245.09,2293.33,0.8944199047,3,4,8,53
1.0,360,0.0,89363.31,0.0,5,2,13,17
4.0,240,16002.29,17003.64,0.0588903317,4,2,28,7
25.0,240,0.0,54047.82,0.7055666593,5,2,42,1
28.0,300,0.0,56786.83,1.0,4,2,20,8
1.0,222,11968.16,5544.74,0.9395841825,3,2,21,49
0.0,240,40937.47,45949.8,0.1090827381,5,2,52,8
5.0,360,0.0,77131.75,1.0,5,2,30,1
24.98,300,51774.67,50216.04,0.0,4,2,8,6
81.0,240,80944.46,78896.28,0.0,4,2,19,4
24.98,240,161035.91,144013.42,0.0,5,2,12,9
1.0,222,12685.39,7733.47,1.0,3,2,39,30
24.98,300,56847.06,55377.9,0.0,4,2,7,4
2.0,240,10578.62,11066.44,0.0440810233,3,2,45,10
6.0,240,0.0,75301.64,1.0,4,2,40,3
39.0,236,18395.41,17164.39,0.9386404061,3,2,24,41
24.98,240,292485.86,211335.23,0.0,5,2,18,24
0.0,240,27368.6,29013.59,0.9954893552,3,4,18,38
0.0,220,0.0,142003.57,0.6564245724,1,2,23,19
1.0,360,0.0,42187.69,1.0,5,2,28,8
1.0,204,0.0,16489.25,1.0,4,2,52,10
10.0,120,0.0,54133.03,1.0,5,2,31,1
24.98,240,173659.38,135406.16,0.0,5,2,31,19
24.98,240,151787.48,144888.8,0.0,5,2,18,5
34.0,240,101894.59,99088.63,0.0,5,2,20,5
96.0,240,0.0,87664.67,1.0,5,2,31,2
24.98,220,13167.05,11390.42,0.9492687715,3,4,18,61
36.0,204,0.0,87811.74,0.6987811702,4,3,65,10
18.0,240,0.0,143090.97,0.0,5,2,29,9
24.98,240,50191.76,68033.19,0.7391375061,5,2,27,27
24.98,240,61452.19,49492.78,0.0,4,2,40,17
24.98,240,107588.32,105859.41,0.0,5,2,30,2
60.0,240,0.0,67359.67,1.0,5,2,42,3
1.0,235,13081.03,13352.39,0.9446009291,3,2,13,62
24.98,240,105718.47,97474.95,0.0,5,2,28,7
2.0,228,13207.54,12149.72,0.0,3,2,49,13
2.0,332,0.0,54804.28,0.6946871296,5,2,18,6
24.98,180,12901.68,13873.51,0.0,4,2,10,14
1.0,300,77366.2,68866.43,0.0,4,2,10,18
1.0,300,65655.22,71067.39,0.0761554631,4,2,7,11
7.0,180,64467.03,71445.41,0.0,5,2,19,11
24.98,180,36907.02,29079.2,0.0,1,2,44,14
1.0,240,0.0,115068.2,0.7724699407,5,2,17,19
1.0,218,28572.16,28973.94,0.0138669439,3,2,60,15
24.98,300,38650.33,35636.92,0.0,4,2,18,12
94.0,240,70362.24,40979.18,0.7689155626,4,2,7,30
1.0,240,35528.98,34949.16,0.0,3,4,41,14
5.0,231,7862.07,9350.33,0.9195472245,3,2,49,29
1.0,240,0.0,10316.64,1.0,4,2,23,10
94.0,240,23189.4,24841.37,0.0,4,2,23,4
94.0,204,37922.58,38166.21,0.0,4,3,37,3
3.0,240,96118.45,91507.72,0.0,5,2,34,4
7.0,240,19221.67,19698.93,0.9632914072,3,2,25,36
24.98,300,0.0,43270.11,1.0,4,2,12,1
24.98,240,0.0,19706.01,0.8005961674,4,2,12,8
1.0,240,0.0,76854.7,0.7831172693,4,2,43,5
31.0,228,13214.84,12060.71,0.0,3,2,41,21
1.0,240,62872.81,61217.34,0.0,5,2,48,16
60.0,240,0.0,32823.23,1.0,5,2,28,10
11.0,300,85065.02,82811.35,0.0,4,2,13,4
9.0,240,19221.73,19904.65,0.9695136564,3,2,19,42
24.98,240,120480.6,130927.17,0.7259630821,5,2,17,26
24.98,236,21262.15,9815.35,0.9839068398,3,2,28,40
1.0,240,17383.57,20661.48,0.900655229,3,2,28,33
95.0,240,0.0,87813.3,1.0,5,2,38,5
2.0,228,12656.11,15918.08,0.2049223273,3,4,58,12
44.0,300,0.0,47125.85,1.0,4,2,24,5
56.0,240,52221.1,51009.83,0.0,5,2,9,6
8.0,240,0.0,71064.4,0.7397899016,5,2,45,4
91.0,120,10489.75,18775.2,0.6253244273,5,2,9,48
4.0,300,116669.43,110731.64,0.0,5,2,27,5
64.0,240,57065.66,38673.97,0.0,4,2,13,12
70.0,230,10496.9,11646.56,0.9465404377,3,4,38,46
9.0,240,0.0,135655.8,1.0,5,2,37,1
24.98,300,0.0,89451.53,1.0,4,2,14,4
96.0,360,56629.55,58262.27,0.0280236249,5,2,20,6
1.0,240,22071.69,14500.21,0.9514269104,3,4,20,37
0.0,360,0.0,132822.65,1.0,5,2,8,14
24.0,300,21005.34,21179.53,0.0082244507,4,2,18,1
0.0,240,47696.98,44646.69,0.0,5,2,27,14
1.0,360,329479.57,266729.7,0.0,5,2,7,19
56.0,240,67678.93,66214.78,0.0,4,2,30,3
24.98,240,53058.27,57530.0,0.0777286633,4,2,27,5
24.98,240,26780.56,29806.27,0.0,4,2,32,10
1.0,218,33681.78,17718.05,0.9281478492,3,4,24,40
1.0,300,0.0,61188.78,1.0,5,2,17,3
1.0,240,21679.84,21946.73,0.0121608094,5,2,35,1
76.0,300,0.0,40690.13,1.0,4,2,22,2
93.0,240,68550.38,74127.83,0.0,5,2,10,3
1.0,234,11781.51,15240.52,1.0,3,2,22,52
24.98,240,102713.24,100088.1,0.0,5,2,10,2
60.0,240,0.0,53086.12,1.0,4,2,31,4
24.98,204,39912.09,44376.11,0.0,5,2,42,8
94.0,240,30242.79,59321.16,0.0,5,2,45,12
1.0,228,10808.24,11303.88,1.0,3,4,21,39
22.0,240,0.0,58542.65,0.0,4,2,28,11
90.0,300,0.0,73773.77,1.0,4,2,30,5
71.0,240,153257.03,167097.0,0.7281651622,4,2,15,27
41.0,218,32534.84,15792.89,0.891283356,3,4,22,43
24.98,72,58484.85,53405.56,0.0,5,2,8,7
24.98,180,43113.82,55703.96,0.7122039819,5,2,9,31
1.0,240,26319.94,26585.39,0.0099848074,3,4,45,16
2.0,240,109984.67,131428.82,0.6639764926,5,2,9,51
1.0,360,82432.05,80976.55,0.0,5,2,36,1
1.0,300,0.0,73808.86,1.0,4,2,13,14
4.0,240,385800.24,389945.4,0.0,5,2,15,6
24.98,240,69454.98,60575.14,0.8137334196,5,2,15,31
1.0,236,21249.77,10892.09,0.9400363016,3,2,38,30
1.0,300,45682.78,45965.23,0.0061448621,4,2,20,2
24.98,240,124064.74,120683.43,0.0,5,2,16,3
25.0,234,15900.11,17411.1,0.0867831441,3,2,65,9
68.0,218,32642.31,15691.5,0.9175419813,3,4,22,43
94.0,200,8866.53,10623.44,0.8625840594,3,4,21,58
1.0,240,10239.8,11170.23,0.0832955096,3,2,44,11
11.0,360,0.0,48180.83,1.0,5,2,23,7
0.0,360,0.0,92049.67,1.0,5,2,15,7
94.0,240,19809.55,10092.64,0.0,3,4,15,21
94.0,240,19706.16,21770.08,0.0,3,2,35,22
7.0,240,70701.63,65044.98,0.0,5,2,23,8
24.98,240,43952.32,40571.42,0.0,4,2,37,8
1.0,240,124362.33,110507.53,0.0,5,2,14,16
52.0,240,0.0,33463.79,1.0,4,2,57,4
1.0,360,0.0,122638.21,1.0,5,2,19,1
24.98,240,65072.88,64336.63,0.0,4,2,33,2
57.0,240,29193.73,35600.28,0.8135004481,4,2,34,30
4.0,220,5686.83,6458.05,0.1194199487,3,2,67,16
24.98,232,15423.21,12509.38,0.9750371321,3,2,31,32
93.0,230,11483.38,13838.13,0.9091792027,3,4,33,29
24.98,240,81951.88,79505.0,0.0,5,2,19,3
1.0,240,0.0,64409.5,1.0,4,2,13,6
94.0,234,13510.84,14125.48,0.9600764009,3,2,14,60
0.0,360,0.0,151753.8,0.7165688881,5,2,10,17
1.0,360,0.0,119553.88,1.0,5,2,18,4
79.0,240,94994.34,91921.57,0.0,5,2,16,8
13.0,232,15613.74,18598.96,0.9246914881,3,2,24,59
1.0,216,16358.15,20195.84,0.904086188,3,4,10,44
1.0,222,11449.99,4293.12,0.919426897,3,2,13,52
8.0,236,21260.47,9833.87,0.9570301417,3,2,28,40
24.98,240,64278.44,63574.09,0.0,5,2,12,17
4.0,300,0.0,74280.55,1.0,4,2,15,1
1.0,240,86162.78,28654.98,0.0,4,2,7,23
32.0,248,76567.96,80990.79,0.0,5,2,15,13
1.0,204,12985.96,12614.46,0.0,5,2,65,2
24.98,218,14375.61,9591.01,0.9130477395,3,4,17,32
77.0,96,0.0,20555.17,1.0,5,2,12,1
24.98,360,140458.84,134380.02,0.0,5,2,8,4
30.0,240,62777.3,62209.61,0.0,5,2,16,3
25.0,240,0.0,35485.94,0.7070827946,5,2,9,23
46.0,300,0.0,67082.26,1.0,4,2,18,7
2.0,240,19710.24,21646.01,0.0894284905,3,2,44,13
96.0,300,49318.16,49820.66,0.0100861771,4,2,18,1
24.98,222,13455.71,7451.12,1.0,3,2,37,30
24.98,240,41425.63,49820.08,0.0,1,2,90,10
5.0,119,0.0,21847.17,1.0,5,2,38,3
25.0,300,25340.5,24600.13,0.0,4,2,23,5
1.0,240,0.0,31146.81,0.9226027927,4,2,22,3
31.0,300,0.0,91545.22,1.0,4,2,23,3
2.0,300,47628.87,47108.61,0.0,4,2,18,3
2.0,300,0.0,86910.58,1.0,4,2,16,2
42.0,96,0.0,34575.1,1.0,5,2,74,1
93.0,240,18574.75,14495.09,0.9270532297,3,4,20,37
1.0,222,11450.79,4301.36,0.9301802221,3,2,18,47
2.0,300,70112.86,68983.95,0.0,4,2,22,3
1.0,300,0.0,60072.85,0.8392142274,4,2,14,1
44.0,240,8286.19,9996.89,0.8775649227,3,2,28,36
1.0,240,26188.51,26461.22,0.0,3,4,31,24
32.0,282,0.0,93058.32,1.0,5,2,28,1
46.0,300,0.0,31953.78,1.0,4,2,31,7
16.0,360,0.0,130292.34,1.0,5,2,18,3
24.98,168,98944.97,93611.77,0.0,2,2,79,4
24.98,360,184526.2,168362.21,0.0,5,2,15,8
16.0,119,42864.69,42119.43,0.0,5,2,16,4
1.0,236,14670.06,9851.59,0.9799626253,3,2,28,40
24.98,240,24586.34,28830.11,0.719588942,5,2,10,29
17.0,240,16476.0,20175.01,0.7772266554,4,2,18,37
24.98,232,17404.65,18143.08,0.9161763052,3,2,24,29
77.0,358,0.0,152915.47,1.0,5,2,13,4
0.0,240,10481.31,11507.89,0.0892066226,3,2,36,17
9.0,360,66826.25,51364.8,0.7630658909,5,2,19,26
91.0,180,71348.51,70354.21,0.0,5,2,26,1
24.98,360,0.0,106025.28,1.0,5,2,7,2
24.98,224,14968.28,17825.51,0.8919789672,3,2,19,53
24.98,240,10782.63,24876.36,0.8020233022,4,2,25,29
94.0,180,63869.58,67404.04,0.0,5,2,16,2
85.0,329,0.0,79776.19,1.0,5,2,33,4
24.98,240,95139.23,88292.77,0.0,5,2,15,6
2.0,180,0.0,50604.06,0.6020196272,1,2,70,25
0.0,300,44655.64,43824.22,0.0,4,2,23,3
11.0,240,50546.33,49980.91,0.0,4,2,30,4
1.0,290,0.0,118365.66,0.6694337011,5,2,7,5
4.0,240,10109.43,10590.64,0.0454372918,3,2,46,10
85.0,360,73230.17,74007.5,0.0105033949,5,2,36,1
45.0,240,46789.92,44971.01,0.0,4,2,13,5
94.0,240,11108.89,11462.66,0.9207653372,3,2,27,27
24.98,240,71485.98,81283.88,0.0,4,2,18,11
4.0,236,19371.79,15774.24,0.9684054509,3,2,14,46
56.0,240,40242.44,46849.05,0.0,5,2,26,17
68.0,218,32695.91,15676.6,0.9214631999,3,4,22,43
25.0,240,56746.88,63800.98,0.0,5,2,13,15
85.0,300,0.0,74556.37,1.0,4,2,30,2
4.0,240,7589.0,2476.77,0.8065100918,3,4,8,53
1.0,236,21249.77,9860.02,0.9729838276,3,2,28,40
1.0,240,0.0,30615.26,0.6638342446,1,2,112,28
2.0,360,0.0,157171.09,1.0,5,2,14,2
6.0,240,0.0,65174.01,1.0,4,2,33,4
16.0,360,0.0,74658.77,1.0,5,2,16,8
0.0,96,9369.36,13298.28,0.2954457268,5,2,37,11
68.0,218,33445.04,17724.5,0.9266659144,3,4,24,40
94.0,236,3544.85,6014.19,0.8288115274,3,4,27,55
4.0,236,21223.83,15797.58,0.0,3,2,57,11
1.0,300,0.0,62819.68,1.0,4,2,10,13
1.0,300,0.0,51101.35,1.0,4,2,14,5
0.0,300,0.0,80343.31,0.8165770427,4,2,9,19
1.0,240,26316.66,26578.24,0.0098418857,3,4,41,14
23.0,360,119738.02,119199.05,0.0,4,2,16,2
1.0,300,80341.43,76014.3,0.0,4,2,8,10
24.98,222,11455.64,4283.58,0.9282212542,3,2,14,51
1.0,240,169944.61,139435.65,0.0,5,2,13,17
71.0,120,0.0,71417.53,1.0,1,2,12,3
46.0,300,0.0,50848.11,1.0,4,2,32,3
93.0,230,13633.25,15975.47,0.9106448824,3,2,23,53
1.0,240,10239.81,10976.86,0.0671457958,3,2,43,12
25.0,300,0.0,40100.3,1.0,4,2,10,2
52.0,240,42712.96,47053.46,0.0,5,2,9,22
70.0,240,57963.41,61790.56,0.0,5,2,13,3
94.0,236,18396.86,17154.64,0.926579048,3,2,24,41
13.0,235,13081.03,13185.34,0.9642967113,3,2,49,26
24.98,228,28681.39,27135.17,0.0,3,4,41,18
24.98,200,56780.97,54584.7,0.0,5,2,23,3
0.0,240,0.0,43416.38,1.0,4,2,27,13
1.0,360,0.0,81573.63,0.730970103,5,2,17,2
24.98,240,75178.21,74747.72,0.0,5,2,11,1
9.0,300,0.0,32214.29,1.0,4,2,16,3
1.0,300,46403.6,43944.12,0.0,4,2,15,9
70.0,240,87920.99,84572.33,0.0,4,2,10,5
70.0,300,0.0,73453.65,1.0,4,2,20,5
96.0,120,19869.66,52097.15,0.6004944874,5,2,25,27
28.0,228,162323.5,160277.57,0.0,5,2,17,16
8.0,225,11346.01,11557.52,0.0,3,2,46,22
1.0,300,0.0,51333.81,1.0,4,2,13,4
1.0,360,84883.33,91132.65,0.0685738865,5,2,24,6
93.0,224,14961.61,17840.36,0.8907589309,3,2,17,55
12.0,240,0.0,53961.3,0.0,4,2,14,23
40.0,300,0.0,58967.68,1.0,4,2,17,8
1.0,236,8262.89,30623.13,0.7301748711,5,2,44,5
24.98,240,40616.3,39115.2,0.0,5,2,32,3
70.0,300,50899.6,49733.06,0.0,4,2,37,5
32.0,236,21249.77,15700.6,0.0,3,2,58,10
1.0,300,0.0,40202.51,0.7584285139,4,2,12,19
1.0,300,40920.67,44482.62,0.0800750945,4,2,32,13
3.0,360,0.0,131607.16,1.0,5,2,16,3
94.0,240,87953.93,96163.83,0.5552355039,1,2,41,31
24.98,240,116595.15,104507.18,0.0,5,2,13,11
23.0,300,0.0,66303.07,1.0,4,2,27,2
8.0,300,19036.93,19359.25,0.0,4,2,12,1
24.98,300,0.0,84997.73,1.0,4,2,12,3
1.0,240,10526.92,11650.98,1.0,3,2,29,25
24.98,240,60729.35,59060.59,0.0,4,2,29,2
72.0,240,24934.03,28014.98,0.1099750919,5,2,45,5
24.98,240,14809.76,14451.39,0.0,4,2,32,4
0.0,360,0.0,192341.12,1.0,5,2,10,15
8.0,235,8931.11,12379.26,0.8711764677,3,2,22,64
1.0,360,54027.85,52860.63,0.0,5,2,14,2
1.0,236,21260.47,10930.94,0.0,3,2,50,18
2.0,240,135400.24,136863.79,0.0,5,2,13,1
13.0,236,15423.21,12529.44,0.9750770984,3,2,31,32
24.98,218,14775.33,9591.01,0.9058336922,3,4,17,32
21.0,214,22966.6,26135.72,0.121256273,1,2,125,11
1.0,300,51771.39,49080.57,0.0,4,2,26,7
1.0,360,0.0,150316.92,1.0,5,2,14,9
1.0,240,0.0,200045.22,1.0,5,2,34,2
4.0,240,0.0,29003.05,0.7756315624,4,2,34,41
1.0,360,92926.89,92727.51,0.0,4,2,11,1
0.0,300,0.0,93061.44,1.0,4,2,9,2
1.0,360,0.0,78710.56,1.0,5,2,12,2
2.0,360,0.0,94887.56,1.0,5,2,31,1
2.0,240,0.0,128002.65,1.0,5,2,38,4
1.0,300,0.0,72219.03,1.0,4,2,30,4
24.98,240,99228.84,89098.35,0.0,5,2,10,10
1.0,300,0.0,29382.29,1.0,4,2,18,2
24.98,180,50350.39,47499.54,0.0,5,2,36,5
1.0,300,0.0,25372.08,1.0,4,2,50,1
1.0,300,145508.77,141052.82,0.0,5,2,18,18
24.98,218,13760.94,9814.34,0.8636372899,3,4,17,32
94.0,262,129962.77,136589.66,0.0,4,2,12,8
1.0,240,0.0,62679.99,0.8315474757,5,2,19,36
24.98,240,198259.87,195954.5,0.0,5,2,20,1
56.0,234,14892.43,14794.77,0.9674594468,3,2,40,40
1.0,180,18512.83,49987.35,0.7766399933,5,2,26,40
2.0,240,0.0,36225.92,0.0,4,2,25,17
5.0,300,0.0,87190.24,1.0,4,2,20,5
24.98,240,24987.14,21694.99,0.0,4,2,45,18
56.0,240,28561.01,23958.18,0.0,5,2,7,3
91.0,240,53051.6,58785.99,0.6588292772,5,2,18,39
24.98,204,26615.99,28663.03,0.0,4,2,45,16
4.0,240,10502.54,9084.6,0.0,3,4,35,18
22.0,240,0.0,63718.33,1.0,5,2,15,5
5.0,300,123566.0,110887.7,0.0,5,2,21,11
24.98,222,26705.5,6199.33,0.9378723185,3,2,17,26
2.0,300,66533.96,65942.65,0.0,4,2,30,1
24.98,228,24270.37,14104.0,0.893447249,3,4,14,60
3.0,240,0.0,85305.02,0.7565446883,5,2,28,19
24.98,350,0.0,187718.07,1.0,5,2,8,2
1.0,240,10009.05,12136.4,0.9361960713,3,2,18,40
3.0,239,19263.43,19376.02,1.0,1,2,48,58
53.0,300,0.0,34806.85,1.0,4,2,35,1
1.0,240,10116.95,11060.95,0.0853452913,3,2,35,21
1.0,228,24270.5,14198.0,0.8464699253,3,4,14,60
1.0,240,0.0,41293.08,1.0,4,2,60,4
65.0,180,28758.43,68812.01,0.7113612106,4,2,14,34
47.0,240,10578.62,11962.04,0.1156508422,3,2,31,24
4.0,240,0.0,29286.54,1.0,4,2,56,4
13.0,232,15421.74,12548.89,0.9728900325,3,2,31,32
24.98,300,0.0,63499.89,1.0,4,2,10,1
52.0,240,0.0,26671.75,1.0,4,2,22,7
94.0,240,51229.46,49958.54,0.0,5,2,35,2
22.0,300,81244.48,79498.48,0.0,4,2,13,4
1.0,218,32715.49,15675.62,0.9217109116,3,4,22,43
24.98,300,0.0,79920.98,1.0,4,2,8,2
1.0,240,0.0,46121.1,0.7616588356,5,2,31,42
94.0,236,9347.58,10987.6,0.8896774546,3,4,7,64
0.0,333,0.0,208094.83,1.0,5,2,11,4
2.0,240,0.0,120451.42,1.0,5,2,26,3
1.0,120,0.0,22617.33,0.8327127375,5,2,13,3
29.0,325,0.0,51757.6,1.0,5,2,25,4
24.98,240,67012.34,64234.56,0.0,5,2,10,4
14.0,230,8256.85,9612.49,0.9079270824,3,2,28,52
1.0,300,0.0,84567.1,1.0,5,2,13,7
24.98,120,20297.22,22780.06,0.0,5,2,32,11
24.98,240,59745.75,58401.35,0.0,5,2,11,2
3.0,240,39138.94,40165.24,0.0,4,2,15,8
24.98,240,35273.35,35575.03,0.0084801053,3,4,39,1
0.0,240,115724.4,90278.01,0.8532283045,4,2,13,33
24.98,300,0.0,77483.7,1.0,4,2,9,7
0.0,360,228371.62,208801.03,0.0,5,2,10,21
89.0,72,0.0,1382.83,0.4785941576,4,1,14,58
1.0,300,0.0,60888.28,1.0,4,2,9,8
9.0,300,0.0,74110.0,1.0,5,2,17,1
90.0,232,15175.96,18182.93,0.912216568,3,2,24,59
24.98,30,0.0,23083.18,1.0,5,2,37,8
24.98,204,28940.58,28520.98,0.0,4,2,17,2
89.0,72,0.0,1723.73,0.4476462031,4,1,20,52
1.0,240,37570.78,37728.35,0.004176435,4,2,20,10
24.98,240,54394.85,51600.0,0.0,5,2,20,5
24.98,240,30644.42,30431.77,0.0,5,2,33,1
1.0,220,5686.84,7134.24,0.9043528112,3,2,19,64
4.0,240,99117.86,108697.29,1.0,5,2,39,25
53.0,176,0.0,100910.68,1.0,5,2,24,2
1.0,240,0.0,27948.67,0.6956668052,1,2,38,1
44.0,300,0.0,61661.03,1.0,4,2,25,2
89.0,72,0.0,1384.03,0.5696398503,4,1,8,64
0.0,240,0.0,69937.13,0.6874305768,1,2,30,27
0.0,300,0.0,38859.45,1.0,4,2,13,8
1.0,300,0.0,26164.71,1.0,4,2,35,18
26.0,360,66923.13,67755.73,0.0122882596,5,2,31,1
1.0,300,50532.15,47936.3,0.0,4,2,23,9
24.98,120,14111.43,35798.24,0.5614303301,2,2,51,39
64.0,236,18396.86,17154.71,0.9324646118,3,2,24,41
24.98,180,53787.22,50660.71,0.0,5,2,8,5
29.0,239,23406.64,25008.19,0.7894447968,4,2,28,35
0.0,240,0.0,87115.99,1.0,5,2,30,18
1.0,222,11450.79,4285.35,0.9196611712,3,2,13,52
56.0,240,0.0,108612.85,1.0,5,2,32,3
24.98,300,49815.33,48734.28,0.0,4,2,13,4
5.0,180,57739.58,55391.29,0.0,1,2,43,9
94.0,240,11294.92,12840.94,0.1203977279,3,4,52,6
24.98,240,77785.47,69451.83,0.0,5,2,25,10
9.0,180,26202.53,32434.51,0.666704676,5,2,7,54
1.0,300,39221.72,39309.77,0.0022399012,4,2,14,1
90.0,218,28320.87,24367.02,0.0,3,4,39,17
94.0,240,8280.87,10192.48,0.8754356153,3,2,23,41
4.0,240,118729.55,108269.81,0.0,5,2,25,16
1.0,236,9493.28,9600.57,0.0111753781,3,2,64,22
4.0,240,97552.32,97524.21,0.0,5,2,17,1
0.0,240,50013.31,43438.66,0.0,5,2,42,12
1.0,230,18542.93,14832.49,0.9510062033,3,4,20,37
24.98,218,14776.13,9630.74,0.8965115869,3,4,17,32
24.98,360,65210.62,60586.1,0.0,5,2,10,4
24.98,62,48798.41,47110.4,0.0,1,2,23,2
24.98,144,18904.51,25672.28,0.2168184855,1,2,24,15
1.0,240,10249.82,11985.19,0.9795122147,3,2,24,31
3.0,360,0.0,75861.32,1.0,5,2,29,2
39.0,240,18818.41,43535.98,0.5677503986,5,2,43,11
0.0,360,0.0,197338.77,1.0,5,2,14,7
34.0,241,0.0,25379.28,0.0,4,2,11,13
5.0,236,9492.58,9580.47,0.962465307,3,2,59,27
8.0,225,11505.22,11601.52,0.0,3,2,47,18
24.98,240,26236.33,26531.35,0.9765914663,3,4,20,38
94.0,240,25212.67,26623.33,0.966102287,3,4,13,46
30.0,300,105433.31,100954.17,0.0,5,2,12,8
9.0,300,50266.61,47544.43,0.0,4,2,25,7
56.0,229,15067.1,17864.75,0.9192023398,3,2,27,56
96.0,234,19894.65,23078.6,0.9226612533,3,4,30,29
56.0,240,19221.72,19748.35,0.968337608,3,2,24,37
94.0,236,21277.69,13213.84,0.9300400186,3,2,7,66
44.0,300,68714.11,65395.67,0.0,4,2,20,8
17.0,200,9351.33,10623.44,0.9107426596,3,4,21,58
24.98,300,0.0,80417.02,1.0,5,2,9,2
1.0,360,0.0,132243.91,1.0,5,2,19,0
1.0,240,0.0,42249.41,1.0,4,2,41,20
94.0,234,13507.07,14125.48,0.9600764009,3,2,14,60
24.98,300,0.0,86304.9,1.0,4,2,13,3
1.0,240,0.0,253384.27,0.805905987,5,2,28,7
8.0,240,32977.36,33054.09,0.0023213466,4,2,31,4
24.98,222,26705.49,6083.97,0.9684860379,3,2,16,27
24.98,240,30995.77,28757.82,0.0,4,2,39,11
1.0,240,12762.97,12017.84,0.0,4,2,71,7
24.98,240,203131.48,189880.85,0.0,4,2,12,7
67.0,240,17375.74,21089.16,0.8659292262,3,2,22,39
1.0,360,126312.65,113023.62,0.0,5,2,17,11
77.0,240,0.0,194518.49,1.0,5,2,43,2
1.0,240,49753.25,70111.68,0.0998181767,5,2,28,24
9.0,360,45016.11,46420.33,0.0302501081,5,2,30,5
44.0,300,20826.52,21440.13,0.0,4,2,12,1
13.0,300,0.0,64387.8,1.0,4,2,10,2
94.0,105,131376.68,134930.15,0.0,5,2,30,2
24.98,228,25572.56,24202.17,0.0,3,4,41,18
1.0,300,68235.18,62387.83,0.0,4,2,11,12
55.0,240,55237.62,52769.45,0.0,4,2,36,7
1.0,240,35528.98,34924.94,0.0,3,4,41,14
90.0,240,111995.76,91315.79,0.0,5,2,22,12
94.0,240,19221.72,19904.65,0.9722004657,3,2,19,42
96.0,240,2160.37,99954.18,0.6944722194,5,2,30,36
94.0,232,15242.94,18071.38,0.9143042756,3,2,24,59
1.0,240,108080.52,81858.71,0.0,5,2,21,24
24.98,239,87932.6,101363.82,0.0,5,2,31,20
8.0,225,11346.02,11568.33,0.0,3,2,46,22
3.0,204,65462.02,81189.95,0.1937176954,2,2,107,2
24.98,60,55858.28,48385.67,0.0,1,2,11,6
13.0,240,131335.48,129296.43,0.0,5,2,27,1
1.0,300,37332.26,37923.24,0.0155835841,4,2,20,15
2.0,300,0.0,65544.51,1.0,4,2,27,1
94.0,230,11483.46,13844.85,0.90962849,3,4,33,29
1.0,120,109387.91,122960.87,0.0,5,2,16,21
1.0,231,7862.06,8965.4,0.9462634127,3,2,52,26
94.0,240,134812.82,139953.34,0.6708785104,5,2,11,26
2.0,240,0.0,61363.99,1.0,5,2,59,4
5.0,180,46342.93,53180.61,0.1285746816,5,2,63,13
16.0,240,0.0,22199.36,1.0,5,2,34,4
1.0,300,0.0,43213.27,1.0,4,2,17,5
31.0,240,0.0,51348.51,1.0,4,2,29,9
3.0,240,0.0,39820.5,0.8057420255,4,2,23,34
24.98,240,35392.5,34601.1,0.0,3,4,26,14
1.0,240,0.0,72859.22,1.0,4,2,30,4
24.98,180,17423.18,20805.87,0.0016020751,1,2,94,14
1.0,240,0.0,139370.43,1.0,5,2,47,1
1.0,180,47822.34,69378.01,0.6471957324,1,2,55,32
1.0,204,0.0,42732.16,0.6355418465,5,2,40,10
1.0,222,11450.79,4282.77,0.9206728356,3,2,12,53
68.0,240,50588.99,53076.86,0.7247280484,4,2,29,48
24.98,240,63335.97,70988.14,0.0,1,2,28,17
24.98,60,0.0,15278.3,0.1815094542,5,2,44,16
1.0,222,13455.71,7538.64,0.0,3,2,44,23
94.0,240,80278.3,77775.92,0.0,4,2,38,8
1.0,230,22646.76,22950.87,1.0,3,4,24,51
1.0,300,0.0,72216.41,1.0,4,2,13,12
26.0,240,10481.31,11329.51,0.0748664329,3,2,39,14
1.0,230,10496.9,11644.68,0.9420044175,3,4,38,46
71.0,240,35528.98,34835.27,0.0,3,4,46,9
90.0,120,2859.23,31350.61,0.0,5,2,39,24
13.0,300,0.0,67903.3,1.0,4,2,26,0
5.0,60,0.0,18223.45,1.0,5,2,48,12
1.0,288,0.0,55740.84,1.0,4,2,27,3
38.0,149,0.0,125360.06,1.0,5,2,17,15
1.0,240,0.0,81877.73,0.0,5,2,31,10
65.0,300,0.0,69291.56,1.0,4,2,27,2
31.0,300,0.0,81002.96,1.0,4,2,26,6
4.0,230,226268.8,188755.23,0.0,5,2,13,15
7.0,240,0.0,88395.25,0.7160870673,5,2,26,2
24.98,240,41522.82,35920.77,0.0,5,2,18,13
9.0,240,0.0,119326.05,1.0,5,2,28,5
24.98,204,47198.95,46771.66,0.0,4,2,9,1
1.0,240,84168.09,83092.93,0.0,4,2,49,2
1.0,240,10000.37,11348.72,0.1188107558,3,2,33,24
90.0,218,28329.7,24258.46,0.0,3,4,39,17
1.0,235,13081.03,13303.49,0.9937076662,3,2,13,62
6.0,300,0.0,23409.96,1.0,4,2,30,4
37.0,240,14641.4,17342.14,0.8867066002,3,2,33,52
94.0,239,67136.53,65733.59,0.0,4,2,40,3
2.0,300,0.0,64876.65,1.0,4,2,10,1
0.0,240,0.0,70433.31,0.8545119226,4,2,20,5
24.98,240,94397.47,88880.83,0.0,5,2,49,6
8.0,240,0.0,58180.3,0.7707786534,4,2,31,26
1.0,236,21249.77,10891.99,0.940035751,3,2,38,30
23.0,360,0.0,148379.72,1.0,5,2,12,2
1.0,360,0.0,170860.27,1.0,5,2,23,11
2.0,300,0.0,86990.41,1.0,4,2,24,0
24.98,240,88100.18,78672.93,0.0,5,2,14,11
0.0,300,0.0,44800.06,1.0,4,2,12,11
2.0,240,0.0,86957.83,1.0,5,2,22,3
5.0,240,0.0,56601.0,0.7031731018,5,2,21,7
24.98,240,80943.03,77053.18,0.0,5,2,36,17
2.0,360,110203.25,92750.43,0.0,5,2,14,21
0.0,240,96783.17,116347.76,0.6952635836,5,2,18,25
24.98,240,94492.01,77684.41,0.0,1,2,38,13
0.0,240,9126.17,8004.81,1.0,3,4,19,34
4.0,300,0.0,74856.27,1.0,4,2,11,6
70.0,300,0.0,34105.15,1.0,4,2,22,1
56.0,180,70160.03,64955.56,0.0,5,2,16,7
1.0,240,35528.98,34922.3,0.0,3,4,41,14
0.0,240,0.0,63497.09,0.8635694084,5,2,32,5
90.0,231,7862.08,8659.12,0.0,3,2,58,20
40.0,300,0.0,92002.45,1.0,5,2,23,1
93.0,360,0.0,199563.85,1.0,5,2,28,1
0.0,300,79322.7,73854.74,0.0,4,2,8,11
24.98,360,0.0,341375.43,1.0,5,2,10,2
5.0,300,0.0,38905.3,0.8608225133,4,2,9,17
24.98,120,0.0,16346.05,0.6122556996,5,2,17,1
86.0,360,5884.66,127978.38,0.7840311978,5,2,13,14
0.0,300,0.0,52140.19,1.0,4,2,12,16
2.0,279,0.0,98217.09,1.0,5,2,27,3
46.0,300,0.0,74349.75,1.0,4,2,17,3
5.0,360,170946.91,150500.67,0.0,5,2,10,12
24.98,204,48326.14,47452.21,0.0,4,3,33,4
24.98,240,108084.89,87339.45,0.0,4,2,21,18
45.0,240,50005.67,49749.22,0.0,4,2,29,2
1.0,240,0.0,52201.83,1.0,4,2,33,14
1.0,360,0.0,153793.21,1.0,5,2,10,8
24.98,240,19368.63,21274.2,0.0,3,2,30,17
6.0,240,0.0,54276.24,0.7352260381,4,2,21,1
24.98,240,45953.11,49700.83,0.0,1,2,95,14
1.0,360,0.0,192594.84,1.0,5,2,30,2
0.0,180,121770.03,85490.58,1.0,5,2,9,29
13.0,240,0.0,130651.58,1.0,4,2,34,1
24.98,360,222820.88,206900.85,0.0,5,2,13,7
94.0,240,11114.4,11477.02,0.0,3,2,31,24
18.0,240,72470.67,66121.05,0.0,5,2,25,9
94.0,236,3614.86,5660.87,0.8943360296,3,4,18,64
94.0,240,0.0,100005.16,1.0,5,2,19,4
2.0,240,43263.77,45266.17,0.0,4,2,35,14
1.0,180,0.0,94292.13,1.0,5,2,15,14
94.0,236,13141.11,14188.64,0.9524387115,3,2,11,57
2.0,60,29799.39,38079.68,0.2174464176,5,2,23,6
13.0,218,33446.81,17715.54,0.9287151281,3,4,24,40
1.0,300,67646.03,63723.48,0.0,4,2,24,11
1.0,300,0.0,60921.78,1.0,4,2,26,3
24.98,240,34554.7,33005.68,0.0,4,2,21,7
24.98,240,99686.18,93136.83,0.0,5,2,44,15
24.98,240,142540.12,132450.77,0.0,5,2,13,7
2.0,240,155643.38,134069.25,0.0,4,2,7,14
3.0,360,105728.79,105548.84,0.0,5,2,29,2
19.0,240,0.0,87119.24,0.0,5,2,20,23
24.98,240,178976.89,142865.17,0.0,5,2,20,17
94.0,240,13084.42,12337.04,0.0,4,2,20,8
6.0,240,0.0,67811.52,1.0,4,2,7,4
0.0,360,0.0,99686.89,1.0,4,2,15,12
1.0,180,0.0,96713.6,1.0,5,2,27,0
24.98,240,134776.72,128744.53,0.0,5,2,9,4
65.0,300,0.0,38224.04,1.0,4,2,26,6
24.98,360,0.0,76805.19,1.0,5,2,12,1
2.0,240,0.0,92125.5,0.7989029462,5,2,14,7
54.0,120,21161.57,51223.37,0.6958780332,5,2,27,41
1.0,222,7641.54,5513.26,0.9275963767,3,2,17,55
0.0,60,959.85,15468.89,0.1922360151,5,2,25,34
24.98,222,26627.51,4376.33,0.924707111,3,2,7,36
1.0,300,60874.49,55140.09,0.0,4,2,7,14
56.0,360,0.0,103811.21,1.0,5,2,17,3
1.0,230,20374.99,22395.49,0.8869267875,3,2,28,31
1.0,236,16103.56,18797.86,0.9391760551,3,2,47,27
96.0,236,17459.73,16203.89,0.9239219718,3,2,24,41
4.0,300,0.0,70714.53,1.0,4,2,11,8
2.0,240,0.0,65346.17,1.0,5,2,50,5
63.0,360,134655.75,137402.29,0.0199890409,5,2,21,1
41.0,240,148103.59,159371.71,0.0,5,2,17,1
18.0,360,0.0,107808.35,1.0,5,2,18,1
8.0,223,15005.31,19965.72,0.8880135552,3,2,19,53
26.0,300,0.0,76471.51,1.0,4,2,10,2
1.0,300,0.0,75679.38,1.0,4,2,9,3
56.0,230,8835.17,9657.11,0.9042891714,3,2,28,39
65.0,120,210967.77,207846.95,0.0,1,2,15,6
96.0,300,0.0,50044.79,1.0,4,2,18,0
4.0,204,0.0,10638.41,0.7533623958,4,2,19,4
31.0,216,6346.98,8230.73,0.0,3,4,41,15
1.0,196,14321.63,17972.51,0.9057972426,3,2,23,60
1.0,240,80060.31,81865.15,0.0,5,2,20,14
1.0,234,14892.43,14572.42,0.96790238,3,2,32,48
1.0,180,0.0,47692.32,1.0,5,2,30,9
3.0,300,83419.98,80237.53,0.0,5,2,17,17
1.0,240,10902.84,11521.17,0.0,3,2,40,15
24.98,240,149825.62,219875.39,0.1626115927,5,2,22,15
0.0,180,22433.56,21777.63,0.0,5,2,20,7
1.0,240,81909.39,90489.67,0.0948205469,5,2,27,3
5.0,300,69868.57,69745.7,0.0,4,2,19,1
10.0,240,0.0,15692.77,1.0,4,2,65,3
1.0,300,0.0,81227.1,1.0,4,2,21,4
1.0,240,20754.74,18073.27,0.9786640713,3,4,23,39
1.0,236,19371.79,19538.34,1.0,3,2,34,26
94.0,230,11486.85,13838.71,0.9174865287,3,4,33,29
1.0,180,0.0,82228.65,0.793298636,5,2,32,1
87.0,300,44579.68,44640.49,0.0013622162,4,2,7,5
6.0,240,46288.15,56647.86,0.6972491914,5,2,38,33
24.98,228,43648.65,41398.99,0.0,5,2,23,4
24.98,240,52283.92,48309.86,0.0,4,2,59,8
6.0,240,79863.2,78610.38,0.0,5,2,41,7
1.0,222,13455.71,5049.59,0.9356819068,3,2,27,40
54.0,240,50171.76,49499.6,0.0,4,2,48,2
24.98,240,218097.07,205972.31,0.0,5,2,14,4
1.0,240,57345.92,63196.18,0.0,5,2,16,10
80.0,235,14445.55,15327.61,0.0575471323,3,2,74,3
94.0,240,27017.74,33259.45,0.7445838942,4,2,31,32
8.0,240,0.0,113345.07,1.0,5,2,51,7
24.98,300,72419.66,72013.66,0.0,4,2,12,3
70.0,300,81238.26,83346.77,0.0252980409,4,2,20,3
24.98,300,65777.39,64369.24,0.0,5,2,7,2
56.0,216,15507.06,20221.57,0.900804438,3,4,10,44
2.0,300,0.0,71099.53,1.0,4,2,14,3
1.0,236,21286.24,13201.44,0.9327997552,3,2,7,66
56.0,204,75682.46,88812.11,0.0,5,2,42,9
2.0,360,0.0,122419.94,1.0,4,2,19,1
68.0,215,33447.65,17708.46,0.9303637922,3,4,24,40
24.98,240,25278.45,27830.83,0.0,4,2,21,8
1.0,235,13081.03,13264.62,0.9772138214,3,2,24,51
58.0,360,0.0,47432.57,1.0,5,2,27,3
71.0,300,0.0,30528.93,1.0,4,2,16,4
24.98,300,55009.3,52324.83,0.0,4,2,9,7
24.98,240,39575.52,36766.64,0.0,1,2,46,5
1.0,240,63077.7,57348.73,0.0,4,2,7,12
94.0,360,152163.96,152130.05,0.0,5,2,7,2
2.0,300,0.0,59226.8,1.0,4,2,27,8
55.0,300,34801.53,34538.7,0.0,4,2,18,4
1.0,229,15059.88,18022.03,0.8658519601,3,2,31,52
0.0,240,0.0,90122.3,0.8997904911,5,2,17,3
24.98,204,30549.34,27373.64,0.0,1,2,21,7
0.0,230,13653.02,15965.84,0.9806862652,3,2,23,53
64.0,240,64082.08,65852.95,0.0,5,2,30,1
2.0,228,12171.07,17497.42,0.8796073935,3,4,38,35
1.0,300,0.0,77828.59,1.0,4,2,16,9
1.0,240,32739.57,24531.61,0.0,5,2,22,22
24.98,120,130882.01,120185.76,0.0,1,2,18,5
1.0,218,28572.13,20762.99,0.9803308676,3,2,42,33
1.0,300,0.0,54836.23,1.0,4,2,17,3
8.0,240,18804.88,14508.29,0.9058558934,3,4,20,37
24.98,240,44553.31,40154.93,0.0,1,2,48,7
1.0,240,0.0,78347.63,0.9144201609,5,2,27,2
2.0,240,0.0,30923.15,0.8163678993,4,2,15,27
94.0,240,27481.52,61045.34,0.7751478866,5,2,38,41
44.0,240,28561.86,27503.66,0.0,3,2,55,8
82.0,240,0.0,55796.52,1.0,5,2,23,7
93.0,360,108011.42,107764.03,0.0,5,2,25,3
24.98,240,41617.66,30447.33,1.0,4,2,16,27
24.98,222,26709.34,4543.01,0.905069546,3,2,7,36
24.98,240,100806.98,116008.13,0.7057679953,5,2,9,32
24.98,300,0.0,84124.29,1.0,4,2,13,1
2.0,240,11102.77,11493.34,0.9344559545,3,2,25,29
13.0,300,0.0,52791.82,1.0,4,2,13,8
1.0,234,14892.43,16184.08,0.9736043074,3,2,22,58
1.0,224,14414.99,18024.41,0.8908397002,3,2,39,37
1.0,240,0.0,56927.41,1.0,5,2,16,7
9.0,240,106697.84,119732.43,0.0,5,2,33,8
0.0,360,155229.66,139379.64,0.0,5,2,19,15
4.0,240,10509.93,9024.8,0.0,3,4,35,18
1.0,220,14105.94,14382.29,1.0,3,4,23,31
71.0,240,301124.55,283759.37,0.0,5,2,22,5
5.0,220,5686.73,6692.82,0.1503237798,3,2,59,24
93.0,240,0.0,28119.39,1.0,5,2,32,2
30.0,240,128144.33,130904.22,0.0210832775,5,2,42,7
94.0,232,15190.66,18060.11,0.9236239425,3,2,24,59
1.0,330,0.0,113579.92,1.0,5,2,15,10
24.98,240,97092.05,92014.68,0.0,5,2,27,5
94.0,240,8309.91,9959.54,0.8749450276,3,2,28,36
94.0,224,14923.81,17926.37,0.8861827576,3,2,17,55
1.0,228,13211.32,12089.68,0.0,3,2,42,20
6.0,180,32382.66,33650.25,0.0,5,2,36,0
1.0,240,10239.47,12029.81,0.8799399159,3,2,23,32
7.0,300,59251.42,61026.34,0.0,4,2,7,9
93.0,300,0.0,129810.51,1.0,5,2,33,3
2.0,240,0.0,64802.3,1.0,5,2,41,2
10.0,240,67852.12,62280.32,0.0,5,2,44,9
1.0,228,11892.78,15647.69,0.2399657713,3,4,65,8
24.98,240,18510.9,17190.75,0.0,5,2,31,7
1.0,240,0.0,30351.6,1.0,4,2,34,7
1.0,240,81515.29,72992.98,0.0,4,2,7,15
96.0,230,11408.97,13835.79,0.9100636827,3,4,33,29
1.0,240,38129.31,40770.72,0.0647869353,1,2,126,6
1.0,180,0.0,44578.21,0.0,4,2,24,11
0.0,300,0.0,71337.51,1.0,4,2,13,6
4.0,240,25370.67,26623.33,0.9695624101,3,4,13,46
1.0,231,7862.07,8953.22,0.9339824108,3,2,52,26
3.0,300,0.0,56942.71,1.0,4,2,18,1
29.0,360,0.0,157591.84,1.0,5,2,28,2
24.98,236,15976.33,19288.61,0.9148160495,3,2,14,65
1.0,236,13141.11,14188.64,0.9524387115,3,2,11,57
55.0,240,55537.14,61493.78,0.7904176722,5,2,20,33
24.98,226,403699.97,409341.07,0.0,1,2,21,0
1.0,240,26204.45,26384.2,1.0,3,4,32,26
96.0,300,0.0,56098.17,1.0,4,2,16,1
32.0,180,0.0,310860.63,1.0,5,2,31,1
24.98,240,192281.85,181780.5,0.0,5,2,20,4
40.0,240,48438.85,51587.78,0.0,5,2,14,1
44.0,240,116821.09,116724.34,0.0,5,2,16,3
24.98,222,11455.23,4293.09,0.9108264676,3,2,13,52
24.98,60,4943.35,35556.43,0.5656761584,1,2,19,8
24.98,240,93296.94,102880.49,0.0931522585,5,2,34,2
1.0,180,31668.51,34121.91,0.0719010161,5,2,45,11
85.0,300,62915.66,63325.76,0.0064760376,4,2,12,1
31.0,240,10249.71,10862.09,0.0563777321,3,2,50,5
91.0,240,28508.91,16624.19,0.9003163462,3,2,34,29
94.0,228,20652.5,24144.8,0.8728964415,3,2,28,30
94.0,300,0.0,51000.77,1.0,4,2,24,5
24.98,180,41177.64,101204.96,0.7170875214,5,2,31,25
24.98,240,18211.81,18668.1,0.9896261537,3,2,20,35
12.0,236,6963.26,7811.19,0.1085532422,3,4,54,3
2.0,180,22510.2,43130.48,0.4780906681,5,2,46,22
24.98,216,24429.98,33926.02,0.0798102288,4,2,55,19
6.0,360,0.0,181210.58,1.0,5,2,23,4
24.98,240,49529.28,47383.54,0.0,4,2,29,5
5.0,240,129068.27,148826.58,0.6584458345,1,2,36,39
1.0,240,26236.34,12013.01,0.9567135963,3,4,7,55
2.0,360,0.0,203790.62,1.0,5,2,8,1
1.0,300,0.0,80647.49,1.0,4,2,23,17
60.0,300,0.0,63753.83,1.0,4,2,19,9
24.98,240,185396.95,195702.44,0.76875804,5,2,20,26
2.0,360,0.0,140658.3,1.0,5,2,30,1
1.0,300,43111.7,41300.4,0.0,4,2,11,11
96.0,360,0.0,100276.63,1.0,5,2,50,1
24.98,180,64583.41,50872.29,0.0,5,2,28,19
23.0,240,0.0,46444.42,1.0,4,2,44,9
24.98,240,67359.03,80245.54,0.0,4,2,30,23
24.98,204,10807.38,12249.83,0.0374902371,4,3,19,14
9.0,240,41941.66,52216.28,0.6522296128,5,2,19,50
24.98,300,0.0,157155.55,1.0,4,2,9,3
15.0,240,0.0,38380.48,1.0,4,2,78,2
2.0,228,11982.29,17345.56,0.879822848,3,4,40,33
5.0,300,0.0,51653.78,1.0,4,2,15,6
7.0,240,0.0,35730.12,0.8655747819,4,2,26,10
96.0,228,8369.14,11603.63,0.8851807581,3,4,22,38
4.0,360,0.0,25570.4,0.0,5,2,15,11
4.0,174,38829.86,38533.31,0.0,5,2,12,5
90.0,230,20374.99,22001.8,0.9122203638,3,2,28,31
24.98,180,34846.16,25601.12,0.0,1,2,71,22
7.0,180,0.0,21098.78,1.0,5,2,14,6
1.0,240,59659.42,62647.5,0.7177296704,5,2,27,38
24.98,120,41053.24,29454.98,0.0,5,2,7,16
94.0,240,26316.66,26331.22,0.9812701424,3,4,23,32
24.98,300,0.0,50334.7,1.0,4,2,11,2
1.0,180,50341.92,45942.82,0.800622852,5,2,17,38
1.0,240,95454.84,84516.52,0.0,5,2,25,11
1.0,300,0.0,60039.91,1.0,4,2,15,3
1.0,240,62652.78,63874.96,0.0,5,2,23,2
65.0,360,0.0,152089.05,1.0,5,2,23,2
1.0,360,0.0,105632.16,1.0,5,2,16,9
24.98,96,59829.33,75256.48,0.2049943075,5,2,39,1
1.0,240,296013.6,227378.48,0.0,5,2,16,24
65.0,100,0.0,9935.05,1.0,5,2,51,3
1.0,300,62183.28,61468.08,0.0,4,2,9,5
1.0,236,21260.47,10896.45,0.9430071262,3,2,39,29
1.0,300,0.0,79492.64,1.0,4,2,12,9
94.0,230,20377.3,22063.35,0.8974095049,3,2,28,31
25.0,236,21223.83,15878.62,0.0,3,2,58,10
1.0,300,0.0,55020.06,1.0,4,2,27,15
93.0,240,31221.5,29136.73,0.0,3,2,40,3
81.0,221,26174.86,20042.98,0.9458019716,3,4,31,33
0.0,240,83012.31,64313.2,0.843000891,5,2,19,35
82.0,240,36137.0,35707.87,0.0,4,2,15,5
18.0,300,37947.89,37298.31,0.0,4,2,28,3
89.0,72,0.0,1556.6,0.4875324583,4,1,9,63
24.98,180,24925.07,38031.36,0.6445344751,1,2,22,41
95.0,240,27368.28,27323.39,0.0,5,2,25,4
24.98,240,89365.99,76582.63,0.0,5,2,11,13
4.0,240,0.0,68443.62,0.8180118931,5,2,10,10
94.0,300,0.0,84988.6,1.0,4,2,11,1
1.0,300,0.0,90284.08,1.0,4,2,14,2
56.0,232,15189.3,18051.04,0.9202677519,3,2,24,59
94.0,220,19560.93,15438.53,0.8427518682,3,4,22,26
24.98,240,114626.5,105993.07,0.0,5,2,11,6
24.98,360,135205.24,144842.7,0.066537423,5,2,18,6
60.0,360,70580.63,69853.62,0.0,5,2,12,2
24.98,180,35410.6,36331.82,0.0,1,2,77,17
77.0,72,0.0,1382.28,0.4787826597,4,1,14,58
1.0,300,71700.03,69628.95,0.0,4,2,15,5
1.0,240,35927.34,33260.72,0.0,4,2,25,11
2.0,240,0.0,96361.99,1.0,5,2,57,9
2.0,240,0.0,182706.79,1.0,5,2,55,3
7.0,240,0.0,91913.11,0.7598769709,5,2,16,31
1.0,216,18656.79,19014.24,0.9965473245,3,4,16,36
24.98,240,191411.22,180055.05,0.0,5,2,8,5
1.0,240,20754.74,20950.83,0.0093595337,3,4,39,23
2.0,240,19221.72,19746.49,0.9459949591,3,2,34,27
77.0,360,0.0,288293.8,1.0,5,2,10,5
0.0,240,0.0,107573.77,0.9800043822,5,2,20,36
0.0,300,0.0,71695.7,1.0,4,2,14,4
1.0,240,93543.94,70498.61,0.0,5,2,39,23
90.0,180,29973.53,54350.0,0.6692723262,1,2,25,57
3.0,300,50546.66,50469.33,0.0,4,2,15,4
4.0,240,10482.93,8980.38,0.0,3,4,35,18
24.98,204,12370.19,12047.83,0.0,4,3,25,3
1.0,236,21260.47,10878.87,0.9488807201,3,2,38,30
65.0,240,35343.63,34835.31,0.0,3,4,46,9
94.0,230,10496.9,11646.56,0.918112301,3,4,38,46
24.98,360,69617.21,100362.45,0.0,4,2,7,23
0.0,360,0.0,126351.46,1.0,5,2,21,11
53.0,360,0.0,87795.12,1.0,5,2,18,1
81.0,230,7421.7,11432.38,0.9088894876,3,4,19,61
2.0,360,0.0,147286.32,1.0,5,2,16,8
1.0,240,0.0,53143.62,0.9234485755,4,2,19,1
4.0,234,7452.99,9186.38,0.902306458,3,2,46,39
1.0,228,13215.18,12061.78,0.0,3,2,42,20
64.0,241,0.0,97745.52,0.0,5,2,15,12
24.98,240,118531.68,122494.0,0.0,5,2,12,5
26.0,300,55236.31,55003.75,0.0,4,2,19,5
0.0,360,112689.55,106439.38,0.0,5,2,22,5
1.0,240,96978.07,94319.04,0.0,5,2,10,5
1.0,300,83018.95,73195.48,0.0,4,2,13,19
52.0,233,18209.63,22368.86,0.0,3,4,43,17
2.0,225,11281.96,11574.54,0.0252778944,3,2,46,22
94.0,236,17993.73,16631.11,0.9282128493,3,2,24,41
1.0,240,10154.35,11203.49,0.0936440341,3,2,41,13
65.0,240,58918.79,64295.47,0.0,1,2,48,9
45.0,360,0.0,140159.89,1.0,5,2,19,1
5.0,300,53886.89,53615.99,0.0,4,2,33,1
4.0,240,0.0,95156.03,1.0,5,2,46,4
24.98,230,20375.01,21986.5,0.9017583517,3,2,28,31
4.0,300,65405.43,63564.72,0.0,4,2,11,7
31.0,240,0.0,12371.58,0.6356963344,1,2,106,37
24.98,222,13455.71,4880.63,0.9744971448,3,2,27,40
24.98,180,57519.31,69315.64,0.0,5,2,15,20
24.98,240,40787.81,37851.12,0.0,1,2,78,6
24.98,204,41194.31,51763.49,0.7465354439,4,3,25,46
1.0,225,16828.9,19456.43,0.9804455391,3,2,28,52
2.0,300,85042.64,80494.51,0.0,4,2,10,12
68.0,218,33415.48,15792.89,0.891283356,3,4,22,43
24.98,360,95430.5,89086.11,0.0,5,2,28,5
5.0,300,0.0,38541.01,1.0,4,2,24,4
3.0,222,13542.93,13758.6,0.9474212493,3,4,31,52
24.98,240,82986.08,84305.41,0.0,5,2,9,19
21.0,360,0.0,150816.32,1.0,5,2,14,8
24.98,240,173096.91,169732.27,0.0,5,2,15,2
24.98,360,186591.84,169124.49,0.0,5,2,13,9
2.0,120,0.0,27614.34,1.0,5,2,27,5
2.0,360,122920.76,123047.13,0.0010270049,5,2,14,0
8.0,240,31854.17,31417.05,0.0,5,2,29,1
0.0,240,184071.36,130357.71,1.0,5,2,12,29
0.0,360,0.0,39829.79,1.0,5,2,13,8
45.0,240,61795.71,70205.41,0.0,1,2,51,5
24.98,240,75796.5,72221.73,0.0,5,2,31,4
75.0,240,32870.9,30947.21,0.0,4,2,26,11
11.0,360,0.0,91907.38,1.0,5,2,16,10
24.98,300,0.0,75196.19,1.0,4,2,9,1
1.0,360,0.0,149634.65,1.0,5,2,26,10
1.0,204,0.0,76009.42,1.0,5,2,35,1
5.0,240,78383.22,78669.49,0.0,4,2,30,2
24.98,240,142705.46,137324.3,0.0,5,2,8,3
94.0,300,0.0,73322.9,1.0,4,2,15,1
47.0,230,8251.55,9657.11,0.9029968593,3,2,28,52
24.98,300,81099.66,78324.73,0.0,4,2,7,7
3.0,300,0.0,46963.7,1.0,4,2,17,4
0.0,240,127936.82,121690.03,0.0,5,2,29,4
1.0,206,13984.78,18363.63,0.8143444406,3,2,40,36
56.0,360,0.0,238141.84,1.0,5,2,21,1
3.0,240,0.0,175353.07,1.0,5,2,18,4
1.0,240,0.0,38207.72,1.0,5,2,24,11
1.0,234,0.0,170324.39,0.6759617901,5,2,11,2
25.0,120,93581.69,94369.18,0.0,1,2,54,5
4.0,240,50236.72,55427.98,0.0,5,2,9,12
1.0,360,64784.27,72662.62,0.1084236985,5,2,19,19
8.0,300,0.0,48787.45,1.0,4,2,13,3
0.0,240,157593.49,139094.78,0.0,5,2,18,12
1.0,240,25922.92,21804.81,0.0,4,2,29,23
60.0,240,84798.33,86570.43,0.0,5,2,28,2
26.0,300,0.0,68930.68,1.0,4,2,13,1
24.98,360,0.0,123742.36,1.0,5,2,13,1
94.0,240,19809.66,10087.36,0.0,3,4,15,21
1.0,240,55421.5,56936.25,0.0,5,2,35,1
26.0,240,99041.03,100559.17,0.0150969822,5,2,38,1
14.0,240,0.0,103488.6,1.0,4,2,28,1
1.0,236,14665.84,17323.51,0.1534140599,3,4,52,9
2.0,240,0.0,71348.75,0.7149034212,4,2,32,42
24.98,300,0.0,85256.01,1.0,4,2,11,2
10.0,180,23147.1,23023.18,0.0,5,2,51,1
12.0,240,83658.99,98693.86,0.0,5,2,18,23
94.0,224,14961.61,17840.36,0.8907589309,3,2,17,55
24.98,240,26318.37,26518.9,0.9732315443,3,4,37,27
21.0,240,0.0,74474.32,1.0,5,2,27,2
1.0,240,0.0,39967.55,1.0,4,2,45,5
1.0,300,26422.53,26222.98,0.842585641,4,2,10,31
0.0,72,0.0,19941.73,1.0,1,2,71,1
91.0,360,111668.45,116578.43,0.0,5,2,23,1
4.0,300,65358.75,71072.4,0.0803919665,4,2,7,15
91.0,240,47513.7,47277.88,0.0,4,2,30,3
93.0,240,38298.93,39505.01,0.0305297986,4,2,37,2
83.0,300,60052.87,59698.58,0.0,4,2,23,9
3.0,300,0.0,74114.79,1.0,4,2,10,4
24.98,240,24271.05,21379.35,0.7758945201,5,2,14,43
24.98,240,4587.97,4806.09,0.0453840856,3,2,54,2
52.0,240,0.0,82755.16,1.0,5,2,26,6
40.0,300,55046.19,56736.12,0.0,4,2,14,1
3.0,240,0.0,18834.92,1.0,4,2,26,2
8.0,180,46717.43,47526.26,0.0,5,2,19,3
1.0,222,11976.31,5529.58,0.94012746,3,2,20,50
1.0,300,41767.0,40287.03,0.0,4,2,25,6
13.0,240,86917.09,91809.46,0.0532882995,5,2,26,4
24.98,222,7641.19,5602.94,0.8960688496,3,2,17,55
1.0,240,93498.87,85889.68,0.0,5,2,22,10
8.0,360,0.0,72823.93,1.0,5,2,27,4
2.0,240,11819.78,12204.03,0.0,4,2,45,1
56.0,230,11554.4,13837.54,0.9391069511,3,4,33,29
24.98,300,0.0,37451.98,1.0,4,2,15,1
90.0,180,60443.73,71238.96,0.0,4,2,27,23
70.0,72,0.0,1813.49,0.4478966027,4,1,20,52
0.0,240,91778.38,88740.98,0.0,4,2,18,6
95.0,300,0.0,53491.99,1.0,4,2,26,1
1.0,240,30507.96,30119.17,0.0,4,2,27,11
1.0,240,0.0,49385.09,1.0,5,2,29,4
25.0,300,0.0,67904.76,1.0,4,2,30,3
4.0,228,13215.56,12055.5,0.0,3,2,41,21
1.0,228,13215.18,12058.25,0.0,3,2,41,21
1.0,240,102996.61,105425.74,0.0,5,2,17,0
0.0,240,214241.6,193033.4,0.0,5,2,26,8
24.98,240,130440.91,133680.16,0.0,5,2,25,4
24.98,240,35239.0,35540.14,0.0084732362,3,4,39,1
37.0,240,10116.95,10590.29,0.0446956599,3,2,54,2
90.0,240,19221.72,19912.75,0.9672119622,3,2,19,42
24.98,120,49228.75,49368.85,0.0028378218,5,2,11,0
10.0,240,18211.81,19325.78,0.0576416579,3,2,45,10
1.0,222,11450.79,4282.77,0.9164045699,3,2,12,53
24.98,300,0.0,56861.54,1.0,4,2,9,3
24.98,232,15424.69,12529.44,0.9773214126,3,2,31,32
0.0,230,123684.64,116974.5,0.0,5,2,10,4
18.0,250,0.0,124016.41,1.0,5,2,19,2
24.98,84,32769.05,36968.1,0.5869653806,5,2,10,29
24.98,300,0.0,88126.83,1.0,4,2,14,3
0.0,240,57369.86,46374.88,1.0,4,2,22,27
45.0,240,0.0,105334.29,1.0,5,2,27,3
56.0,204,253925.53,228173.14,0.0,1,2,31,13
24.98,204,63288.22,69382.0,0.7793843061,4,3,13,38
17.0,220,5686.83,7139.2,0.8881793478,3,2,19,64
0.0,240,344721.76,229751.82,1.0,5,2,17,29
91.0,240,32198.02,32351.37,0.0,5,2,11,6
45.0,300,0.0,62606.52,1.0,4,2,14,0
31.0,232,15190.66,18060.11,0.9318697394,3,2,24,59
5.0,236,9492.58,9525.75,0.9835823951,3,2,47,39
11.0,300,67442.18,66274.16,0.0,4,2,27,3
8.0,204,20302.88,21046.24,0.0,4,3,36,2
1.0,240,0.0,85062.91,0.721011272,5,2,11,2
53.0,300,0.0,92279.39,1.0,4,2,45,1
0.0,240,0.0,121439.78,1.0,5,2,35,7
24.98,240,48100.63,46608.45,0.0,4,2,29,3
1.0,240,0.0,53411.52,1.0,4,2,28,12
33.0,240,0.0,42115.76,1.0,4,2,21,3
0.0,60,0.0,72901.03,0.3606447534,1,2,21,39
24.98,240,35528.98,34775.81,0.0,3,4,46,9
53.0,300,0.0,95076.67,1.0,4,2,15,3
24.98,240,62286.62,67478.24,0.0,5,2,15,6
24.98,300,54500.96,49852.49,0.0,4,2,32,12
24.98,300,78933.09,75036.71,0.0,5,2,21,4
2.0,240,0.0,28153.26,0.736228473,4,2,25,5
24.98,180,50289.92,48766.33,0.0,5,2,20,3
24.98,300,0.0,130503.18,1.0,5,2,9,6
8.0,240,8280.87,8932.86,0.0729878225,3,2,54,10
2.0,204,4279.76,36485.17,0.6491599612,5,2,37,29
29.0,218,33435.47,17708.46,0.9303637922,3,4,24,40
24.98,240,126041.49,102798.19,0.0,5,2,14,22
26.0,300,0.0,47220.81,1.0,4,2,15,6
2.0,218,28572.15,28977.03,0.0139724465,3,2,61,14
38.0,240,0.0,140997.12,0.7094703452,5,2,9,46
3.0,273,0.0,256966.59,1.0,5,2,26,3
1.0,300,63442.24,55875.04,0.0,4,2,7,20
4.0,240,0.0,117766.19,0.7153734661,5,2,44,19
63.0,360,0.0,122373.76,1.0,5,2,11,7
5.0,240,49372.1,47363.89,0.0,5,2,19,20
6.0,270,0.0,99880.1,1.0,5,2,20,1
0.0,180,0.0,82114.57,0.6206098933,1,2,69,1
24.98,221,33287.57,26396.2,0.0,3,4,37,21
1.0,228,24506.34,14117.0,0.8835276617,3,4,14,60
1.0,360,0.0,145022.82,1.0,5,2,17,1
24.98,60,47134.72,39807.42,0.0,1,2,20,8
24.98,228,28718.57,26812.04,0.0,3,4,41,18
1.0,300,22470.96,21560.16,0.0,4,2,14,12
45.0,360,251020.73,250385.3,0.0,5,2,14,1
1.0,236,21249.77,10980.67,0.0,3,2,47,21
1.0,218,32792.97,15675.62,0.9217109116,3,4,22,43
13.0,216,142765.9,144117.56,0.0,5,2,14,4
5.0,240,0.0,37716.73,0.8606519683,4,2,20,10
24.98,204,18226.73,14489.6,1.0,4,3,20,28
24.98,240,135109.19,130905.97,0.0,5,2,15,2
24.98,300,0.0,75701.14,1.0,4,2,7,5
0.0,240,122000.84,126016.47,0.0,5,2,21,3
3.0,240,0.0,51299.44,1.0,4,2,65,2
24.98,204,56403.75,63987.85,0.0001047903,4,3,45,7
1.0,240,10239.81,11587.89,0.1163352431,3,2,33,22
1.0,240,0.0,59193.11,1.0,5,2,22,25
4.0,230,8308.71,9657.11,0.8917957857,3,2,28,52
0.0,300,0.0,73056.5,1.0,4,2,18,3
20.0,240,10249.72,11001.19,0.0683080649,3,2,47,8
11.0,235,8552.62,9502.03,0.0999165441,3,2,76,10
42.0,300,0.0,77886.13,1.0,4,2,14,4
3.0,180,21487.61,20392.48,0.0,1,2,54,6
24.98,360,0.0,94631.84,1.0,4,2,8,5
94.0,204,78509.09,68751.49,0.0,5,2,20,12
24.98,240,168514.13,152756.21,0.0,5,2,33,7
1.0,222,11449.99,4290.47,0.907320177,3,2,12,53
0.0,300,0.0,66273.71,1.0,4,2,15,6
24.98,300,0.0,88187.88,1.0,4,2,10,5
1.0,240,0.0,140525.04,0.8506842997,5,2,27,3
2.0,360,0.0,179234.77,1.0,5,2,36,2
15.0,218,32352.6,15792.89,0.891283356,3,4,22,43
0.0,225,80044.71,74229.81,0.0,5,2,16,7
0.0,240,100487.02,76367.74,0.9292493773,5,2,13,34
44.0,240,28560.58,15949.23,0.9608990528,3,2,34,29
0.0,300,66495.08,64135.5,0.0,4,2,9,6
89.0,60,2960.2,22512.4,0.3324296804,5,2,28,28
4.0,300,0.0,62139.63,0.7308212996,4,2,16,8
1.0,240,10109.43,11217.51,0.0987812803,3,2,39,17
4.0,300,0.0,34434.97,1.0,4,2,19,2
1.0,240,0.0,57203.26,0.8568083777,4,2,23,8
1.0,240,0.0,73089.92,0.0,5,2,45,18
1.0,240,20755.33,18060.37,0.9875556259,3,4,24,38
24.98,300,0.0,100272.1,1.0,5,2,9,1
94.0,224,14959.18,17840.36,0.8907589309,3,2,17,55
2.0,240,0.0,46302.31,0.7893977094,4,2,22,1
24.98,240,43962.7,43971.5,0.0,4,2,25,9
0.0,259,0.0,171535.37,1.0,5,2,25,3
6.0,240,0.0,55278.62,0.7445841608,4,2,21,3
1.0,300,0.0,32639.94,0.9024900588,4,2,21,1
24.98,360,61012.69,62136.19,0.0180812502,5,2,9,10
24.98,240,50859.29,56010.28,0.0021297611,4,2,30,4
24.98,300,0.0,89136.52,1.0,4,2,8,1
65.0,360,0.0,255752.18,0.8133075585,5,2,7,30
0.0,360,285236.96,256568.07,0.0,5,2,8,10
18.0,240,86380.16,87556.42,0.0,5,2,15,1
24.98,204,27993.97,25838.61,0.0,1,2,40,5
2.0,240,0.0,54805.09,1.0,4,2,41,27
93.0,240,11052.82,11512.71,0.0,3,2,31,24
1.0,240,0.0,41181.72,1.0,5,2,48,11
52.0,218,33545.25,17724.5,0.9266659144,3,4,24,40
1.0,240,0.0,48668.74,1.0,4,2,37,18
1.0,240,0.0,133957.31,1.0,5,2,26,9
31.0,240,19221.72,19769.04,0.9635308543,3,2,24,37
10.0,300,18377.75,20005.02,0.8345032172,4,2,17,30
24.98,180,71824.8,65434.07,0.0,1,2,9,5
40.0,212,35016.48,33293.82,0.0,4,2,16,8
1.0,240,10716.69,11990.57,0.1062401537,3,2,31,23
1.0,300,0.0,40709.74,1.0,4,2,27,10
13.0,240,8854.28,10376.25,0.1466782315,3,4,51,4
1.0,300,72086.94,71566.3,0.0,5,2,27,1
4.0,300,0.0,49105.3,0.8267034148,4,2,8,4
1.0,260,140956.84,145031.17,0.0,5,2,27,15
0.0,240,0.0,73910.96,1.0,5,2,35,29
24.98,180,12579.17,12479.94,0.0,1,2,56,1
96.0,240,26593.48,30807.07,0.7876822318,4,2,21,35
1.0,300,51439.43,52692.2,0.0,4,2,12,12
0.0,360,0.0,124640.11,1.0,5,2,16,11
8.0,300,0.0,37163.25,1.0,4,2,22,5
77.0,300,0.0,31998.11,1.0,4,2,17,1
24.98,240,34233.52,28858.32,0.0,4,2,10,22
24.98,236,10021.79,8871.04,0.0,3,2,23,21
1.0,360,0.0,106714.04,0.9003733357,5,2,9,1
4.0,300,0.0,50737.55,1.0,4,2,31,4
34.0,180,0.0,48679.43,1.0,5,2,34,1
2.0,225,11347.66,11557.63,0.0,3,2,46,22
1.0,360,90097.74,83081.68,0.0,5,2,8,8
28.0,300,0.0,43456.89,1.0,4,2,21,8
1.0,240,0.0,51568.28,1.0,5,2,49,14
12.0,360,0.0,145003.11,1.0,5,2,17,3
44.0,300,0.0,54942.47,1.0,4,2,37,8
65.0,240,59440.74,64832.94,0.0831706845,5,2,50,2
44.0,240,28562.67,15910.75,0.9619703659,3,2,34,29
94.0,234,13510.58,14117.12,0.9617089038,3,2,14,60
1.0,360,0.0,109770.22,1.0,5,2,16,2
77.0,360,143791.75,137004.25,0.0,5,2,15,5
24.98,360,0.0,54850.61,1.0,4,2,13,1
1.0,360,0.0,133993.7,1.0,5,2,7,8
1.0,236,21260.47,9823.03,0.984948636,3,2,28,40
1.0,200,10635.99,10630.64,0.8870002182,3,4,21,58
54.0,240,31980.26,48060.57,0.6834429129,1,2,78,45
94.0,240,19221.73,19908.83,0.969460787,3,2,19,42
17.0,240,37298.03,38266.18,0.0,5,2,32,2
24.98,240,3804.13,46544.96,0.8740482412,5,2,30,26
20.0,240,51806.07,55962.03,1.0,5,2,25,27
94.0,232,15190.64,18060.11,0.9116555768,3,2,24,59
1.0,222,11450.79,4285.38,0.9247931339,3,2,13,52
24.98,360,0.0,60537.99,1.0,5,2,12,3
24.98,240,35269.15,35593.33,0.0091078862,3,4,39,1
1.0,240,39867.54,52275.8,0.237361456,4,2,26,13
1.0,360,0.0,167820.35,1.0,5,2,16,8
24.98,228,11448.7,16411.7,0.9105144501,3,4,42,35
0.0,240,0.0,18067.23,0.8153389552,4,2,22,12
5.0,222,13549.34,12653.85,0.9876780585,3,4,30,53
12.0,360,77437.6,77548.94,0.0014357385,5,2,13,3
0.0,300,0.0,38885.6,1.0,4,2,25,7
1.0,236,14260.36,14396.48,0.9850803808,3,2,44,39
23.0,240,19221.72,19904.65,0.9729821926,3,2,19,42
13.0,240,0.0,39602.14,1.0,4,2,54,1
2.0,360,0.0,121213.13,1.0,5,2,37,2
24.98,240,40543.0,46289.47,0.0,1,2,52,5
3.0,300,0.0,46113.42,1.0,4,2,17,3
2.0,240,0.0,31938.89,1.0,4,2,41,1
64.0,300,0.0,118149.85,1.0,5,2,21,1
25.0,200,9041.8,10630.64,0.8545233401,3,4,21,58
29.0,360,0.0,164476.94,1.0,5,2,21,4
1.0,360,0.0,84306.97,1.0,5,2,17,4
24.98,240,26344.49,28923.88,0.0,5,2,16,3
65.0,286,0.0,46405.16,1.0,5,2,17,1
24.98,240,37804.55,36083.28,0.0,4,2,32,6
24.98,240,47951.26,48568.03,0.0126990944,5,2,22,3
94.0,240,23116.14,40494.85,0.7061591995,4,2,40,25
77.0,228,39897.43,18761.8,0.498829739,4,2,11,56
1.0,222,11450.79,4301.38,0.9379199234,3,2,18,47
29.0,300,0.0,49160.87,1.0,4,2,34,3
38.0,300,0.0,64814.51,1.0,4,2,32,8
24.98,240,32325.31,43317.23,0.6852952808,1,2,78,30
1.0,236,14260.37,14436.92,0.9857857493,3,2,24,59
8.0,240,0.0,41060.12,1.0,4,2,23,5
5.0,240,0.0,35662.3,0.8608967892,4,2,43,9
24.98,360,109582.17,106402.41,0.0,5,2,16,3
0.0,180,0.0,30169.53,1.0,5,2,23,38
24.98,240,74735.81,89690.39,0.7031952536,5,2,11,36
5.0,240,18211.81,18678.11,0.9505961792,3,2,20,35
24.98,300,0.0,91578.56,1.0,5,2,8,1
1.0,240,0.0,114894.79,1.0,5,2,47,16
7.0,240,0.0,71942.07,1.0,4,2,27,13
37.0,180,13115.99,40366.14,0.7500142777,4,3,19,56
1.0,300,0.0,63460.57,1.0,4,2,18,8
94.0,224,14961.62,17840.36,0.8947952844,3,2,17,55
1.0,300,67406.73,69176.01,0.0255764968,4,2,13,1
94.0,224,14956.45,17840.36,0.8948092976,3,2,17,55
24.98,150,22942.69,26136.16,0.0004841214,2,2,64,2
2.0,180,0.0,7724.34,1.0,4,2,60,6
1.0,360,244845.11,212964.47,0.0,5,2,9,12
1.0,300,0.0,73579.02,1.0,4,2,8,4
68.0,240,36643.57,33335.0,0.0,1,2,79,9
0.0,240,109070.51,90328.65,0.81174102,5,2,30,34
29.0,360,0.0,207293.92,1.0,5,2,19,1
1.0,300,0.0,69396.82,1.0,4,2,16,6
24.98,240,137290.99,124289.02,0.0,5,2,14,8
1.0,222,12698.85,7681.43,1.0,3,2,42,27
20.0,180,11935.18,14237.23,0.1616922674,4,2,60,11
24.98,222,11453.5,4293.1,0.9108266754,3,2,13,52
94.0,230,11483.4,13830.43,0.9100418425,3,4,33,29
1.0,300,0.0,74021.06,1.0,4,2,11,11
1.0,236,19371.79,15813.69,0.9541093824,3,2,14,46
24.98,243,0.0,41047.26,1.0,5,2,11,4
4.0,300,0.0,133206.76,1.0,5,2,19,9
24.98,222,26654.51,4136.07,0.9383105946,3,2,7,36
1.0,225,16828.9,20450.81,1.0,3,2,41,39
52.0,207,0.0,40598.16,0.6387310264,5,2,37,1
24.98,240,40948.04,45759.38,0.0295364138,5,2,26,5
24.98,263,271673.97,263761.04,0.0,5,2,8,3
1.0,240,20754.74,20909.41,0.007397148,3,4,57,5
1.0,300,0.0,43397.59,1.0,4,2,23,10
24.98,203,137464.61,117121.53,0.0,5,2,11,12
1.0,280,0.0,44241.43,1.0,5,2,45,3
24.98,222,26707.33,6147.46,0.0,3,2,27,16
1.0,240,64792.09,72875.3,0.110918377,5,2,15,15
5.0,228,13211.32,12079.88,0.9682505124,3,2,24,38
24.98,240,0.01,87769.83,0.9999998861,4,2,13,1
24.98,300,0.0,64019.9,1.0,4,2,8,11
0.0,240,0.0,36379.69,1.0,4,2,37,2
4.0,240,0.0,41048.84,1.0,4,2,34,5
34.0,120,0.0,40078.29,1.0,5,2,23,4
2.0,360,112929.88,112122.33,0.0,5,2,11,5
1.0,240,0.0,111886.05,1.0,5,2,21,4
24.98,240,105850.17,79890.01,0.0,1,2,8,20
4.0,236,16936.36,19614.94,0.9065717254,3,2,14,49
1.0,240,10249.71,12027.72,0.9337613446,3,2,21,34
2.0,300,0.0,99072.37,1.0,4,2,27,13
94.0,225,19560.93,14949.0,0.8998742391,3,4,22,26
24.98,240,234451.21,193462.08,0.0,5,2,12,16
1.0,234,13362.33,17844.87,0.8692201176,3,4,22,52
1.0,300,0.0,73145.36,1.0,4,2,25,4
24.98,240,77646.67,74752.76,0.0,5,2,13,3
24.98,204,14163.91,14059.59,0.0,4,3,25,6
3.0,300,0.0,42445.54,1.0,4,2,15,1
90.0,240,29542.26,29469.55,0.0,4,2,28,1
1.0,240,0.0,102908.31,1.0,1,2,68,5
1.0,240,0.0,84790.83,0.7860042322,5,2,7,1
1.0,240,10717.22,12104.54,0.1146115424,3,2,30,24
1.0,236,21249.77,9859.99,0.9711561574,3,2,28,40
93.0,240,19221.73,19747.78,0.0,3,2,39,22
1.0,225,11346.02,11556.29,0.0181952859,3,2,46,22
0.0,360,247245.52,211220.31,0.0,5,2,9,14
1.0,236,21262.15,10850.18,0.9433152261,3,2,39,29
1.0,220,10223.82,11390.42,0.9374325091,3,4,18,61
2.0,300,70765.72,70263.43,0.0,4,2,10,2
5.0,186,0.0,594118.1,1.0,5,2,11,9
1.0,240,0.0,34945.08,0.8326850433,4,2,27,10
1.0,360,0.0,120884.02,1.0,5,2,14,3
25.0,240,0.0,18963.04,1.0,4,2,36,5
2.0,120,91476.48,77556.63,0.0,1,2,32,8
1.0,300,0.0,51876.33,1.0,4,2,13,3
3.0,300,0.0,70339.61,1.0,4,2,17,6
5.0,120,756.74,174621.91,0.9956664086,5,2,31,4
13.0,240,0.0,13892.93,1.0,4,2,45,1
1.0,180,0.0,133428.93,0.8464371802,5,2,20,1
1.0,240,167022.28,153628.69,0.0,5,2,24,6
4.0,240,10239.47,11121.56,0.0793135136,3,2,45,10
0.0,240,0.0,58547.64,1.0,5,2,33,10
24.98,240,26093.7,29449.46,0.0,5,2,38,9
0.0,240,0.0,95534.99,1.0,5,2,39,13
1.0,300,0.0,50742.12,1.0,4,2,25,3
1.0,300,0.0,48648.72,1.0,4,2,10,5
2.0,300,0.0,78672.1,1.0,4,2,11,0
70.0,300,0.0,77027.26,1.0,4,2,15,4
24.98,240,19373.75,19546.41,0.0,4,2,9,11
1.0,222,11969.98,5529.58,0.9374636048,3,2,20,50
4.0,230,7788.09,9240.42,0.8869759167,3,2,32,35
24.98,120,18462.74,22493.72,0.0,1,2,50,23
5.0,236,21260.47,10930.68,0.0,3,2,48,20
1.0,300,0.0,69564.15,1.0,4,2,14,2
18.0,240,36302.69,39559.24,0.0,4,2,36,13
1.0,300,0.0,78288.84,0.7736107591,5,2,11,1
1.0,288,0.0,30613.59,1.0,4,2,27,8
1.0,222,11450.79,4282.75,0.9162290584,3,2,12,53
3.0,240,95408.2,99028.52,0.0365583571,5,2,23,2
24.98,180,37361.85,36324.69,0.0,5,2,26,3
1.0,235,13119.93,13298.44,0.9844162172,3,2,16,65
1.0,240,20384.58,19848.63,0.0,4,2,35,8
24.98,180,23005.52,19217.72,0.0,5,2,39,12
29.0,236,21302.92,13201.44,0.9327997552,3,2,7,66
1.0,180,117197.04,110996.99,0.0,5,2,33,5
45.0,240,0.0,67396.41,0.728601712,5,2,16,0
1.0,360,154056.36,143637.03,0.0,5,2,7,6
1.0,228,15344.82,19724.67,0.8846490207,3,2,33,44
1.0,236,21249.77,10983.92,0.0,3,2,48,20
4.0,240,84898.04,88611.3,0.0,5,2,23,1
1.0,236,21249.77,9913.63,0.9710318017,3,2,28,40
24.98,240,89907.31,97232.35,0.0,5,2,14,24
4.0,236,21056.83,19202.16,0.9521631941,3,2,19,52
71.0,300,0.0,21960.32,1.0,4,2,16,2
24.98,232,15412.64,12529.44,0.9590484491,3,2,31,32
3.0,240,0.0,105764.69,1.0,5,2,21,1
1.0,240,10009.05,11033.23,0.0928268512,3,2,43,15
1.0,224,14956.45,17840.36,0.9256853561,3,2,17,55
1.0,300,0.0,55064.72,1.0,5,2,9,1
2.0,300,46409.56,44532.07,0.0,4,2,14,7
24.98,300,67715.73,73611.23,0.002126459,5,2,8,2
81.0,240,58941.24,54812.5,0.0,4,2,30,9
94.0,236,20276.83,13213.84,0.9300400186,3,2,7,66
2.0,240,39348.9,46481.81,0.1534559433,5,2,49,13
2.0,240,97585.97,93896.49,0.0,4,2,9,6
1.0,240,0.0,96050.73,0.692578471,5,2,21,9
1.0,236,21260.47,10904.49,0.942024799,3,2,40,28
24.98,236,19760.62,19850.64,0.0045348664,3,2,23,1
94.0,300,88928.96,91578.25,0.0,5,2,17,1
1.0,218,33548.58,17778.88,0.9143056256,3,4,24,40
77.0,240,128810.85,127649.72,0.0,5,2,29,2
35.0,240,0.0,65960.49,1.0,5,2,26,8
24.98,120,74518.58,136661.01,0.6848917422,5,2,10,33
1.0,222,13542.93,12717.01,1.0,3,4,30,53
1.0,236,19371.79,15691.47,0.9831315995,3,2,18,42
1.0,360,168306.69,156940.9,0.0,5,2,12,6
4.0,300,0.0,50498.44,1.0,4,2,19,2
1.0,293,0.0,104749.59,1.0,5,2,15,10
90.0,236,3635.16,5493.08,0.8400223554,3,4,48,30
35.0,240,80212.76,78072.0,0.0,5,2,36,10
2.0,240,10527.25,11746.18,0.1037724605,3,2,35,19
24.98,222,11977.01,5537.22,0.9336977761,3,2,20,50
90.0,300,0.0,63913.01,1.0,4,2,17,9
44.0,300,0.0,60781.97,1.0,4,2,22,1
4.0,300,0.0,62954.15,1.0,4,2,9,1
8.0,360,0.0,49942.17,1.0,5,2,20,24
1.0,240,60681.61,66860.28,0.092411668,4,2,67,5
12.0,300,56520.41,53321.34,0.0,4,2,10,10
31.0,240,0.0,58252.72,1.0,4,2,22,1
5.0,120,0.0,49492.34,1.0,5,2,54,1
24.98,232,18476.72,18071.38,0.0,3,2,24,14
1.0,360,0.0,114865.94,1.0,5,2,8,5
68.0,180,80934.29,90454.88,0.0,5,2,31,10
94.0,240,42760.61,43361.04,0.0138472232,4,2,39,1
1.0,240,0.0,72340.64,0.745462574,5,2,35,16
24.98,300,0.0,69480.95,1.0,4,2,7,2
1.0,120,25123.86,22246.91,0.0,5,2,48,9
34.0,240,0.0,79267.11,0.8606162394,5,2,14,4
94.0,240,38706.62,39870.37,0.0,5,2,27,2
24.98,222,26692.43,4355.7,0.9644970958,3,2,7,36
1.0,360,0.0,139810.53,1.0,5,2,12,10
24.98,300,0.0,59617.84,1.0,4,2,13,1
24.98,240,60117.82,47357.56,1.0,4,2,13,30
0.0,240,0.0,180227.04,1.0,5,2,20,13
1.0,300,38221.13,38116.68,0.0,4,2,12,3
30.0,232,15190.67,18060.11,0.925920717,3,2,24,59
24.98,300,38851.13,41533.29,0.0,4,2,15,10
1.0,216,33169.26,32644.46,0.0,4,2,61,2
34.0,339,119200.0,123599.58,0.0355954284,5,2,16,1
1.0,60,8034.99,18168.19,0.0,5,2,48,18
24.98,240,37889.6,41262.07,0.0,4,2,19,6
24.98,180,105461.94,97339.53,0.0,5,2,34,6
60.0,300,56990.85,59254.33,0.0381994025,4,2,17,2
89.0,240,19809.68,10093.52,0.0,3,4,15,21
24.98,119,35302.45,47715.68,0.0,5,2,26,16
60.0,204,0.0,44530.64,1.0,4,2,44,2
1.0,240,0.0,12916.37,1.0,4,2,52,5
24.98,240,9235.1,10214.7,0.0,4,2,35,24
1.0,204,33314.4,42225.0,0.211026643,1,2,72,14
24.98,240,285057.9,251657.88,0.0,5,2,24,14
1.0,240,0.0,33186.12,1.0,4,2,26,7
1.0,180,24341.71,29397.42,0.1719780171,5,2,57,13
90.0,240,61634.37,61657.9,0.0003816218,5,2,60,2
1.0,249,0.0,41662.76,1.0,4,2,20,8
94.0,240,31193.83,45379.21,0.3125964511,4,2,42,9
1.0,240,0.0,58184.28,1.0,4,2,18,6
9.0,300,96379.26,91490.46,0.0,4,2,15,10
24.98,360,109275.46,105978.94,0.0,5,2,7,3
93.0,240,8309.96,9520.35,0.8994207146,3,2,30,34
94.0,240,39602.9,37222.93,0.0,5,2,35,8
71.0,360,0.0,151956.56,1.0,5,2,20,4
8.0,236,21262.15,10926.35,0.0,3,2,46,22
4.0,240,94110.51,88610.09,0.0,5,2,16,6
24.98,60,6670.55,10480.95,0.041567723,1,2,30,6
44.0,240,41129.64,41799.08,0.0,4,2,13,2
1.0,330,0.0,94161.22,1.0,5,2,16,1
24.98,180,88642.47,86331.38,0.0,1,2,19,2
1.0,240,0.0,41984.31,1.0,4,2,34,2
52.0,228,16049.29,19451.28,0.847229077,3,2,37,34
1.0,240,63201.71,54876.53,0.0,5,2,49,12
56.0,230,8256.13,9618.56,0.9034221339,3,2,28,52
56.0,240,11303.22,11433.52,0.0,4,2,50,6
1.0,300,0.0,52209.38,1.0,4,2,26,1
32.0,204,75691.33,76959.76,0.0,4,3,43,1
24.98,300,0.0,87334.57,1.0,4,2,14,1
11.0,360,0.0,67665.24,1.0,5,2,25,1
28.0,204,149267.04,167654.52,0.1096748242,5,2,18,1
1.0,236,21260.47,9860.01,0.957797203,3,2,28,40
33.0,240,49329.47,49594.59,0.0,4,2,16,1
34.0,300,0.0,83892.36,1.0,4,2,17,4
2.0,300,0.0,55691.73,1.0,4,2,21,1
2.0,287,0.0,73265.2,1.0,4,2,17,6
94.0,225,16828.9,19365.21,0.9044182841,3,2,28,52
1.0,300,0.0,20297.41,1.0,4,2,9,25
1.0,271,123160.19,116906.95,0.0,5,2,32,4
24.98,300,0.0,79410.97,1.0,4,2,12,1
4.0,240,49050.63,53082.77,0.0759594874,4,2,30,10
24.98,204,36111.32,41126.14,0.6385589062,4,3,43,26
1.0,236,21262.15,10882.04,0.9479941261,3,2,38,30
1.0,300,0.0,43307.85,0.8262023473,4,2,19,1
1.0,240,0.0,32769.88,1.0,4,2,50,8
4.0,240,0.0,28579.51,1.0,4,2,52,1
1.0,240,173225.33,163806.1,0.0,5,2,23,4
31.0,300,40096.53,39743.84,0.0,4,2,11,4
1.0,240,0.0,76319.29,0.6832864383,5,2,27,12
24.98,240,38620.92,36805.86,0.0,4,2,33,6
94.0,236,10640.97,8878.74,0.9123321552,3,2,24,41
7.0,240,86789.33,82596.75,0.0,4,2,24,9
94.0,240,16860.99,24290.88,0.6383940279,1,2,45,49
24.98,360,68767.42,66297.77,0.0,5,2,11,3
24.98,240,48795.46,53755.72,0.0,4,2,19,7
2.0,240,65516.48,68492.95,0.0434565893,5,2,12,1
1.0,240,87873.52,72037.81,0.6936147509,5,2,14,35
33.0,240,49415.47,52206.88,0.0,4,2,25,2
1.0,360,219829.74,191856.06,0.0,5,2,11,15
1.0,240,33018.26,24739.33,0.0,5,2,9,24
10.0,240,0.0,65509.96,1.0,4,2,19,1
24.98,240,69119.64,67516.65,0.0,5,2,31,2
17.0,240,19221.72,20069.81,0.9118940339,3,2,21,40
1.0,240,9119.95,8053.09,1.0,3,4,19,34
24.98,300,0.0,85354.72,1.0,4,2,8,1
24.98,300,0.0,65900.46,1.0,4,2,11,1
4.0,110,0.0,66509.19,1.0,5,2,23,19
1.0,300,48691.98,42107.84,0.0,4,2,11,22
24.98,180,28769.64,33052.62,0.1295806505,5,2,14,6
1.0,240,26236.33,26352.36,1.0,3,4,29,30
24.98,218,13761.81,9814.34,0.8718640275,3,4,17,32
52.0,236,16070.24,19288.84,0.9093543209,3,2,14,65
5.0,60,0.0,27602.78,1.0,5,2,20,0
24.98,360,371183.5,407864.78,0.0899349044,5,2,19,3
0.0,300,71428.77,70031.0,0.0,4,2,8,3
2.0,240,26319.94,25956.8,0.9692361924,3,4,18,43
1.0,240,0.0,32010.66,1.0,4,2,68,12
18.0,300,62215.92,63466.69,0.0,4,2,8,2
0.0,245,47432.01,43825.25,0.0,4,2,17,12
1.0,120,0.0,68307.35,1.0,5,2,58,7
24.98,240,61409.74,66774.5,0.0803414477,4,2,32,2
1.0,230,10496.9,11646.56,0.9382856397,3,4,38,46
96.0,240,40138.38,47002.7,0.0,5,2,34,20
64.0,230,20374.99,22027.0,0.9219939166,3,2,28,31
1.0,222,12698.85,7672.61,1.0,3,2,39,30
67.0,236,3617.13,5661.08,0.8841987748,3,4,18,64
1.0,240,10103.82,10640.36,0.0504249856,3,2,46,10
93.0,240,37671.01,37609.59,0.0,4,2,23,3
49.0,119,64270.95,66359.18,0.0,5,2,27,2
45.0,240,95833.35,99239.98,0.0343271935,5,2,48,1
94.0,240,33136.48,53218.23,0.733151222,5,2,32,28
1.0,236,21260.47,10873.88,0.9471826064,3,2,38,30
0.0,300,0.0,51734.52,1.0,4,2,18,11
1.0,300,0.0,262488.51,1.0,5,2,14,4
24.98,204,42197.12,39204.84,0.0,4,3,22,8
34.0,240,111748.86,109053.43,0.0,5,2,31,2
3.0,215,56570.42,56401.77,0.0,4,2,15,1
61.0,360,61513.08,59501.65,0.0,5,2,15,3
0.0,360,0.0,89472.83,1.0,5,2,14,9
91.0,240,22335.23,33836.39,0.4042006726,5,2,40,28
24.98,221,21815.86,20042.98,0.9467514312,3,4,31,33
24.98,119,19317.8,26474.56,0.5438269286,5,2,24,34
1.0,228,13213.6,12036.4,0.9617759463,3,2,28,34
1.0,119,79216.18,73073.76,0.7423724091,5,2,13,28
96.0,360,115421.47,64012.37,0.0,4,2,14,8
52.0,236,3636.87,5294.52,0.8818910874,3,4,51,27
94.0,229,10776.12,18231.98,0.923827253,3,2,25,58
3.0,240,10717.22,11557.07,0.0,3,2,36,18
64.0,228,3549.98,4659.31,0.2380889016,3,4,72,4
11.0,360,0.0,204729.03,1.0,5,2,16,1
64.0,236,21262.15,9816.01,0.9628301112,3,2,28,40
2.0,96,91022.91,183244.7,0.5655693249,5,2,25,40
1.0,235,13119.93,13357.26,0.9499081398,3,2,16,65
1.0,240,0.0,235790.69,1.0,5,2,31,4
22.0,300,0.0,47552.36,1.0,4,2,29,1
1.0,240,47737.07,45214.53,0.0,4,2,34,8
24.98,360,0.0,52134.4,1.0,5,2,12,2
56.0,240,19637.59,21684.8,0.0944076035,3,2,50,7
17.0,240,64485.88,61671.0,0.0,4,2,15,7
12.0,300,67681.35,65978.93,0.0,4,2,13,4
4.0,240,61265.16,59779.12,0.0,4,2,13,12
0.0,300,36802.25,33230.96,0.0,4,2,24,17
24.98,240,35272.49,35893.81,0.0173099484,3,4,39,1
24.98,240,57726.59,55745.65,0.0,5,2,8,3
17.0,240,0.0,49532.78,0.7765742568,4,2,27,48
22.0,120,34083.21,42485.5,0.1977684151,1,2,13,7
2.0,240,0.0,71573.03,1.0,4,2,24,3
94.0,240,94504.27,94686.21,0.0,5,2,22,1
1.0,222,13549.34,13710.1,0.9754480274,3,4,31,52
24.98,324,0.0,477313.89,1.0,5,2,8,5
94.0,240,25374.43,26623.33,0.9699733279,3,4,13,46
2.0,300,48644.57,45816.97,0.0,4,2,23,11
86.0,240,60304.26,59769.7,0.0,5,2,20,2
7.0,300,70923.26,73121.89,0.0300680138,4,2,16,5
65.0,360,0.0,140459.51,1.0,5,2,22,2
4.0,240,227627.94,168985.92,1.0,5,2,16,43
1.0,300,82353.29,70633.65,0.0,4,2,18,15
2.0,240,31790.3,33163.65,0.0414113042,5,2,44,1
96.0,240,28555.55,4387.24,0.9119628742,3,2,7,56
96.0,240,12352.16,124618.21,0.7621556638,4,2,15,42
56.0,240,0.0,56227.17,1.0,4,2,29,1
0.0,239,0.0,85399.84,1.0,5,2,16,15
24.98,204,58233.61,58045.43,0.0,2,2,78,0
52.0,240,5322.98,5388.44,0.0121482284,5,2,51,14
1.0,360,153056.07,137203.46,0.0,5,2,36,8
52.0,120,144394.27,149182.31,0.0,5,2,33,4
1.0,222,11450.79,4285.35,0.9205269115,3,2,13,52
47.0,240,20754.74,20892.47,0.0065923273,3,4,58,4
24.98,180,15124.91,18780.11,0.1946314478,5,2,38,2
1.0,300,0.0,70229.03,1.0,4,2,12,17
79.0,240,49153.4,50356.71,0.0,5,2,42,8
24.98,240,98524.46,83760.51,0.0,4,2,24,13
24.98,120,30295.54,34812.22,0.0078671974,5,2,17,2
27.0,240,36258.01,30183.77,0.0,5,2,15,21
24.98,180,100396.86,99826.12,0.0,5,2,22,7
0.0,360,146813.09,148258.25,0.0097475857,5,2,15,1
2.0,225,11346.01,11574.5,0.0197408095,3,2,46,22
24.98,240,76947.53,58970.93,0.0,5,2,9,23
5.0,240,0.0,77067.13,1.0,5,2,35,1
24.98,180,102753.92,92237.41,0.0,5,2,18,10
56.0,300,0.0,48799.04,1.0,4,2,25,1
0.0,360,0.0,117176.25,0.792905962,5,2,12,9
13.0,300,48982.56,47777.95,0.0,4,2,29,4
89.0,204,84435.01,74957.41,0.0,5,2,8,13
94.0,236,16936.36,19682.59,0.9063146669,3,2,14,49
24.98,360,140639.45,129737.84,0.0,5,2,8,7
24.98,218,14775.06,9498.66,0.9341759785,3,4,17,32
24.98,180,42467.68,50967.39,0.0,5,2,44,10
2.0,180,51873.17,57530.37,0.0983341494,4,2,42,12
52.0,236,15327.28,21494.51,0.8695187748,3,4,23,38
24.98,240,165796.61,133821.24,0.0,5,2,24,16
1.0,300,0.0,38647.66,1.0,4,2,14,5
9.0,360,0.0,94121.2,1.0,5,2,42,1
1.0,57,15645.97,21463.41,0.2710398767,1,2,18,1
90.0,240,12515.96,14492.14,0.911620368,3,2,29,31
1.0,295,0.0,141140.85,1.0,5,2,27,5
46.0,240,0.0,79631.73,1.0,5,2,17,2
2.0,360,0.0,101884.45,1.0,5,2,13,11
2.0,240,10578.62,11217.95,0.0569916963,3,2,43,12
1.0,300,0.0,40539.9,1.0,4,2,16,1
5.0,300,60081.38,56266.45,0.0,4,2,14,10
5.0,240,0.0,48985.35,1.0,4,2,21,7
1.0,300,0.0,58017.96,1.0,4,2,17,6
83.0,240,0.0,68539.84,0.0,5,2,24,13
0.0,240,0.0,124819.11,0.7769871854,1,2,8,18
65.0,360,206856.68,200423.45,0.0,5,2,14,3
1.0,300,62343.17,54935.16,0.0,4,2,10,19
77.0,240,19703.8,21759.42,0.0944703489,3,2,38,19
24.98,300,0.0,90547.24,1.0,4,2,8,10
17.0,300,0.0,61602.04,1.0,4,2,10,12
24.98,325,183206.09,150252.09,0.0,5,2,11,17
94.0,240,18211.82,18677.35,0.9238205634,3,2,20,35
5.0,240,21164.41,27869.22,0.9956604455,3,4,8,48
1.0,300,75653.51,71942.83,0.0,4,2,9,9
0.0,240,0.0,49953.63,1.0,4,2,48,3
94.0,230,8294.9,9657.11,0.8548706601,3,2,28,52
1.0,300,0.0,99582.16,1.0,4,2,27,15
25.0,240,10220.42,10790.19,0.0528044455,3,2,50,4
56.0,240,44614.35,44356.78,0.0,5,2,23,4
94.0,190,13016.63,13672.9,0.8851765171,3,2,23,52
1.0,220,12962.44,11382.38,0.9522876586,3,4,18,61
8.0,300,35767.73,35581.61,0.0,4,2,14,2
96.0,360,89359.94,98812.53,0.0,5,2,18,24
1.0,240,10239.8,11620.87,0.118843942,3,2,31,24
24.98,300,77879.14,74513.78,0.0,4,2,9,7
85.0,360,128912.48,119532.56,0.0,5,2,9,6
2.0,240,35898.4,34927.33,0.0,4,2,19,4
24.98,240,68020.91,65150.03,0.0,5,2,7,4
18.0,360,0.0,117443.38,1.0,4,2,22,6
1.0,234,13573.56,14117.12,0.9617089038,3,2,14,60
0.0,270,196082.2,177300.79,0.0,5,2,18,8
24.98,240,62234.61,60925.83,0.0,5,2,20,2
60.0,300,0.0,41277.47,1.0,4,2,19,2
24.98,180,0.0,80083.67,1.0,1,2,10,5
1.0,300,0.0,78583.58,1.0,4,2,9,4
1.0,300,59409.31,55008.12,0.0,4,2,7,11
14.0,240,59532.24,58196.33,0.0,4,2,25,2
1.0,231,7861.28,9129.99,0.1389607218,3,2,56,22
32.0,360,124583.38,118826.49,0.0,5,2,21,5
3.0,108,22007.76,24558.27,0.1038554426,5,2,29,9
24.98,240,33580.45,39977.03,0.0,5,2,29,20
1.0,240,0.0,13949.12,0.8477371061,1,2,112,0
94.0,240,8309.96,8639.98,0.0381968477,3,2,59,5
4.0,95,49491.6,55137.27,0.0,1,2,35,1
0.0,300,56781.64,57724.83,0.0163394158,4,2,17,1
2.0,300,0.0,60861.99,1.0,4,2,17,4
23.0,300,0.0,30002.31,1.0,4,2,19,1
93.0,218,28246.12,24367.43,0.0,3,4,39,17
33.0,180,71751.5,81314.58,0.0,5,2,13,12
1.0,236,21260.47,10940.09,0.0,3,2,51,17
31.0,360,147665.04,147487.09,0.0,4,2,14,1
25.0,240,0.0,65623.94,0.751689924,4,2,38,24
22.0,300,0.0,28374.8,1.0,4,2,42,2
5.0,300,0.0,70671.18,1.0,4,2,17,4
24.98,204,16012.84,14593.0,0.0,4,3,16,11
24.98,240,20432.12,19871.83,0.0,4,2,20,8
1.0,236,21262.15,11156.86,0.0,3,2,53,15
24.98,360,0.0,149217.66,1.0,5,2,8,5
24.98,240,63368.65,59796.39,0.0,5,2,13,5
0.0,300,85544.46,78840.77,0.0,4,2,10,13
10.0,236,3878.31,5607.3,0.9138836873,3,4,48,28
0.0,240,35489.91,32330.56,0.0,4,2,27,13
24.98,204,34500.16,41179.93,0.0,5,2,17,22
68.0,218,33532.51,17724.5,0.9266659144,3,4,24,40
55.0,240,0.0,81266.95,1.0,4,2,26,13
1.0,360,0.0,167383.71,0.7328276131,5,2,21,17
24.98,300,68370.44,66747.68,0.0,4,2,9,4
3.0,240,0.0,176708.27,1.0,5,2,12,2
17.0,240,19710.24,22281.42,0.9289731085,3,2,15,42
24.98,240,24080.59,22612.65,0.0,1,2,79,4
0.0,360,0.0,103938.21,1.0,5,2,18,3
1.0,120,481607.11,395801.92,0.0,1,2,10,11
3.0,180,0.0,91038.4,1.0,5,2,29,4
0.0,180,0.0,30124.61,1.0,1,2,79,1
21.0,120,0.0,122220.54,1.0,5,2,33,1
1.0,300,85728.95,84052.48,0.0,4,2,25,4
56.0,360,91900.34,92847.96,0.0102061478,5,2,14,1
1.0,230,10562.42,11646.56,0.9368027984,3,4,38,46
0.0,240,0.0,61730.28,1.0,5,2,26,10
4.0,280,74528.52,72567.92,0.0,4,2,21,2
0.0,120,29222.53,27654.22,0.0,5,2,54,4
24.98,218,14777.01,9814.34,0.8642578105,3,4,17,32
7.0,119,0.0,277454.76,1.0,5,2,13,2
95.0,335,258243.67,250314.8,0.0,5,2,12,3
61.0,300,74126.8,69209.58,0.0,4,2,14,8
60.0,300,0.0,43668.09,1.0,4,2,16,2
12.0,134,0.0,41236.94,0.5544762123,1,2,79,53
55.0,240,0.0,269702.81,1.0,5,2,33,6
24.98,360,29167.04,24512.07,0.0,5,2,9,16
5.0,240,0.0,75053.62,0.6681604671,5,2,19,7
90.0,240,0.0,66061.31,1.0,5,2,43,8
44.0,238,0.0,59540.44,0.6923719771,5,2,10,5
11.0,360,0.0,128110.51,1.0,5,2,11,2
24.98,223,12704.0,7666.33,1.0,3,2,39,30
31.0,360,0.0,72930.28,1.0,5,2,20,2
1.0,240,0.0,94209.85,0.8995917437,5,2,38,1
3.0,240,86494.22,96008.91,0.0991021562,5,2,18,5
56.0,238,0.0,21086.61,1.0,4,2,51,1
1.0,300,47405.95,40627.53,0.9933289336,4,2,13,26
8.0,360,0.0,67355.38,1.0,5,2,11,1
4.0,240,53625.67,59210.7,0.8229358415,4,2,17,34
0.0,200,153978.49,126563.7,0.0,5,2,19,19
24.98,228,20656.41,21623.08,0.0447054721,3,2,57,1
9.0,360,0.0,40250.82,1.0,5,2,12,0
1.0,350,0.0,218558.07,1.0,5,2,22,16
56.0,240,34360.81,31861.88,0.0,4,2,40,14
5.0,300,0.0,96857.86,1.0,4,2,22,9
24.98,230,20374.99,22063.35,0.9398871885,3,2,28,31
8.0,234,19894.69,23216.32,0.9576694325,3,4,20,39
61.0,300,0.0,61385.99,1.0,4,2,23,3
16.0,300,0.0,49422.99,1.0,4,2,13,4
0.0,120,0.0,74137.1,1.0,5,2,38,9
12.0,300,0.0,92449.07,1.0,4,2,9,2
1.0,218,33657.31,17715.82,0.9286603725,3,4,24,40
24.98,360,0.0,215071.23,1.0,5,2,7,5
96.0,204,50238.55,44952.11,0.0,4,3,35,15
3.0,240,0.0,126185.37,1.0,5,2,30,2
1.0,300,0.0,41845.2,1.0,4,2,26,2
96.0,240,6643.62,7618.97,0.0,5,2,44,23
24.98,240,84822.38,81414.56,0.0,5,2,32,3
24.98,120,46621.74,42780.84,0.0,5,2,14,7
24.98,240,116513.4,143032.46,0.0,5,2,41,24
4.0,119,43514.94,45111.69,0.0,5,2,13,2
4.0,240,0.0,32643.67,1.0,4,2,16,1
24.98,240,57144.18,56386.93,0.0,4,2,39,4
45.0,240,95201.97,105660.41,0.6544292421,5,2,35,26
34.0,120,0.0,44817.9,1.0,5,2,31,4
24.0,240,0.0,124019.88,0.6842379531,5,2,8,43
68.0,224,14961.62,17840.36,0.8987856747,3,2,17,55
2.0,240,27185.78,28261.54,0.0380644508,4,2,37,0
1.0,319,0.0,107742.53,1.0,5,2,28,3
14.0,300,0.0,39094.71,1.0,4,2,13,1
1.0,240,26154.59,25999.09,0.9693639277,3,4,23,41
1.0,240,0.0,175173.78,1.0,1,2,34,31
1.0,300,0.0,39268.02,1.0,4,2,14,9
0.0,300,0.0,65825.01,1.0,4,2,15,6
1.0,235,13081.03,13295.76,0.9798228909,3,2,13,62
0.0,360,103654.74,106266.84,0.0,5,2,9,17
25.0,300,0.0,32338.1,1.0,4,2,12,14
5.0,171,12836.62,17792.24,0.7332820376,3,2,42,34
1.0,222,11438.52,4403.74,0.836582087,3,2,13,52
3.0,120,0.0,31476.02,1.0,5,2,14,6
1.0,240,0.0,123046.36,1.0,4,2,29,7
0.0,240,28664.32,26669.19,0.0,4,2,10,17
0.0,222,13455.71,4872.85,0.9734734293,3,2,27,40
24.98,204,12791.79,14479.74,0.1165732258,4,3,20,14
1.0,240,0.0,55750.07,0.775892643,4,2,14,6
0.0,60,0.0,29971.57,1.0,1,2,29,7
1.0,276,51216.24,55692.82,0.0803798407,4,2,24,13
56.0,240,0.0,51465.36,1.0,4,2,26,0
32.0,240,17809.34,16565.14,0.0,5,2,36,9
38.0,240,0.0,152355.75,1.0,5,2,18,0
75.0,240,19378.93,21036.22,0.0,5,2,15,4
0.0,240,98071.7,73517.14,0.0,5,2,53,24
2.0,240,554120.35,527143.36,0.0,5,2,27,4
10.0,240,74523.92,75542.54,0.0134840581,5,2,25,0
1.0,300,0.0,43831.17,1.0,4,2,20,9
24.98,240,36940.97,30300.35,0.0,4,2,7,17
1.0,300,0.0,71771.35,1.0,4,2,13,7
1.0,180,0.0,42013.83,0.8488159073,5,2,30,4
94.0,204,49322.34,48490.4,0.9904030739,4,3,26,41
60.0,240,18249.95,20668.42,0.9606922058,3,2,15,42
76.0,360,69876.78,69766.39,0.0,5,2,23,4
24.98,240,0.0,94060.25,1.0,5,2,12,6
0.0,300,0.0,20582.48,1.0,5,2,20,10
24.98,240,111029.63,105005.59,0.0,4,2,22,6
1.0,300,0.0,39991.44,1.0,4,2,13,6
86.0,180,9902.43,10936.93,0.0945877865,2,2,115,1
1.0,204,0.0,14659.51,1.0,4,2,31,13
24.98,236,10038.92,8895.88,0.0,3,2,24,20
0.0,300,0.0,55852.54,1.0,4,2,18,0
1.0,240,87912.77,93731.37,0.0,5,2,18,18
1.0,236,16442.24,18117.66,0.0,3,2,50,16
1.0,229,15067.11,17636.89,0.8831687446,3,2,49,34
4.0,240,10513.0,8994.95,0.0,3,4,35,18
4.0,230,13653.02,15965.84,0.9275127397,3,2,23,53
60.0,300,39000.54,38283.38,0.0,4,2,15,8
52.0,240,0.0,27343.47,1.0,4,2,21,8
1.0,240,25211.75,26628.83,0.9822357948,3,4,13,46
0.0,360,0.0,107714.92,1.0,5,2,7,12
1.0,240,96407.61,87195.06,0.0,5,2,32,9
94.0,240,0.0,119333.59,0.0,5,2,22,16
6.0,348,0.0,141013.88,1.0,5,2,27,4
24.98,300,0.0,75943.91,1.0,4,2,7,9
93.0,240,11056.49,11486.96,0.0,3,2,31,24
78.0,240,43875.31,44598.2,0.0,5,2,39,1
24.98,236,21262.15,9851.6,0.9841599334,3,2,28,40
2.0,144,0.0,143412.51,1.0,5,2,24,24
94.0,240,51026.63,52407.55,0.0,5,2,24,1
93.0,240,22426.99,24043.24,0.0,5,2,34,11
24.98,218,14159.99,9591.01,0.9087791588,3,4,17,32
91.0,240,0.0,61687.64,1.0,4,2,39,5
1.0,236,8705.46,9109.0,1.0,3,4,16,44
4.0,300,0.0,58646.39,1.0,4,2,15,2
91.0,240,0.0,69568.43,1.0,4,2,23,0
1.0,240,0.0,84217.51,1.0,4,2,43,2
8.0,300,0.0,59001.35,1.0,4,2,14,2
1.0,233,18313.25,22848.89,0.198505923,3,4,46,14
24.98,300,0.0,66533.64,1.0,4,2,11,3
24.98,300,0.0,47700.76,1.0,4,2,11,3
1.0,231,7862.07,9436.36,0.9089087318,3,2,49,29
24.98,221,100892.52,113341.64,0.0,5,2,40,8
0.0,240,85123.03,70921.49,0.0,4,2,11,19
11.0,180,0.0,64697.82,1.0,5,2,63,9
24.98,240,15525.7,16718.54,0.0,4,2,20,10
94.0,180,14272.0,16142.48,0.1158731496,5,2,40,1
24.98,180,158641.11,138789.64,1.0,1,2,43,39
24.98,240,59426.27,57660.04,0.0,5,2,16,8
1.0,225,11346.02,11601.52,0.0,3,2,47,21
56.0,232,15189.29,18071.38,0.9143109159,3,2,24,59
1.0,240,9123.02,8021.47,1.0,3,4,19,34
94.0,360,115953.78,116956.98,0.0,5,2,24,5
65.0,60,0.0,56033.15,1.0,5,2,21,1
24.98,300,55991.33,55147.36,0.0,4,2,7,2
24.98,204,41823.18,41724.09,0.0,4,2,13,0
45.0,240,138893.86,131113.54,0.0,5,2,13,5
1.0,231,7861.79,9245.08,1.0,3,2,53,25
1.0,240,325805.14,296869.69,0.618438652,1,2,50,32
5.0,240,0.0,75414.5,1.0,5,2,19,2
24.98,240,39973.46,38593.78,0.0,4,2,18,3
1.0,236,4648.08,7915.15,0.8584335104,3,4,36,47
5.0,360,21566.29,23268.17,0.0731419789,5,2,25,1
0.0,239,0.0,122117.51,1.0,5,2,14,3
24.98,232,15416.86,12542.19,0.9590908765,3,2,28,32
86.0,136,88000.17,76226.88,0.0,5,2,25,18
29.0,236,20255.38,19251.27,0.9116442707,3,2,23,48
1.0,300,115772.79,112946.36,0.0,5,2,20,3
1.0,228,13211.32,12056.43,0.9935387175,3,2,25,37
92.0,240,163763.49,177151.28,0.0755726405,5,2,49,1
1.0,236,18386.2,17225.82,0.9366567165,3,2,24,41
1.0,360,0.0,131324.96,1.0,5,2,17,4
10.0,236,21249.77,10945.58,0.9508861111,3,2,38,30
64.0,360,0.0,214607.22,1.0,5,2,27,2
94.0,240,75512.68,76514.75,0.0,4,2,15,4
1.0,240,0.0,252764.3,0.9155825948,5,2,16,2
6.0,300,87163.83,81939.45,0.0,4,2,9,11
4.0,240,0.0,30926.44,1.0,4,2,33,7
24.98,116,38408.3,47574.44,0.0,1,2,81,4
1.0,222,13549.34,12653.85,0.9629567286,3,4,30,53
47.0,144,4773.59,8728.13,0.9161126152,3,4,14,61
23.0,240,0.0,46852.99,1.0,4,2,40,3
24.98,204,51991.53,59432.3,0.0,5,2,27,14
3.0,240,0.0,102382.67,1.0,5,2,20,6
52.0,240,0.0,43705.24,1.0,4,2,23,5
52.0,240,51294.88,50541.69,0.0,4,2,19,2
24.98,300,0.0,70016.45,1.0,4,2,9,6
24.98,360,0.0,109271.26,1.0,5,2,13,1
4.0,240,0.0,49987.27,0.6686992965,1,2,76,1
7.0,290,0.0,80100.26,1.0,4,2,25,6
39.0,300,0.0,87423.46,1.0,4,2,11,8
31.0,240,14616.75,16023.83,0.0,4,2,35,21
1.0,300,0.0,78560.21,0.0,5,2,26,10
1.0,240,133019.84,114202.47,0.0,5,2,17,23
21.0,360,0.0,166561.5,1.0,5,2,20,6
1.0,240,85358.78,76658.43,0.0,5,2,34,7
22.0,360,0.0,64120.57,1.0,5,2,46,1
24.98,300,70599.07,69161.89,0.0,4,2,16,3
2.0,60,193329.34,171067.34,0.0,1,2,39,5
13.0,232,15416.86,12512.16,0.9764253334,3,2,28,32
24.98,360,0.0,138487.71,1.0,5,2,8,3
2.0,240,25388.54,25607.7,0.0,4,2,21,3
1.0,300,0.0,313861.79,1.0,5,2,30,13
1.0,240,10220.42,11114.73,0.0804616936,3,2,39,15
24.98,360,200783.51,187949.44,0.0,5,2,11,6
0.0,240,90910.37,104601.46,0.1308881348,5,2,61,11
1.0,300,63479.81,61636.83,0.0,4,2,18,5
1.0,180,0.0,88494.4,0.8156350413,4,2,14,27
19.0,72,0.0,31288.82,0.2730852783,1,2,30,11
2.0,240,0.0,41315.4,0.7819075599,4,2,21,9
2.0,120,0.0,48907.92,1.0,1,2,14,14
24.98,72,156142.64,146811.7,0.0,5,2,27,4
24.98,236,21262.15,9831.52,0.9798718815,3,2,28,40
60.0,240,49346.36,49423.96,0.0,5,2,19,1
24.98,240,61250.36,56502.37,0.0,5,2,26,6
65.0,300,0.0,28742.62,1.0,4,2,17,1
1.0,235,6038.09,8255.52,0.2685996763,3,4,51,18
24.98,360,0.0,107787.53,1.0,5,2,10,7
55.0,180,0.0,12918.82,0.7719220188,4,2,11,7
1.0,234,19780.08,23302.64,0.9669153366,3,4,17,42
53.0,240,20743.26,22328.0,0.0709754568,3,2,48,8
1.0,236,8315.58,11212.49,0.258364556,3,4,39,23
1.0,240,10902.69,11972.23,0.0893350696,3,2,41,14
68.0,240,20752.31,20959.68,0.0098937579,3,4,54,8
24.98,360,31470.31,31833.3,0.0114028392,5,2,19,5
0.0,240,0.0,27867.84,0.691836094,5,2,36,11
8.0,240,10116.95,11762.42,0.8870929622,3,2,25,31
94.0,240,11109.42,11481.29,0.0,3,2,31,23
1.0,225,11346.01,11535.44,0.0164215669,3,2,46,22
93.0,240,0.0,65184.85,0.8289242994,5,2,7,37
2.0,300,0.0,39891.59,1.0,4,2,20,1
18.0,300,0.0,43507.91,1.0,4,2,25,1
1.0,240,49194.17,49215.15,0.0004262915,4,2,31,3
24.98,300,0.0,56782.94,1.0,4,2,8,1
7.0,240,171874.46,167927.64,0.0,5,2,19,9
94.0,240,47034.17,38415.43,0.9900085175,5,2,15,32
24.98,222,11455.23,4290.47,0.907320177,3,2,12,53
11.0,240,0.0,242795.96,1.0,5,2,28,4
2.0,300,104455.71,107380.5,0.0,4,2,17,2
1.0,240,116888.95,105939.83,0.0,5,2,27,9
1.0,300,0.0,64925.35,1.0,4,2,18,3
13.0,228,14318.67,16695.54,0.1423655659,3,4,64,2
24.98,300,0.0,78818.91,1.0,4,2,7,3
1.0,300,86603.81,79025.32,0.0,4,2,10,13
24.98,180,253440.34,210194.68,0.0,5,2,31,12
24.98,180,43700.27,53883.08,0.0,4,3,26,23
94.0,230,13653.03,15970.74,0.8909893969,3,2,23,53
2.0,120,145831.79,159674.62,0.0866939906,5,2,16,15
4.0,236,16916.57,14070.02,0.9593014082,3,2,11,49
7.0,360,72769.43,79711.72,0.0870924627,5,2,19,15
93.0,180,0.0,92381.76,1.0,5,2,63,5
3.0,240,0.0,26670.51,1.0,5,2,56,5
1.0,360,0.0,97014.71,1.0,5,2,11,13
24.98,204,62246.59,63333.96,0.0,4,3,31,9
6.0,240,0.0,36010.58,0.0,5,2,19,10
44.0,240,28561.19,15987.97,1.0,3,2,37,26
1.0,232,15286.42,18143.08,0.9092601697,3,2,24,59
94.0,226,11456.58,13988.82,0.8910108215,3,4,33,29
1.0,236,21262.15,9747.51,0.9853921668,3,2,28,40
1.0,120,0.0,279027.83,1.0,5,2,16,9
1.0,240,132766.7,123543.94,0.0,5,2,23,10
1.0,120,0.0,70098.01,1.0,5,2,31,7
1.0,236,19371.79,15727.16,0.9612968902,3,2,11,49
2.0,360,75050.52,69159.71,0.0,5,2,24,8
5.0,360,0.0,140698.38,1.0,5,2,18,2
12.0,300,0.0,97443.03,1.0,4,2,12,2
12.0,240,0.0,66246.14,1.0,5,2,46,1
1.0,240,42205.43,41465.73,0.0,4,2,9,2
64.0,240,149404.74,149054.24,0.0,1,2,21,0
6.0,180,101436.8,97669.42,0.0,5,2,36,4
95.0,300,0.0,68859.37,1.0,4,2,16,2
1.0,230,10496.9,11645.76,0.9420097958,3,4,38,46
65.0,240,0.0,102332.88,1.0,5,2,20,3
24.98,360,109815.96,100915.18,0.0,5,2,8,6
4.0,240,0.0,17818.87,0.8469351832,4,2,14,3
24.98,360,0.0,155136.74,1.0,5,2,10,1
72.0,240,167263.59,160823.68,0.0,5,2,21,3
1.0,300,0.0,70919.62,1.0,4,2,13,13
94.0,234,13511.21,14117.12,0.9617089038,3,2,14,60
24.98,150,95251.52,65128.3,0.9525705588,5,2,10,26
18.0,360,0.0,123511.58,1.0,5,2,12,3
77.0,360,0.0,346796.92,1.0,5,2,12,3
24.98,240,29652.06,31952.92,0.0025112898,4,2,21,4
3.0,300,68578.26,64795.42,0.0,4,2,14,9
0.0,240,13646.11,15252.08,0.1052951466,4,2,61,6
24.98,240,61933.06,55324.16,0.0,5,2,23,10
24.98,180,112044.98,104757.01,0.0,5,2,8,6
5.0,240,35528.98,34905.53,0.0,3,4,43,12
10.0,240,12423.74,12046.28,0.0,4,2,18,7
94.0,218,32121.75,16038.48,0.8289993815,3,4,22,43
14.0,240,0.0,47389.6,1.0,4,2,31,6
1.0,300,0.0,87010.93,1.0,4,2,17,1
24.98,204,15443.65,17434.11,0.0,4,3,38,9
4.0,204,0.0,51989.99,0.9011060863,4,3,18,25
1.0,222,12698.85,7672.66,1.0,3,2,39,30
1.0,240,0.0,38512.92,1.0,5,2,49,9
6.0,96,0.0,33464.72,1.0,5,2,49,1
44.0,240,61997.81,58777.58,0.0,5,2,13,6
68.0,236,3676.15,5579.6,0.8399401391,3,4,47,31
4.0,234,14892.43,15961.94,0.9715673659,3,2,22,58
24.98,154,76713.57,79810.06,0.0,5,2,12,12
24.98,180,235343.67,188517.56,0.0,5,2,16,16
1.0,180,0.0,171538.86,0.7127201662,5,2,22,31
17.0,240,49905.7,57401.19,0.0,5,2,46,17
1.0,360,0.0,101668.08,1.0,5,2,10,9
0.0,236,15921.35,19615.43,0.953849597,3,2,12,57
2.0,240,0.0,84512.39,1.0,4,2,35,8
24.98,120,0.0,185546.2,1.0,5,2,8,6
2.0,216,9279.06,11437.97,0.88920499,3,4,23,36
1.0,223,12698.85,7672.68,1.0,3,2,39,30
1.0,200,11305.08,10623.44,0.9525652708,3,4,21,58
39.0,360,0.0,146381.2,1.0,5,2,16,0
9.0,240,0.0,99351.92,0.6711696883,5,2,42,1
17.0,180,75416.0,76172.63,0.0,5,2,37,0
1.0,360,0.0,120124.99,1.0,5,2,24,3
24.98,228,25873.16,24484.21,0.0,3,4,41,18
18.0,360,0.0,187285.56,1.0,5,2,23,5
1.0,240,0.0,113386.77,1.0,5,2,23,1
70.0,300,0.0,67444.6,1.0,4,2,22,2
85.0,360,105289.24,105173.69,0.0,5,2,15,5
1.0,240,0.0,42530.22,0.7389603035,4,2,32,24
79.0,240,93738.68,84665.42,0.0,5,2,13,12
24.98,240,146148.96,129815.87,0.0,5,2,8,9
0.0,300,84248.03,78495.92,0.0,4,2,10,11
0.0,240,213070.54,186400.92,0.0,5,2,13,12
1.0,240,39032.05,36216.68,0.0,5,2,65,7
24.98,300,39677.57,37926.46,0.0,4,2,24,6
26.0,228,35115.63,36184.09,0.0295284474,4,2,31,6
2.0,180,42966.66,82522.34,0.7655986921,4,2,32,33
24.98,360,0.0,85534.85,1.0,4,2,7,3
71.0,240,57706.74,57276.4,0.0,5,2,25,2
24.98,300,0.0,71682.78,1.0,4,2,10,4
17.0,240,19221.72,19769.65,0.0,3,2,40,21
0.0,360,168383.94,182715.17,0.078434812,5,2,15,6
90.0,240,54894.05,59989.36,0.0,5,2,15,14
47.0,300,0.0,79346.0,1.0,4,2,19,1
24.98,222,26707.32,4361.65,0.9379399987,3,2,7,36
1.0,222,13549.34,12653.85,0.9592519273,3,4,30,53
94.0,240,93065.67,109848.15,0.0,5,2,29,16
24.98,240,98397.62,97465.08,0.0,5,2,13,1
0.0,300,0.0,96991.51,1.0,4,2,14,3
1.0,300,77818.14,73375.54,0.0,4,2,7,10
2.0,300,0.0,58757.88,1.0,4,2,16,6
24.98,240,2052.7,18292.27,0.740815453,1,2,24,47
31.0,240,0.0,157426.81,1.0,5,2,32,4
93.0,228,10481.71,11807.15,0.8831885764,3,4,38,46
25.0,300,0.0,53100.89,1.0,4,2,21,9
76.0,300,0.0,29644.53,0.0,4,2,12,12
90.0,240,0.0,66512.35,1.0,5,2,38,2
52.0,360,64839.35,66345.37,0.0226997001,5,2,17,2
2.0,300,0.0,59695.45,1.0,4,2,11,1
24.98,240,36643.32,41203.03,0.0974382467,1,2,37,4
40.0,300,0.0,103604.38,0.7453998716,4,2,16,13
1.0,240,10481.31,11516.16,0.0898606827,3,2,37,16
13.0,240,0.0,49027.16,0.7743967277,4,2,25,34
7.0,300,53332.12,52242.97,0.0,4,2,21,5
1.0,248,24619.48,28058.45,0.1225645037,4,2,19,16
1.0,204,11401.19,4763.73,0.6536327626,3,2,13,52
24.98,222,11455.23,4339.82,0.8721767262,3,2,12,53
2.0,360,54296.2,60336.07,0.0,5,2,19,23
13.0,240,10527.25,11662.49,0.0973411338,3,2,37,17
1.0,300,0.0,52148.81,1.0,4,2,17,5
94.0,120,21657.84,38933.32,0.5591740843,5,2,35,33
94.0,120,42076.68,53905.75,0.2194398557,5,2,58,7
82.0,218,35245.43,18075.86,0.8479458239,3,4,24,40
24.98,204,63778.75,73342.31,0.0,4,3,49,12
1.0,72,0.0,8721.74,1.0,1,2,66,6
45.0,240,0.0,48843.43,1.0,4,2,28,1
12.0,300,45292.09,45666.6,0.0082009609,4,2,7,1
24.98,240,43475.4,41748.12,0.0,4,2,11,7
9.0,300,0.0,48351.02,1.0,4,2,23,1
68.0,236,3587.79,4997.31,0.0,3,4,65,17
96.0,300,0.0,54357.08,1.0,4,2,23,3
1.0,204,0.0,21627.99,0.7242097554,4,3,40,17
24.98,240,146695.96,142341.51,0.0,5,2,26,2
1.0,220,12394.85,11382.38,0.9463486547,3,4,18,61
1.0,72,68998.78,100990.17,0.3167772665,5,2,28,8
0.0,60,0.0,7414.26,0.0,5,2,41,11
2.0,234,12775.47,17289.79,0.8865850887,3,4,33,41
24.98,360,0.0,99625.67,1.0,5,2,12,5
4.0,240,10481.31,11355.85,0.0770122888,3,2,37,16
2.0,204,38038.06,38374.4,0.0,4,3,20,1
1.0,300,0.0,70952.21,1.0,4,2,14,3
5.0,300,0.0,80401.62,1.0,4,2,20,17
24.98,240,118835.17,117703.94,0.0,5,2,15,1
24.98,60,29641.88,18026.07,0.0,1,2,37,18
1.0,300,0.0,68910.08,1.0,4,2,8,21
1.0,240,26316.66,26416.13,1.0,3,4,27,28
54.0,300,0.0,73301.52,1.0,4,2,18,5
70.0,224,14961.6,17840.36,0.9101481136,3,2,17,55
14.0,240,41846.71,53248.77,0.7956745477,5,2,19,42
94.0,240,11058.19,11474.74,0.0,3,2,31,24
70.0,237,45674.84,54273.22,0.0,4,2,50,20
1.0,180,200933.92,194171.59,1.0,5,2,34,27
24.98,240,73576.93,77571.72,0.0,1,2,103,7
1.0,236,14068.36,14219.45,0.9829726185,3,2,44,39
24.98,204,6364.5,7824.23,0.7542767467,4,3,11,28
45.0,240,45572.79,43355.96,0.0,4,2,20,8
90.0,240,119456.89,123072.75,0.0,5,2,26,1
1.0,300,0.0,65396.68,1.0,4,2,17,4
4.0,300,140598.01,142778.0,0.0152683887,4,2,22,20
1.0,360,0.0,101741.61,1.0,5,2,17,8
5.0,360,0.0,154749.91,1.0,5,2,17,8
24.98,204,15652.95,16958.12,0.0,4,3,43,5
24.98,180,55777.03,61995.07,0.1002989431,5,2,15,2
90.0,221,26180.28,20123.96,0.9225256858,3,4,31,33
24.98,240,43726.68,42867.5,0.0,5,2,25,2
1.0,360,36990.68,34290.55,0.0,5,2,24,6
1.0,216,8316.71,10422.56,0.8863311893,3,4,15,48
37.0,300,0.0,71585.88,1.0,4,2,19,1
24.98,240,125057.15,130388.33,0.7476449564,1,2,82,28
16.0,240,0.0,75931.5,0.6862374014,5,2,10,12
24.98,240,18856.31,21072.66,0.0,3,2,24,20
0.0,240,0.0,375598.85,0.7231691518,1,2,15,16
1.0,240,0.0,96105.51,1.0,5,2,32,9
0.0,300,0.0,71317.31,1.0,4,2,17,8
90.0,218,27257.33,23455.52,0.0,3,4,39,17
1.0,360,0.0,119531.77,0.7955638753,5,2,8,5
13.0,232,15421.74,12548.9,0.9728900541,3,2,31,32
7.0,240,0.0,42697.54,1.0,4,2,36,1
10.0,240,19709.24,22297.55,0.9359898285,3,2,15,42
21.0,240,0.0,53187.79,0.801751661,4,2,8,27
94.0,212,45917.25,48422.0,0.0,1,2,82,18
3.0,240,69079.95,67319.39,0.0,5,2,38,3
24.98,240,0.0,16905.35,0.0,5,2,22,10
1.0,240,0.0,18668.59,1.0,4,2,38,7
94.0,240,11057.34,11480.9,0.0,3,2,31,24
24.98,240,58720.98,51028.65,0.0,5,2,12,12
24.98,360,0.0,120748.45,1.0,5,2,13,2
24.98,240,41313.01,40093.8,0.0,4,2,7,5
93.0,202,28098.83,24664.54,0.0,3,4,39,17
1.0,300,0.0,62147.63,1.0,4,2,13,14
1.0,350,135964.14,118382.65,0.0,5,2,18,14
90.0,221,26176.96,20060.46,0.9377935501,3,4,31,33
52.0,240,25210.84,27838.7,0.9739100605,3,4,23,36
1.0,216,7038.01,7437.87,0.0537600146,3,4,29,24
24.98,224,59236.19,61272.95,0.0,4,2,25,10
5.0,240,0.0,73643.86,1.0,5,2,24,2
95.0,240,73433.58,85717.41,0.7598376054,5,2,21,31
4.0,222,13542.93,12717.01,0.9441071447,3,4,30,53
1.0,240,239820.51,164265.95,0.7584219041,5,2,13,35
18.0,240,39648.47,40293.75,0.0,4,2,37,6
94.0,240,40590.8,41469.44,0.0,4,2,17,1
2.0,120,0.0,50857.0,0.7173707752,5,2,17,2
4.0,240,0.0,117054.44,1.0,5,2,36,12
1.0,240,180537.48,142575.22,0.0,5,2,19,20
1.0,240,47061.29,52288.05,1.0,4,2,55,42
1.0,236,26669.52,50042.64,0.7779754769,4,2,36,42
24.98,240,47608.25,49614.81,0.0,5,2,15,14
94.0,240,19221.57,19790.12,0.9585146528,3,2,22,39
1.0,240,0.0,41594.28,1.0,5,2,19,2
24.98,236,14260.37,14353.79,0.9591209012,3,2,32,51
24.98,120,21506.21,28104.0,0.0,5,2,39,10
24.98,204,51091.45,65824.65,0.608342409,1,2,22,45
1.0,240,72001.16,60006.58,0.0,5,2,47,17
24.98,236,21262.15,10914.4,1.0,3,2,42,26
1.0,300,0.0,59636.98,1.0,4,2,21,1
8.0,240,0.0,84267.84,1.0,5,2,24,6
4.0,200,9202.93,10623.44,0.8887629619,3,4,21,58
1.0,300,29468.74,30438.17,0.0318491552,4,2,20,3
2.0,300,0.0,76910.73,1.0,4,2,21,4
77.0,240,164817.26,169919.24,0.0,5,2,12,9
0.0,240,20117.71,18618.72,0.0,4,2,24,11
1.0,300,0.0,280976.42,1.0,5,2,10,1
70.0,240,48829.83,48720.82,0.0,5,2,38,1
89.0,335,269721.12,260267.24,0.0,5,2,19,4
24.98,300,78527.33,77361.26,0.0,4,2,10,3
24.98,240,35278.17,35582.09,0.0085413757,3,4,39,1
24.98,213,108770.42,108116.49,0.0,5,2,24,1
9.0,240,46954.43,52342.09,0.1029316942,5,2,59,7
1.0,240,26319.94,25983.53,0.9762056965,3,4,18,43
1.0,360,0.0,85749.76,0.9427407298,5,2,8,1
2.0,240,40502.35,40296.85,0.0,4,2,21,1
24.98,120,0.0,23502.99,1.0,4,2,12,3
56.0,232,15286.43,18060.11,0.9318149225,3,2,24,59
24.98,240,56764.13,62084.1,0.0,4,2,37,9
24.98,180,27894.17,34808.74,0.0,1,2,42,10
5.0,300,0.0,42178.7,1.0,4,2,22,7
24.98,150,12372.64,26938.39,0.709128632,5,2,16,28
1.0,240,0.0,34251.96,0.5981981556,1,2,113,24
24.98,240,38364.02,45909.32,0.0,1,2,39,14
14.0,300,49731.06,47522.15,0.0,4,2,18,11
1.0,204,13017.95,13067.26,0.0037735531,4,3,75,1
8.0,240,19221.72,19866.9,0.958450488,3,2,23,38
24.98,300,0.0,61701.33,1.0,4,2,12,6
1.0,300,0.0,84052.81,1.0,4,2,15,2
4.0,180,0.0,66074.23,0.5572535023,4,3,49,1
3.0,360,0.0,93186.68,1.0,4,2,48,2
2.0,360,0.0,141264.07,1.0,5,2,16,1
1.0,360,0.0,142900.63,1.0,5,2,20,2
24.98,240,95909.3,94140.17,0.0,5,2,27,1
25.0,236,21260.47,9859.03,0.9599402781,3,2,28,40
24.98,236,21260.47,9858.93,0.9830448132,3,2,28,40
0.0,300,0.0,64264.11,1.0,4,2,14,5
3.0,360,0.0,120106.95,0.7864091396,5,2,12,12
94.0,240,11057.34,11480.9,0.0,3,2,31,24
24.98,60,30322.44,50891.89,0.0133053672,5,2,21,9
1.0,222,7641.54,5537.83,0.9320184982,3,2,17,55
24.98,204,12694.13,12149.25,0.0,4,3,23,8
7.0,360,0.0,138802.42,1.0,5,2,27,6
0.0,300,0.0,87926.96,1.0,4,2,16,10
0.0,216,18656.79,18847.02,1.0,3,4,16,36
70.0,232,15189.3,18071.38,0.91432475,3,2,24,59
1.0,240,10578.62,11505.36,0.0805485443,3,2,43,12
24.98,120,24019.06,39696.81,0.0,1,2,43,22
1.0,240,106722.15,103089.34,0.0,5,2,29,2
1.0,240,9125.68,8003.99,1.0,3,4,19,34
52.0,240,79028.15,78698.17,0.0,4,2,16,4
1.0,222,11455.23,4282.76,0.9128996255,3,2,12,53
0.0,300,100047.88,90326.9,0.0,4,2,14,14
1.0,300,0.0,43388.2,1.0,4,2,21,3
1.0,240,132084.1,123575.12,0.0,5,2,18,7
24.98,240,90747.73,90530.37,0.0,5,2,27,0
41.0,300,0.0,39483.81,1.0,4,2,19,1
76.0,218,33435.52,17708.46,0.9303637922,3,4,24,40
24.98,180,33620.61,43622.27,0.0,1,2,62,14
5.0,240,0.0,29530.76,1.0,5,2,40,2
24.98,240,63487.68,44482.46,1.0,1,2,85,25
46.0,360,100070.09,93534.91,0.0,5,2,20,8
25.0,240,16105.22,18781.71,0.9194471643,3,2,32,53
96.0,240,53538.17,51693.09,0.0,5,2,17,4
5.0,240,0.0,53090.6,1.0,4,2,39,1
1.0,240,281621.12,272295.52,0.0,5,2,15,2
19.0,180,77512.47,77825.65,0.0,5,2,18,4
5.0,300,0.0,63277.97,1.0,4,2,13,6
0.0,360,368216.7,295835.04,0.0,5,2,15,18
70.0,360,0.0,137847.12,1.0,5,2,34,2
91.0,235,14443.4,15244.05,0.0525221316,3,2,75,2
1.0,240,0.0,73178.36,1.0,1,2,80,3
28.0,240,63162.58,62257.61,0.0,5,2,22,1
1.0,320,96684.44,107437.01,0.0,5,2,8,15
0.0,300,78036.06,79140.82,0.0139594207,4,2,9,2
1.0,223,12657.19,7860.83,1.0,3,2,39,30
0.0,240,48846.81,32627.77,0.8997235466,5,2,16,43
56.0,240,0.0,81329.88,1.0,4,2,34,1
24.98,240,22008.53,16360.58,0.0,5,2,17,22
1.0,240,0.0,29321.56,1.0,4,2,26,18
24.98,180,74567.24,65287.06,0.0,5,2,15,10
24.98,142,42810.7,38881.19,0.0,1,2,25,6
2.0,240,113083.21,125490.96,0.7766784653,5,2,19,51
1.0,300,0.0,16190.44,1.0,4,2,28,7
24.98,218,14775.54,9590.69,0.9062361519,3,4,17,32
2.0,225,11346.02,11568.37,0.0,3,2,46,22
90.0,240,10527.25,11647.16,0.8758693106,3,2,29,25
24.98,220,12169.58,11382.38,0.9352068724,3,4,18,61
1.0,180,0.0,150332.0,1.0,5,2,37,2
0.0,300,72046.54,67200.45,0.0,4,2,7,11
1.0,240,0.0,75912.74,1.0,4,2,14,2
24.98,300,0.0,64763.2,1.0,4,2,10,4
1.0,216,18656.79,18858.23,0.9939453491,3,4,16,36
24.98,228,28719.68,26803.61,0.0,3,4,41,18
61.0,360,0.0,103126.25,1.0,5,2,23,1
0.0,300,0.0,37957.55,1.0,4,2,9,4
4.0,300,64174.77,58965.76,0.0,4,2,18,18
20.0,240,0.0,118713.15,0.7141367035,5,2,12,32
18.0,360,0.0,97195.46,1.0,5,2,8,6
45.0,240,32942.59,33644.32,0.0208573096,4,2,17,4
18.0,300,0.0,159553.65,0.0,5,2,26,13
24.98,236,13141.11,14188.64,0.9553311663,3,2,11,57
5.0,315,0.0,104904.14,0.705031196,5,2,10,31
1.0,144,0.0,151828.24,1.0,5,2,12,4
24.98,240,46524.56,51815.16,0.0278103496,5,2,18,7
24.98,180,9363.55,8448.57,0.0,1,2,71,5
24.98,204,9009.15,10175.62,0.0,4,3,50,8
1.0,240,20753.82,18021.93,0.9834851206,3,4,23,39
1.0,234,28237.1,28866.59,1.0,3,4,22,36
2.0,360,0.0,299651.04,1.0,5,2,7,8
12.0,300,0.0,21725.33,1.0,4,2,18,8
20.0,240,0.0,105301.65,1.0,5,2,47,2
0.0,240,0.0,77443.45,0.7664580816,5,2,25,35
26.0,300,0.0,41587.01,1.0,5,2,7,1
90.0,230,8251.56,9638.35,0.8900278575,3,2,28,52
72.0,240,73039.37,72544.16,0.0,5,2,27,6
24.98,240,33551.38,41867.21,0.096141996,4,2,24,23
31.0,240,12814.92,14794.14,0.8981846866,3,2,35,28
56.0,230,8256.55,9615.07,0.9049991316,3,2,28,52
9.0,240,10532.35,11241.27,0.0630640488,3,2,48,8
34.0,360,0.0,101057.39,1.0,4,2,15,6
10.0,240,20754.74,18099.03,0.9740952968,3,4,23,39
24.98,240,104445.07,109853.48,0.0,4,2,13,6
24.98,180,320900.02,276730.34,0.0,5,2,13,11
24.98,240,81703.86,61095.91,0.97097749,4,2,39,28
1.0,300,0.0,94154.85,1.0,4,2,16,18
96.0,225,19560.93,14750.06,0.9333182373,3,4,22,26
0.0,240,28228.61,28160.56,0.0,4,2,30,1
24.98,200,0.0,11306.0,0.9563099239,3,4,20,3
7.0,180,132731.39,139067.96,0.0,1,2,65,1
24.98,240,23604.56,47158.19,0.7414916805,5,2,19,28
24.98,221,109848.6,95454.8,0.0,5,2,34,12
83.0,216,58248.02,58300.89,0.0,4,2,15,5
4.0,240,0.0,43766.21,1.0,5,2,34,5
77.0,300,0.0,65678.97,1.0,4,2,23,6
24.98,234,11629.47,18093.19,0.9056722446,3,4,20,52
1.0,236,21260.47,9859.99,0.9672971271,3,2,28,40
90.0,221,26190.41,20340.15,0.8749247179,3,4,31,33
1.0,228,13214.58,12062.14,0.0,3,2,43,19
41.0,360,0.0,104580.21,1.0,5,2,26,1
0.0,360,0.0,116577.54,1.0,5,2,29,5
0.0,360,256030.12,208269.95,0.0,5,2,8,18
1.0,360,50655.25,43152.02,0.0,5,2,9,15
23.0,300,0.0,32480.77,1.0,4,2,32,1
64.0,180,24405.8,26809.0,0.0896415383,4,2,43,6
24.98,200,0.0,11264.0,0.9621732955,3,4,20,11
0.0,300,61819.11,58686.91,0.0,4,2,14,7
1.0,240,47910.56,53582.75,0.1058585086,5,2,47,4
1.0,297,271485.12,251493.29,0.0,5,2,9,7
24.98,180,42161.22,47038.09,0.0,5,2,28,11
24.98,240,29290.86,36395.87,0.0,1,2,84,18
1.0,240,20716.67,21241.6,0.0247123569,3,4,39,23
24.98,240,53366.06,41982.24,1.0,4,2,32,29
93.0,228,20657.72,24121.45,0.9194940603,3,2,28,30
24.98,240,77392.71,63662.88,0.0,5,2,21,18
56.0,232,15190.66,18060.11,0.9234378971,3,2,24,59
92.0,300,0.0,49210.22,1.0,4,2,13,6
24.98,240,21419.7,26354.64,0.717190479,1,2,87,32
85.0,360,87396.14,89577.75,0.0,5,2,8,12
1.0,240,135145.57,131597.88,0.0,1,2,73,4
1.0,180,8818.46,9777.03,0.0,5,2,37,14
24.98,60,56841.46,56062.07,0.0,1,2,32,0
1.0,120,0.0,83883.63,1.0,5,2,54,7
24.98,222,11455.23,4285.37,0.9177900625,3,2,13,52
1.0,240,9119.95,8051.49,1.0,3,4,19,34
0.0,360,0.0,36833.13,1.0,5,2,15,3
36.0,300,0.0,60296.96,1.0,4,2,12,2
4.0,229,15067.1,17907.42,0.8893112464,3,2,53,30
1.0,240,9106.07,8187.69,1.0,3,4,19,34
24.98,240,50315.24,53560.72,0.0,1,2,72,2
1.0,240,10002.11,11457.43,0.1270197592,3,2,33,24
56.0,360,0.0,105160.69,1.0,5,2,44,3
94.0,234,19199.03,23329.95,0.9624744159,3,4,20,46
3.0,300,0.0,49553.05,1.0,4,2,25,5
1.0,240,0.0,100206.2,1.0,5,2,44,3
1.0,240,78614.05,65362.03,0.0,5,2,34,16
71.0,240,164244.48,188011.62,0.126413144,5,2,39,2
1.0,120,123374.72,118513.0,0.0,5,2,14,8
93.0,300,88803.93,90407.77,0.0177400681,4,2,12,1
28.0,240,0.0,164796.52,1.0,5,2,37,1
0.0,240,88515.27,78291.4,0.7496187679,5,2,15,29
1.0,360,0.0,141723.57,1.0,5,2,16,1
69.0,240,72211.55,72075.81,0.0,5,2,31,8
1.0,360,0.0,111202.85,1.0,5,2,23,8
24.98,300,0.0,58178.68,1.0,4,2,12,1
1.0,240,9126.17,8004.67,1.0,3,4,19,34
24.98,300,0.0,75576.34,1.0,4,2,12,3
93.0,240,36486.95,39227.02,0.0698515972,5,2,67,2
13.0,222,13542.93,12656.56,0.9443182034,3,4,30,53
24.98,204,17448.4,14491.0,1.0,4,3,18,30
1.0,240,130409.74,130113.92,0.0,5,2,25,2
76.0,240,39150.58,40691.85,0.0378766264,4,2,47,1
1.0,234,26369.51,27746.49,0.0496271781,3,4,37,21
1.0,300,0.0,56829.93,1.0,4,2,9,7
13.0,360,138056.24,139120.08,0.0076469191,5,2,14,1
1.0,300,0.0,58207.36,1.0,4,2,11,4
96.0,240,69204.89,77916.09,0.0,5,2,24,15
0.0,240,0.0,56526.2,0.7162538674,4,2,13,23
1.0,240,71231.78,66528.57,0.0,4,2,39,7
24.98,100,19721.51,17332.47,0.0,5,2,7,11
10.0,230,11626.31,13835.79,0.9386207799,3,4,33,29
1.0,235,13081.03,13303.49,0.9575908277,3,2,13,62
56.0,300,0.0,58154.71,1.0,4,2,18,7
70.0,300,0.0,45559.71,1.0,4,2,23,2
24.98,240,96243.39,96729.75,0.0050280291,5,2,14,0
56.0,300,0.0,61347.09,1.0,4,2,32,1
26.0,240,18211.82,18658.91,0.9359582098,3,2,20,35
24.98,60,13480.52,15500.22,0.0,5,2,20,12
91.0,300,0.0,93659.99,1.0,4,2,17,1
1.0,300,0.0,75287.6,1.0,4,2,16,3
90.0,300,0.0,47441.08,1.0,4,2,12,4
1.0,300,25907.6,27246.08,0.049125599,4,2,10,8
24.98,240,27030.14,26357.55,0.0,1,2,44,1
24.98,96,505.1,494.67,0.0,1,2,102,2
1.0,300,0.0,53556.09,1.0,4,2,16,12
24.98,240,81007.93,94222.13,0.0,5,2,17,14
94.0,231,7862.07,8394.95,0.0634762566,3,2,75,3
1.0,240,20755.33,18029.11,0.991049475,3,4,25,37
5.0,300,0.0,70611.62,1.0,4,2,15,5
1.0,222,11450.79,4285.36,0.9239270446,3,2,13,52
24.98,300,0.0,79490.71,1.0,4,2,10,0
4.0,300,0.0,43266.44,0.0,4,2,8,14
24.98,240,46261.24,44467.26,0.0,4,2,20,9
8.0,240,79177.24,86201.09,0.0,5,2,28,7
1.0,300,0.0,70846.71,1.0,4,2,10,1
8.0,240,0.0,39743.12,1.0,4,2,41,6
11.0,240,0.0,36493.34,1.0,4,2,34,1
1.0,240,76162.42,74512.36,0.0,4,2,26,2
4.0,228,13210.57,12061.99,0.9614101819,3,2,27,35
1.0,240,0.0,65563.65,1.0,5,2,18,11
0.0,240,125732.92,88570.47,0.914482567,5,2,23,39
38.0,240,0.0,115637.29,1.0,5,2,17,5
2.0,180,50079.86,162466.05,0.691751846,5,2,29,6
24.98,180,27409.09,27682.0,0.0,1,2,29,3
24.98,240,177924.03,173133.28,0.0,5,2,23,2
1.0,240,26238.24,26550.85,1.0,3,4,21,38
8.0,240,0.0,64755.66,0.6637309987,1,2,24,2
1.0,240,0.0,48655.83,1.0,4,2,62,0
45.0,216,15666.3,20812.88,0.902876488,3,4,10,44
1.0,300,0.0,35128.12,1.0,4,2,14,21
24.98,300,39968.42,36385.34,0.0,4,2,9,16
24.98,300,0.0,44436.76,1.0,4,2,9,7
83.0,240,85972.56,84563.61,0.0,5,2,28,4
93.0,218,28280.29,24318.82,0.0,3,4,39,17
24.98,240,44831.56,49361.41,0.0,1,2,7,6
24.98,360,0.0,399355.11,1.0,5,2,8,3
61.0,348,0.0,168119.47,1.0,5,2,19,2
1.0,240,0.0,82861.89,1.0,4,2,33,4
0.0,240,190886.3,133232.25,1.0,5,2,16,26
0.0,180,0.0,75213.12,0.6011693742,1,2,36,55
1.0,300,0.0,78364.92,1.0,4,2,22,1
24.98,240,399783.9,297769.09,0.0,5,2,8,22
17.0,300,0.0,87658.97,1.0,4,2,15,2
24.98,300,54785.14,53323.77,0.0,5,2,7,3
77.0,300,0.0,84064.73,1.0,4,2,14,6
1.0,240,264766.78,213161.73,0.0,5,2,20,18
24.98,300,85635.9,84809.25,0.0,4,2,7,2
24.98,360,135280.03,119684.69,0.0,5,2,7,10
10.0,240,96637.16,93172.36,0.0,5,2,18,8
4.0,240,10516.15,8971.69,0.0,3,4,36,17
1.0,300,50327.97,47672.15,0.0,4,2,11,9
76.0,229,15140.67,17982.23,0.9677815265,3,2,23,60
52.0,240,29369.94,27903.13,0.0,4,2,12,17
24.98,240,227056.49,212833.89,0.0,5,2,10,5
1.0,240,57440.65,61936.66,0.6807243817,5,2,41,35
24.98,240,54366.85,54184.0,0.0,5,2,19,0
1.0,300,0.0,52196.87,1.0,4,2,12,23
71.0,240,32905.26,77198.53,0.0,4,2,20,24
13.0,240,47424.85,47341.48,0.0,4,2,11,6
10.0,235,13081.03,13186.03,0.9721500709,3,2,43,32
5.0,240,20755.33,18060.37,0.9768155359,3,4,24,38
2.0,300,0.0,73350.73,1.0,4,2,17,0
24.98,240,114982.09,131143.73,0.1232360861,5,2,15,8
24.98,150,95071.3,94665.46,0.0,5,2,22,0
5.0,240,0.0,73694.72,1.0,4,2,27,9
1.0,240,10116.87,11232.31,0.099306376,3,2,39,17
1.0,120,22639.65,33004.73,0.6187216422,5,2,13,30
80.0,240,75189.7,73108.77,0.0,4,2,27,4
4.0,300,0.0,57455.38,1.0,4,2,15,5
0.0,360,0.0,114143.44,1.0,5,2,12,16
77.0,300,0.0,82936.88,1.0,4,2,14,1
77.0,300,0.0,17078.73,1.0,5,2,20,1
24.98,240,91083.45,85494.99,0.0,5,2,8,6
24.98,297,58186.15,57603.06,0.0,5,2,23,1
18.0,216,7292.08,11426.31,0.8854310797,3,4,28,43
24.98,124,10367.62,9986.73,0.0,3,2,28,10
1.0,222,7640.47,5546.66,0.9275798408,3,2,17,55
8.0,225,11346.02,11559.41,0.0184602847,3,2,46,22
8.0,240,19221.72,19667.74,0.955110755,3,2,30,31
94.0,180,31101.33,31589.3,0.0,1,2,53,1
1.0,235,13119.93,13304.39,0.9532936121,3,2,16,65
94.0,204,42117.35,46682.05,0.0,4,3,32,22
24.98,300,152368.36,148513.24,0.0,5,2,23,2
57.0,240,68510.15,79768.46,0.7580846403,5,2,19,30
0.0,360,428884.63,365775.64,0.0,5,2,12,14
1.0,300,0.0,52011.98,1.0,4,2,12,12
24.98,218,14775.25,9498.82,0.9311072323,3,4,17,32
41.0,240,0.0,18196.06,1.0,5,2,56,4
1.0,300,0.0,62835.11,1.0,4,2,18,2
59.0,300,47577.86,46928.24,0.0,4,2,30,3
90.0,300,73166.12,69346.26,0.0,4,2,16,9
2.0,240,8485.5,8224.33,0.0,4,2,59,4
1.0,240,110082.32,104703.8,0.0,5,2,37,9
11.0,240,0.0,60909.39,1.0,5,2,13,24
56.0,240,15824.33,18483.24,0.9100752898,3,2,33,52
24.98,236,21262.15,10935.45,0.0,3,2,52,16
24.98,300,41838.75,45441.05,0.0,4,2,9,18
24.98,204,9572.91,9109.63,0.0,4,2,22,6
3.0,194,60823.37,54288.31,0.0,4,3,60,12
24.98,240,17090.19,16549.09,0.0,5,2,47,2
1.0,216,18656.79,18850.59,1.0,3,4,16,36
77.0,300,0.0,46814.13,1.0,4,2,15,1
25.0,240,0.0,26709.2,0.7237031845,4,2,38,1
1.0,220,5687.66,7138.68,0.9142586585,3,2,17,66
1.0,360,62931.02,69192.65,0.0904955945,5,2,16,11
3.0,119,0.0,160596.49,1.0,5,2,21,0
1.0,300,62934.17,54039.01,0.0,5,2,7,14
24.98,180,0.0,313269.34,1.0,1,2,8,2
24.98,240,23801.82,26638.0,0.1064712065,5,2,55,7
24.98,66,6439.65,11633.91,0.009563022,1,2,41,11
24.98,240,139836.42,129121.0,0.0,5,2,8,6
24.98,222,26707.61,4543.12,0.8778938327,3,2,7,36
24.98,300,0.0,85398.8,1.0,4,2,9,1
24.98,60,21147.91,30439.1,0.0,5,2,9,18
4.0,360,0.0,188594.4,1.0,5,2,20,5
1.0,216,18656.79,18893.28,1.0,3,4,16,36
45.0,234,11118.95,18263.01,0.8754537177,3,4,15,59
2.0,240,0.0,65881.35,0.7648796269,4,2,32,25
71.0,300,0.0,144903.05,1.0,5,2,16,2
94.0,240,11109.74,11443.67,0.9376843268,3,2,25,29
24.98,240,45221.53,56062.55,1.0,4,2,22,36
12.0,120,134912.41,153985.98,0.1238656272,5,2,15,1
1.0,240,39068.22,39840.67,0.0193884792,4,2,24,5
2.0,300,0.0,53991.99,1.0,4,2,26,0
0.0,360,0.0,155547.63,1.0,5,2,15,6
3.0,300,0.0,78859.81,1.0,4,2,13,13
11.0,300,36365.58,35227.26,0.0,4,2,21,6
24.98,240,42757.18,70921.32,0.7504954691,5,2,15,26
94.0,240,172577.98,167354.15,0.0,5,2,19,5
13.0,240,0.0,53823.3,1.0,5,2,20,2
24.98,240,109050.79,98182.34,0.0,5,2,20,10
24.98,180,16200.53,17655.23,0.0823948484,1,2,75,0
0.0,360,245014.48,213595.23,0.0,5,2,10,13
24.98,240,69903.76,75814.41,0.0373000444,4,2,20,4
24.98,230,22735.03,22929.18,0.9667829377,3,4,23,52
0.0,240,10238.07,11689.67,0.1241780136,3,2,31,24
13.0,180,0.0,42385.56,0.0,4,2,18,14
1.0,240,9126.17,8005.09,1.0,3,4,19,34
94.0,360,0.0,180515.27,1.0,5,2,13,3
24.98,240,62880.88,62470.8,0.0,1,2,51,0
2.0,207,0.0,116572.31,1.0,5,2,7,14
41.0,218,28572.15,28873.11,0.0104235394,3,2,67,8
1.0,300,0.0,30494.89,1.0,4,2,23,12
1.0,240,0.0,15259.3,0.8386521082,4,2,17,3
0.0,240,125578.22,100648.78,0.0,5,2,14,20
52.0,218,33660.53,17715.25,0.9287884732,3,4,24,40
33.0,240,78080.86,75940.91,0.0,5,2,13,14
80.0,300,0.0,61839.58,1.0,4,2,47,4
89.0,240,58791.47,57763.36,0.0,4,2,26,4
1.0,300,0.0,146376.84,1.0,5,2,28,3
2.0,300,0.0,105400.54,1.0,4,2,12,0
9.0,360,123968.84,117013.67,0.0,5,2,10,8
1.0,240,68772.4,64800.05,0.0,5,2,24,5
1.0,234,21348.73,15217.33,0.9804328355,3,2,18,40
1.0,228,13880.77,16754.56,0.9215706053,3,4,39,38
25.0,360,0.0,94000.14,0.7135132309,5,2,15,5
26.0,222,11450.79,4282.76,0.9206726503,3,2,12,53
24.98,300,0.0,69525.69,1.0,4,2,7,4
24.98,239,29648.12,27543.71,0.0,4,2,43,7
29.0,180,110618.8,110689.44,0.0,5,2,12,4
1.0,240,12512.8,13978.61,0.1048609268,3,2,40,20
1.0,240,200444.43,159469.77,0.0,5,2,32,17
13.0,240,0.0,21429.17,1.0,4,2,50,3
70.0,300,79927.29,75987.96,0.0,4,2,14,9
2.0,240,0.0,87756.07,1.0,5,2,48,3
24.98,240,92211.23,74299.1,0.0,5,2,21,18
94.0,234,13511.01,14125.48,0.9600764009,3,2,14,60
24.98,240,70689.9,73031.35,0.6795716212,5,2,23,33
25.0,240,39080.51,44776.03,0.7298515766,5,2,21,47
64.0,240,0.0,69175.12,1.0,4,2,20,4
24.98,240,34243.38,42670.44,0.7032352843,5,2,21,31
1.0,240,35044.68,30603.48,0.0,5,2,25,11
17.0,180,77659.55,79762.02,0.0,5,2,21,0
1.0,300,0.0,51467.57,1.0,5,2,21,2
4.0,270,0.0,453063.5,1.0,5,2,10,3
6.0,240,0.0,164931.41,1.0,5,2,25,16
24.98,120,80051.52,108546.55,0.6084187734,5,2,7,33
94.0,224,14961.61,17840.36,0.8947212949,3,2,17,55
1.0,235,13081.03,13295.76,0.9829156062,3,2,13,62
1.0,204,114180.26,99118.96,0.8466569957,5,2,32,31
1.0,360,160822.46,118587.78,1.0,5,2,9,30
1.0,360,0.0,108525.19,1.0,5,2,17,7
1.0,300,0.0,46891.38,1.0,4,2,22,1
1.0,240,9126.17,8010.81,1.0,3,4,19,34
3.0,120,0.0,17775.95,1.0,5,2,52,7
16.0,222,13542.93,13772.96,0.957198017,3,4,32,51
24.98,240,60257.11,57815.39,0.0,4,2,59,2
94.0,120,9816.27,14861.14,0.5320924071,5,2,39,28
0.0,240,0.0,88811.09,1.0,4,2,38,10
1.0,235,13081.03,13229.55,0.9957043134,3,2,21,54
5.0,216,10824.92,13055.18,0.1708333397,3,4,37,18
1.0,240,105200.17,101058.39,0.0,4,2,8,5
0.0,180,115520.05,100768.48,0.758721681,5,2,9,34
1.0,240,0.0,47245.61,1.0,4,2,35,1
91.0,240,49493.43,48705.34,0.0,5,2,18,3
0.0,240,122376.47,122015.4,0.0,5,2,13,1
4.0,240,10516.45,8970.79,0.0,3,4,35,18
71.0,300,0.0,63990.35,1.0,4,2,22,1
70.0,236,18396.86,17154.71,0.9265775988,3,2,24,41
1.0,240,0.0,83795.95,1.0,4,2,15,1
24.98,120,48679.17,100898.05,0.618017764,1,2,33,40
65.0,360,0.0,174641.27,1.0,5,2,18,2
31.0,230,0.0,77005.4,1.0,4,2,25,10
9.0,240,275215.79,319479.13,0.1385484554,5,2,29,10
40.0,240,16544.79,54282.08,0.7809688734,5,2,46,33
86.0,228,15345.98,19381.28,0.9222481694,3,2,38,39
8.0,225,11346.01,11599.42,0.0,3,2,49,19
46.0,360,0.0,128392.21,1.0,5,2,24,7
2.0,119,0.0,56039.64,1.0,5,2,18,6
53.0,240,96496.35,90783.94,0.0,5,2,35,8
1.0,285,160538.36,148565.92,0.0,5,2,21,7
39.0,300,0.0,74499.36,1.0,4,2,22,6
4.0,240,35528.98,34911.31,0.0,3,4,42,13
1.0,240,24232.16,24634.03,0.0,5,2,30,2
0.0,240,10481.31,11389.57,0.0797448894,3,2,39,14
95.0,180,56370.28,53715.74,0.0,4,3,21,10
94.0,240,26222.61,26347.24,0.0,3,4,35,23
24.98,218,32823.95,15792.89,0.891283356,3,4,22,43
5.0,300,0.0,50014.12,1.0,4,2,22,5
24.98,180,88953.54,87232.19,0.0,5,2,14,1
24.98,300,67377.67,65438.07,0.0,4,2,8,6
94.0,240,45444.38,48674.78,0.0,4,2,16,5
1.0,144,3777.91,5922.0,0.7421462344,3,4,18,60
8.0,240,19221.72,19768.38,0.9716663682,3,2,23,38
24.98,240,97113.24,95382.62,0.0,5,2,15,2
1.0,360,0.0,98486.81,1.0,5,2,23,2
67.0,240,0.0,23263.18,1.0,4,2,18,1
1.0,240,0.0,247691.24,1.0,5,2,20,9
4.0,240,0.0,74465.05,1.0,4,2,26,0
4.0,300,0.0,82845.47,1.0,5,2,23,12
94.0,236,3553.01,5257.79,0.8724026635,3,4,56,26
24.98,240,129689.8,100556.19,0.0,1,2,79,21
1.0,360,105217.62,88420.91,0.0,5,2,7,17
5.0,360,32921.13,35919.58,0.0834767556,5,2,41,2
24.98,300,43382.6,39926.57,0.0,4,2,21,12
1.0,240,0.0,29809.86,0.674539136,5,2,28,19
24.98,218,14776.55,9745.46,0.8665604292,3,4,17,32
71.0,300,0.0,59182.18,1.0,4,2,28,4
8.0,204,0.0,36638.3,1.0,4,3,51,3
24.98,120,18514.19,22009.1,0.0028272277,1,2,61,3
26.0,300,0.0,39219.49,1.0,4,2,19,1
1.0,236,6367.65,5942.47,1.0,3,4,41,41
2.0,240,0.0,32081.0,0.0,4,2,30,15
1.0,240,58052.48,65293.61,0.1109010514,5,2,44,6
76.0,229,15065.76,18001.07,0.9139845576,3,2,32,51
21.0,240,182519.71,181763.26,0.0,5,2,23,0
5.0,240,0.0,157569.39,1.0,5,2,13,5
0.0,300,64013.92,59401.1,0.0,4,2,13,12
1.0,240,20755.33,20948.28,0.0092107801,3,4,39,23
1.0,180,0.0,49510.02,0.8456526433,5,2,26,3
24.98,240,59205.84,55008.66,0.0,5,2,19,10
24.98,300,0.0,96800.29,1.0,4,2,10,3
45.0,360,0.0,94422.51,1.0,5,2,15,2
1.0,300,0.0,75393.51,1.0,4,2,12,3
96.0,194,22059.2,37144.51,0.7387696026,4,3,25,28
24.98,204,15696.42,14170.41,0.0,4,3,25,12
3.0,240,0.0,27941.35,0.7944969549,4,2,21,2
3.0,223,15166.29,17987.85,0.8944276275,3,2,37,35
24.98,119,59853.52,58018.74,0.0,5,2,21,2
64.0,240,68143.08,66729.85,0.0,4,2,12,6
63.0,300,0.0,33915.95,1.0,4,2,29,2
16.0,300,0.0,72202.23,1.0,4,2,13,14
65.0,360,139412.72,135558.7,0.0,5,2,17,3
3.0,360,0.0,107138.29,1.0,5,2,13,2
32.0,300,0.0,50357.32,1.0,4,2,15,1
24.98,300,46749.34,45839.28,0.0,4,2,13,2
24.98,200,5879.21,6494.11,0.8466163955,3,4,18,36
44.0,240,28545.48,4446.12,0.8825920128,3,2,7,56
35.0,280,235757.49,229530.19,0.0,5,2,10,7
1.0,228,13211.32,12082.71,0.9545797259,3,2,24,38
83.0,240,86341.4,84866.2,0.0,5,2,37,5
94.0,230,22606.51,22915.36,0.9582869307,3,4,23,52
24.98,360,59776.3,56917.32,0.0,5,2,9,5
24.98,240,72476.6,49712.35,1.0,5,2,8,32
94.0,200,9221.03,10623.44,0.8785760545,3,4,21,58
24.98,60,0.0,28850.02,0.3904262663,1,2,31,19
24.98,180,0.0,83891.71,1.0,1,2,10,1
1.0,360,0.0,216974.94,1.0,5,2,8,6
24.98,300,43601.11,45210.48,0.0355972774,4,2,13,1
1.0,96,51912.35,88442.92,0.0,5,2,30,22
1.0,180,0.0,26390.92,0.6565103477,5,2,12,1
3.0,240,0.0,46336.89,0.0,4,2,12,9
1.0,236,5612.0,5828.98,1.0,3,4,44,38
5.0,240,38700.07,58011.9,0.3328942855,5,2,49,15
94.0,240,19221.71,19701.8,0.931807246,3,2,34,27
4.0,180,164113.82,151398.1,0.68968985,5,2,9,26
0.0,60,0.0,9021.39,1.0,1,2,43,17
65.0,261,0.0,137798.18,0.0,5,2,14,13
2.0,204,11317.06,12354.83,0.0839971088,4,3,47,4
24.98,360,84777.2,90915.35,0.0675150016,5,2,19,1
94.0,230,20375.0,21995.84,0.8995951053,3,2,28,31
2.0,300,85631.46,81254.39,0.0,4,2,17,20
1.0,240,0.0,34894.37,0.7579443617,4,2,27,4
70.0,240,34585.31,35181.36,0.0169422103,4,2,36,7
1.0,204,0.0,80633.99,0.9311800638,4,2,23,28
38.0,360,0.0,178140.54,1.0,5,2,19,4
24.98,218,14774.95,9498.82,0.9343539513,3,4,17,32
24.98,240,147585.55,141608.18,0.0,5,2,37,3
94.0,240,11106.06,11469.94,0.9257711897,3,2,25,29
2.0,180,41580.76,37070.78,0.0,5,2,24,8
96.0,236,16103.56,19713.33,0.8961053257,3,2,14,60
17.0,360,0.0,110689.87,1.0,5,2,24,5
6.0,240,48111.26,47585.57,0.0,4,2,33,10
24.98,240,58416.45,53318.9,0.0,4,2,16,14
90.0,300,0.0,73607.38,1.0,4,2,32,4
24.98,218,14344.02,9484.36,0.9328515577,3,4,17,32
24.98,240,47743.78,46606.89,0.0,4,2,22,4
24.98,120,10583.45,25214.49,0.454612348,5,2,22,4
56.0,240,35350.26,34721.93,0.0,3,4,51,4
1.0,360,0.0,75780.01,1.0,5,2,15,13
1.0,360,0.0,88397.69,1.0,5,2,19,3
90.0,218,33532.6,17724.5,0.9266659144,3,4,24,40
49.0,300,0.0,88588.74,1.0,4,2,17,4
1.0,218,28572.13,20779.3,0.9495411299,3,2,42,33
1.0,240,17435.49,21076.76,0.9957460255,3,2,24,38
24.98,300,0.0,81718.82,1.0,4,2,11,2
29.0,300,0.0,44225.3,1.0,4,2,29,1
2.0,300,0.0,83426.76,1.0,4,2,23,1
41.0,360,0.0,225825.34,1.0,5,2,26,1
94.0,120,127929.69,153204.94,0.6449295907,5,2,9,31
10.0,360,79832.91,79710.67,0.0,4,2,15,5
5.0,180,55853.14,52882.75,0.0,4,2,34,8
1.0,358,263736.18,250840.87,0.0,5,2,15,4
64.0,327,0.0,197674.51,1.0,5,2,16,1
1.0,240,27941.16,30118.33,0.0,4,2,23,20
1.0,235,13081.03,13295.76,0.9527059754,3,2,13,62
0.0,300,0.0,89640.66,1.0,4,2,13,3
1.0,240,10219.94,11081.28,0.0777292876,3,2,40,14
5.0,360,395802.09,381129.12,0.0,5,2,7,6
89.0,300,0.0,44801.76,1.0,4,2,27,9
90.0,240,22090.72,22097.13,0.0,4,2,46,2
1.0,300,0.0,49518.54,0.8341720859,4,2,7,18
24.98,204,16722.25,21408.16,0.7462048338,4,3,48,27
1.0,236,21262.15,9851.61,0.9809736683,3,2,28,40
2.0,120,0.0,51192.76,1.0,5,2,15,13
8.0,300,0.0,41392.59,0.7925459428,4,2,20,0
1.0,240,162086.97,134201.58,0.7442681331,5,2,28,29
19.0,240,81222.36,80553.12,0.0,4,2,21,2
4.0,300,0.0,69634.47,1.0,4,2,15,11
1.0,300,62151.74,55873.42,0.0,4,2,8,17
0.0,300,0.0,48427.48,1.0,4,2,10,2
24.98,240,239710.58,226328.66,0.0,5,2,27,5
94.0,360,63939.68,62746.33,0.0,5,2,20,5
94.0,240,86084.7,78908.02,0.0,4,2,47,9
13.0,204,14045.47,18136.44,0.7564271185,4,3,33,51
1.0,360,147226.32,143869.13,0.0,5,2,13,11
24.98,240,38391.55,37569.6,0.0,5,2,38,2
34.0,360,149371.45,164872.66,0.0,5,2,10,15
58.0,204,68588.13,70418.51,0.0,4,2,26,3
94.0,230,11483.47,13833.36,0.9184666632,3,4,33,29
24.98,360,47667.74,54902.19,0.0,5,2,15,24
24.98,240,64219.1,72047.71,0.0,5,2,38,6
0.0,300,0.0,42983.72,1.0,4,2,21,14
9.0,300,0.0,68105.0,1.0,4,2,15,2
24.98,240,79969.48,78473.0,0.0,5,2,16,2
24.98,240,48561.52,57807.31,0.0,5,2,9,24
8.0,300,0.0,72334.29,1.0,4,2,11,1
24.98,240,18095.38,17614.26,0.0,4,2,43,3
0.0,360,0.0,135896.54,1.0,5,2,12,9
1.0,120,14602.95,13534.36,0.8899113072,3,2,32,48
94.0,240,90726.78,88775.34,0.0,5,2,25,5
24.98,240,40897.55,48152.19,0.0,4,2,30,24
1.0,240,10116.95,11320.08,0.1062828178,3,2,37,19
85.0,240,11690.25,12875.72,0.092070191,4,2,50,9
1.0,240,71779.68,74581.17,0.0375629666,5,2,46,7
1.0,240,74815.89,67027.41,0.0,5,2,33,10
24.98,240,74996.66,68611.72,0.0,5,2,14,9
56.0,216,15763.23,20309.92,0.8922172022,3,4,10,44
94.0,240,40956.4,44668.8,0.7034367458,4,2,29,33
0.0,300,0.0,54353.34,1.0,4,2,31,1
90.0,218,28303.34,24594.59,0.0,3,4,39,17
23.0,360,46751.11,39844.19,0.0,5,2,7,13
1.0,360,0.0,86068.44,0.8728903018,4,2,7,8
56.0,234,7454.57,9213.15,0.8826340611,3,2,41,44
1.0,236,22731.66,19241.23,0.9608382624,3,2,17,57
2.0,300,0.0,38493.13,1.0,4,2,16,12
2.0,235,13081.03,13320.79,0.9501898911,3,2,28,47
1.0,180,0.0,156804.92,1.0,5,2,15,33
0.0,240,61459.13,50009.44,1.0,4,2,8,25
1.0,222,11450.79,4273.51,0.9159262527,3,2,13,52
56.0,240,46464.69,46547.15,0.0,5,2,17,1
34.0,360,0.0,139403.94,1.0,5,2,22,6
24.98,240,12180.73,10422.73,0.0,5,2,44,16
1.0,240,0.0,59369.16,1.0,5,2,60,4
1.0,240,10249.71,11961.5,0.9723362455,3,2,21,34
1.0,360,0.0,95842.58,1.0,4,2,14,0
24.98,240,0.0,18049.3,0.80953668,4,2,12,34
96.0,240,28941.05,29236.88,0.0,4,2,22,3
1.0,236,18202.68,13201.44,0.9327997552,3,2,7,66
5.0,300,0.0,56028.98,1.0,4,2,17,2
1.0,236,14260.36,14489.38,0.9657528479,3,2,36,47
90.0,240,20568.79,22880.56,0.0,1,2,64,9
1.0,240,72832.15,68036.95,0.0,4,2,11,8
2.0,300,0.0,56854.44,1.0,4,2,34,8
1.0,180,66479.87,66226.38,0.0,1,2,44,0
32.0,300,0.0,31318.69,1.0,4,2,35,7
13.0,360,0.0,65679.6,1.0,5,2,9,5
1.0,222,11454.57,4290.5,0.9108938352,3,2,12,53
24.98,360,126474.49,113507.69,0.0,5,2,17,8
9.0,300,0.0,225964.72,1.0,5,2,15,3
1.0,218,34028.64,18075.86,0.8479458239,3,4,24,40
47.0,234,15793.18,18995.35,0.8704030197,3,2,42,32
24.98,222,26655.37,4144.6,0.9453602278,3,2,7,36
0.0,240,0.0,330349.44,0.8029234623,5,2,13,5
4.0,360,0.0,120252.7,1.0,5,2,25,3
24.98,180,55010.65,53702.9,0.0,5,2,38,3
11.0,300,0.0,60861.6,0.7203947719,5,2,13,7
54.0,234,15680.34,21362.49,0.914047941,3,4,41,27
24.98,240,35524.9,35513.43,0.0,3,4,39,1
9.0,300,61188.62,59554.88,0.0,4,2,28,1
24.98,200,0.0,11306.0,0.9473288519,3,4,20,11
24.98,232,15424.12,12517.1,0.9764338385,3,2,31,32
96.0,240,0.0,66440.37,1.0,4,2,32,2
94.0,234,13495.88,14178.79,0.9497326641,3,2,14,60
24.98,240,70223.87,79904.26,0.0,5,2,18,10
17.0,300,0.0,26022.99,0.915854184,4,2,7,9
24.98,119,18178.48,22152.26,0.0,5,2,41,13
52.0,240,83442.53,81676.03,0.0,5,2,17,3
0.0,360,0.0,112921.7,1.0,5,2,20,1
1.0,240,48626.54,46331.18,0.0,5,2,37,5
0.0,240,147717.48,110601.26,0.8183791406,5,2,10,30
24.98,180,26471.59,42603.05,0.5747218419,2,2,66,40
24.98,240,50239.45,49382.24,0.0,5,2,14,2
94.0,230,20374.99,21995.84,0.910454886,3,2,28,31
96.0,360,126175.08,123032.5,0.0,5,2,17,3
1.0,300,0.0,72875.93,1.0,4,2,22,6
0.0,240,0.0,32875.13,0.7574173194,4,2,26,1
8.0,300,0.0,79642.31,1.0,4,2,22,6
89.0,72,0.0,1549.94,0.4890607901,4,1,9,63
93.0,240,11108.83,11484.89,0.0,3,2,31,23
46.0,360,57403.31,57549.3,0.0025367815,4,2,31,3
70.0,300,0.0,83288.47,1.0,4,2,11,1
1.0,240,17535.07,18886.44,0.0715523942,3,2,49,9
24.98,230,20375.01,21994.25,0.995920752,3,2,28,31
32.0,300,0.0,43157.14,1.0,4,2,32,1
61.0,360,164354.27,171558.04,0.0,5,2,10,1
56.0,360,0.0,90863.46,1.0,5,2,30,4
25.0,236,21262.15,9879.06,0.9562711432,3,2,28,40
94.0,240,171366.84,173765.72,0.0,5,2,22,1
24.98,240,26316.65,26480.8,1.0,3,4,22,33
3.0,360,114816.76,122824.07,0.065193329,5,2,14,2
1.0,240,0.0,37977.63,0.688095577,5,2,14,7
7.0,300,0.0,75793.69,1.0,4,2,9,6
1.0,240,0.0,138697.26,1.0,5,2,16,19
1.0,180,0.0,12470.87,1.0,5,2,68,2
0.0,240,0.0,76917.63,0.7935246756,5,2,34,31
52.0,240,71476.15,73265.46,0.0244222858,5,2,29,1
9.0,79,0.0,14364.12,1.0,5,2,47,1
5.0,300,0.0,449577.49,1.0,5,2,18,1
1.0,225,11346.01,11570.32,0.0193866721,3,2,46,22
30.0,230,11412.48,13839.98,0.9390172529,3,4,33,29
94.0,230,11483.45,13824.95,0.9103020264,3,4,33,29
24.98,204,62725.35,49136.38,0.0,1,2,34,17
1.0,120,36610.76,43086.59,0.1502980394,5,2,38,4
24.98,240,62179.67,58614.18,0.0,5,2,9,6
1.0,234,9792.86,11272.69,0.131275676,3,2,62,19
1.0,240,0.0,141778.53,1.0,5,2,28,7
1.0,360,0.0,38149.09,1.0,5,2,33,8
24.98,232,15368.82,12529.44,0.8925985519,3,2,31,32
56.0,180,9403.83,11240.88,0.0,3,2,30,24
1.0,222,7617.1,5739.31,0.8322969137,3,2,17,55
94.0,230,20375.0,22123.54,0.9029477199,3,2,28,31
0.0,240,83978.96,82408.53,0.0,5,2,33,2
94.0,240,19691.9,17413.12,0.0,5,2,7,10
94.0,240,79771.99,82529.93,0.0,4,2,25,2
0.0,287,0.0,83081.53,1.0,5,2,11,6
5.0,240,0.0,116719.59,0.7214204063,5,2,15,8
24.98,360,0.0,52945.59,1.0,5,2,10,1
24.98,240,64804.71,66450.99,0.0247743487,4,2,21,9
52.0,360,110724.43,106369.62,0.0,5,2,7,4
24.98,240,64362.6,74600.23,0.137233223,1,2,70,1
24.98,240,40522.42,55031.01,0.8186951863,5,2,30,28
8.0,360,0.0,199372.56,1.0,5,2,20,11
0.0,300,0.0,33160.55,1.0,4,2,20,8
1.0,224,14961.61,17840.36,0.9176036806,3,2,17,55
68.0,218,33258.5,18075.86,0.8479458239,3,4,24,40
88.0,300,26092.46,25835.81,0.0,4,2,25,1
94.0,230,7788.13,9966.36,0.897533302,3,2,15,52
24.0,60,21446.91,52559.74,0.0,1,2,25,19
41.0,360,0.0,167214.43,1.0,5,2,12,1
33.0,180,13660.6,13542.57,0.0,4,2,21,6
24.98,218,14776.03,9681.1,0.8827323341,3,4,17,32
93.0,300,44645.68,44686.6,0.0009157107,4,2,12,1
9.0,300,61552.05,61307.81,0.0,4,2,16,3
24.98,119,72498.1,67459.62,0.0,5,2,10,6
26.0,300,0.0,186219.3,1.0,5,2,18,14
76.0,240,10236.07,11091.22,0.0,3,2,37,18
1.0,228,24371.1,14198.0,0.8516826314,3,4,14,60
1.0,234,14892.43,14750.41,0.9833096165,3,2,32,48
1.0,236,9492.58,9513.92,0.973760553,3,2,37,49
8.0,240,10249.71,11581.24,0.8757127907,3,2,24,31
24.98,234,12950.19,18106.08,0.9983905959,3,4,20,52
24.98,300,28024.73,29146.38,0.0,4,2,16,10
7.0,232,15399.0,9633.86,0.9117435794,3,2,27,36
16.0,240,0.0,108208.16,0.8220626774,5,2,25,13
6.0,300,0.0,60163.22,1.0,4,2,14,10
24.98,300,0.0,71192.17,1.0,4,2,13,3
94.0,228,6228.1,8384.41,0.8613223829,3,4,34,26
0.0,240,0.0,37855.15,0.0,4,2,28,21
89.0,240,19221.73,19908.81,0.9672054734,3,2,19,42
2.0,240,0.0,57481.48,1.0,5,2,39,1
13.0,234,9793.75,12540.74,0.8926315353,3,2,29,52
65.0,300,92099.35,91307.11,0.0,4,2,14,4
1.0,240,0.0,46918.2,0.8940326215,5,2,47,32
1.0,360,106135.37,92084.86,0.0,5,2,9,15
24.98,180,107198.26,103131.86,0.0,5,2,24,7
4.0,240,10220.42,11346.47,0.0992423194,3,2,37,17
94.0,240,41007.97,40981.07,0.0,4,2,14,5
24.98,240,84010.67,93476.0,0.7158827727,5,2,27,28
40.0,300,0.0,56602.05,1.0,4,2,30,1
24.98,168,10728.98,13921.58,0.0565816726,2,2,98,7
91.0,180,0.0,72631.74,1.0,5,2,25,2
4.0,240,0.0,130912.79,1.0,5,2,25,6
91.0,240,57691.13,59175.44,0.0,5,2,44,2
5.0,300,0.0,62217.28,1.0,4,2,8,10
96.0,180,0.0,28192.8,1.0,5,2,41,1
95.0,300,0.0,60991.49,1.0,4,2,18,1
24.98,228,37361.93,34101.19,0.0,4,2,16,9
1.0,300,61318.89,56901.41,0.0,4,2,14,12
5.0,180,45028.44,45477.66,0.0,5,2,36,6
46.0,360,0.0,310838.61,1.0,5,2,20,6
77.0,360,0.0,117126.39,1.0,5,2,32,5
2.0,300,0.0,48461.04,1.0,4,2,25,6
1.0,360,123113.49,112927.46,0.0,5,2,10,9
13.0,300,0.0,69667.39,1.0,4,2,34,3
24.98,240,59419.7,55730.32,0.0,5,2,37,6
13.0,300,38310.22,37095.38,0.0,4,2,17,6
90.0,221,26180.8,20171.85,0.9174032129,3,4,31,33
24.98,222,113011.88,113515.99,0.0,5,2,14,0
1.0,300,0.0,53811.19,1.0,4,2,9,12
68.0,218,32685.51,15685.28,0.9191713505,3,4,22,43
24.98,236,16108.81,19384.9,0.9194460637,3,2,14,65
24.98,240,109911.62,102647.22,0.0,5,2,22,6
3.0,240,70413.18,76017.78,0.0737274885,5,2,19,9
24.98,360,87284.38,82043.48,0.0,5,2,7,6
0.0,222,12698.85,7672.66,1.0,3,2,39,30
1.0,360,85569.71,79430.73,0.0,5,2,15,12
5.0,240,0.0,23871.04,1.0,4,2,44,3
5.0,240,0.0,41052.35,1.0,4,2,39,11
94.0,240,19105.39,19637.18,0.0,4,2,12,10
24.98,240,35274.69,35533.61,0.0072866224,3,4,39,1
24.98,218,12312.93,9498.82,0.9404926086,3,4,17,32
2.0,360,0.0,317331.43,1.0,5,2,8,2
1.0,300,54761.58,52034.17,0.0,4,2,7,9
24.98,240,41075.57,40633.81,0.0,5,2,34,1
4.0,240,0.0,97815.36,1.0,4,2,28,1
18.0,240,63130.91,63948.22,0.0127808092,5,2,51,1
1.0,216,0.0,50876.76,1.0,5,2,30,14
30.0,300,0.0,66717.54,1.0,5,2,39,2
22.0,232,15190.65,18060.11,0.9288509317,3,2,24,59
68.0,218,32705.29,15691.5,0.9175419813,3,4,22,43
2.0,240,170221.98,168428.71,0.0,5,2,28,1
20.0,360,0.0,256531.04,1.0,5,2,12,1
94.0,216,8307.96,10713.69,0.8965837167,3,4,14,50
0.0,240,80642.71,77339.76,0.0,5,2,7,7
1.0,230,10496.9,11794.92,0.8902129052,3,4,38,46
1.0,236,21262.15,9850.65,0.9841584058,3,2,28,40
24.98,300,0.0,63279.99,1.0,4,2,10,8
2.0,240,72563.45,70899.95,0.0,5,2,33,4
89.0,240,19809.29,10114.78,0.0,3,4,15,21
1.0,360,0.0,168975.75,1.0,5,2,28,1
0.0,236,13141.11,14188.64,0.9524387115,3,2,11,57
1.0,220,13048.7,11441.53,0.9313806807,3,4,18,61
94.0,236,18396.86,17154.71,0.9355389861,3,2,24,41
52.0,120,33711.24,30020.45,0.0,5,2,16,14
24.98,240,152160.43,136665.1,0.0,5,2,16,8
24.98,240,97271.43,123543.08,0.6967777312,5,2,8,39
24.98,222,11455.64,4285.36,0.9161587358,3,2,13,52
2.0,300,0.0,55997.21,1.0,4,2,18,5
1.0,240,0.0,22917.34,0.8406809964,4,2,32,28
13.0,300,65817.4,66505.17,0.010341602,4,2,12,6
24.98,240,137896.87,135327.45,0.0,5,2,35,2
47.0,236,9073.22,12100.08,0.8437663222,3,4,17,45
44.0,216,15189.57,20192.42,0.9136864229,3,4,10,44
0.0,240,78481.84,93781.39,1.0,5,2,14,31
0.0,300,0.0,63021.77,1.0,4,2,11,6
24.98,180,60287.17,61044.53,0.0,5,2,13,0
1.0,240,110514.17,117553.14,0.059879047,5,2,25,1
3.0,240,0.0,101176.9,1.0,5,2,17,3
24.98,270,40891.37,40165.77,0.0,4,2,13,3
1.0,360,0.0,26904.01,1.0,5,2,17,7
94.0,240,49009.21,50863.23,0.0,5,2,21,2
1.0,240,9124.88,8015.42,1.0,3,4,19,34
9.0,240,0.0,43037.36,1.0,4,2,70,2
1.0,240,26238.25,25228.2,0.9887990423,3,4,13,45
0.0,300,0.0,64678.72,1.0,4,2,10,14
1.0,300,90311.92,72854.16,1.0,4,2,16,26
24.98,240,31119.0,40421.0,0.8228135382,1,2,82,41
1.0,240,20752.31,18105.6,0.9867477466,3,4,23,39
2.0,300,0.0,38796.13,1.0,4,2,10,6
24.98,24,2444.44,6062.01,0.1254332211,1,2,66,7
96.0,360,0.0,109300.5,1.0,5,2,13,8
71.0,300,0.0,51685.96,1.0,4,2,33,3
77.0,240,0.0,46231.41,1.0,5,2,31,1
0.0,300,78400.83,70617.23,0.0,4,2,7,16
3.0,240,0.0,60204.03,0.0,5,2,13,18
4.0,360,108983.62,98684.7,0.0,5,2,15,11
24.98,240,43861.29,42570.91,0.0,4,2,35,4
1.0,228,20655.25,23697.7,0.1283858771,3,2,34,24
24.98,300,35339.93,37005.09,0.044998134,4,2,9,1
68.0,232,15250.14,18060.11,0.9315934399,3,2,24,59
94.0,230,20375.0,22003.29,0.9398339976,3,2,28,31
8.0,240,52190.42,54658.68,0.0,5,2,32,1
4.0,180,0.0,52266.11,0.6720574728,1,2,70,3
2.0,270,62003.62,66141.03,0.062554363,5,2,17,6
70.0,240,127012.61,144853.54,0.0,5,2,19,16
1.0,240,0.0,30282.1,0.782846043,4,2,7,21
2.0,180,110839.51,106136.91,0.0,5,2,43,4
1.0,239,21262.15,9754.11,0.9890774248,3,2,28,40
4.0,180,59035.12,62479.01,0.0551207518,5,2,34,17
94.0,216,8316.72,10563.36,0.8622748822,3,4,14,49
24.98,240,35632.81,38315.96,0.0,5,2,11,6
12.0,119,0.0,119215.96,1.0,5,2,7,1
1.0,240,0.0,66708.34,1.0,5,2,29,7
0.0,240,20755.33,20975.25,0.010484738,3,4,45,17
1.0,236,21262.15,9788.54,0.983862762,3,2,28,40
0.0,300,0.0,58592.97,1.0,4,2,11,2
32.0,240,0.0,158456.49,0.7507261703,5,2,23,26
0.0,340,103645.78,85432.95,0.0,5,2,11,17
1.0,236,21260.47,9859.04,0.9628077379,3,2,28,40
24.98,240,60544.51,48495.9,0.0,5,2,13,22
8.0,240,10159.42,10655.17,0.0465267096,3,2,53,1
90.0,222,13542.93,12717.01,0.954728352,3,4,30,53
1.0,240,45648.48,45772.11,0.0,4,2,22,1
24.98,180,40744.08,34291.07,0.0,5,2,29,16
24.98,300,0.0,58462.61,1.0,4,2,15,2
1.0,240,21089.74,14552.21,0.9024388735,3,4,20,37
8.0,222,13550.35,12643.91,0.9568891269,3,4,30,53
1.0,240,0.0,32508.86,1.0,4,2,26,3
70.0,240,0.0,60059.75,1.0,5,2,46,1
24.98,239,102659.24,102043.72,0.0,5,2,34,11
89.0,240,12814.38,15325.85,0.8982346819,3,2,25,38
24.98,240,112266.01,126237.27,0.0,5,2,14,22
2.0,260,100896.74,99606.69,0.0,5,2,16,5
94.0,300,54326.58,55121.24,0.0144165842,4,2,9,4
94.0,204,13232.31,13088.97,0.0,4,3,24,8
1.0,300,0.0,88599.74,1.0,4,2,16,3
91.0,240,28555.39,27440.08,0.0,3,2,55,8
12.0,180,43945.19,48971.69,0.102640934,1,2,68,8
1.0,222,12707.61,7672.67,1.0,3,2,39,30
1.0,236,19371.79,15734.84,0.9645550892,3,2,12,48
1.0,222,13455.71,4930.04,0.9609617772,3,2,27,40
13.0,240,0.0,11707.2,0.7779351431,4,2,55,2
24.98,240,43856.29,43656.11,0.0,5,2,17,1
24.98,240,0.0,26992.1,1.0,4,2,21,7
3.0,300,0.0,23665.8,1.0,4,2,20,6
0.0,240,0.0,32723.99,1.0,4,2,33,23
60.0,300,0.0,89731.94,1.0,4,2,25,3
40.0,180,21339.64,20461.74,0.0,4,2,28,6
11.0,240,0.0,49545.72,0.0,5,2,31,12
2.0,180,80827.29,82954.66,0.0,1,2,34,11
5.0,240,0.0,48651.35,0.751951494,4,2,20,2
94.0,240,22327.26,19764.72,0.0,5,2,28,21
94.0,230,20375.0,22001.8,0.9121585507,3,2,28,31
1.0,240,0.0,83816.47,1.0,5,2,58,14
1.0,222,12698.85,7672.68,1.0,3,2,39,30
24.98,108,58716.12,77961.08,0.0,2,2,48,14
24.98,240,111742.6,106041.38,0.0,5,2,6,5
2.0,236,3652.15,5529.67,0.8349865363,3,4,48,28
93.0,204,41475.09,42194.71,0.0,4,3,38,1
1.0,236,15322.7,19712.62,0.2226959176,3,4,45,16
24.98,216,13074.55,13738.52,0.0,3,4,25,11
52.0,240,83219.35,82474.97,0.0,4,2,15,2
24.98,360,187857.11,189704.29,0.0,5,2,16,16
77.0,360,0.0,104648.01,1.0,5,2,20,0
4.0,240,10516.45,8971.42,0.0,3,4,35,18
2.0,360,0.0,125820.27,1.0,5,2,16,9
94.0,240,19809.32,10106.69,0.0,3,4,15,21
38.0,180,0.0,36792.23,1.0,5,2,40,6
24.98,360,73088.3,78917.31,0.0,5,2,19,8
43.0,360,246255.66,252497.06,0.0,5,2,11,12
1.0,236,21260.47,10905.11,0.9470202501,3,2,41,27
24.98,240,104062.66,102929.76,0.0,5,2,24,0
3.0,240,223589.41,240595.37,0.0706828232,5,2,32,4
2.0,300,0.0,26697.74,1.0,4,2,27,5
22.0,240,0.0,33736.99,1.0,4,2,53,1
4.0,240,0.0,31619.19,1.0,4,2,41,11
1.0,300,0.0,44340.68,1.0,4,2,20,11
8.0,225,11402.71,11570.8,0.0,3,2,46,21
27.0,180,0.0,50105.9,0.7529700896,5,2,28,31
24.98,240,110261.23,107261.11,0.0,5,2,17,2
24.98,230,20375.01,22086.09,0.9009851902,3,2,28,31
24.98,360,0.0,88864.07,1.0,5,2,9,0
8.0,300,0.0,37578.87,1.0,4,2,12,10
93.0,240,10161.45,11327.81,0.0,3,2,37,17
1.0,180,41369.67,45234.67,0.0854433115,5,2,12,5
1.0,300,0.0,40517.49,1.0,4,2,14,2
24.98,240,131208.56,112162.63,0.0,5,2,16,11
24.98,250,64317.39,63489.48,0.0,5,2,9,1
24.98,240,74716.07,82164.31,0.0906505513,5,2,44,2
96.0,240,99855.74,99867.6,0.0001187572,5,2,20,0
0.0,180,0.0,68903.73,0.5558327506,1,2,42,4
1.0,222,13455.71,4872.87,0.9734735382,3,2,27,40
24.98,240,44644.38,42906.9,0.0,4,2,18,6
24.98,180,36552.97,47808.09,0.0,1,2,49,18
32.0,240,0.0,62005.33,1.0,4,2,29,1
1.0,360,0.0,93895.97,1.0,5,2,20,1
1.0,300,51529.63,50378.54,0.0,4,2,13,3
1.0,120,0.0,60757.33,1.0,5,2,42,3
8.0,360,0.0,169705.69,1.0,5,2,24,3
1.0,180,0.0,47947.66,1.0,5,2,47,8
24.98,300,60514.23,59026.77,0.0,5,2,18,3
56.0,240,34867.26,38231.95,0.0880072819,5,2,45,4
10.0,240,0.0,29957.96,1.0,4,2,8,2
5.0,240,0.0,48215.91,0.7123159939,5,2,24,5
24.98,240,47113.12,38741.26,0.0,1,2,31,12
64.0,240,0.0,87174.75,0.7095434398,5,2,21,8
94.0,204,55615.47,60592.99,0.7050777095,4,3,33,30
21.0,240,0.0,21997.3,0.6587344026,5,2,20,24
60.0,360,0.0,127359.21,1.0,5,2,10,1
94.0,225,16278.97,18980.12,0.9058404267,3,2,31,54
12.0,240,0.0,57301.03,1.0,5,2,24,5
71.0,240,0.0,55419.67,1.0,5,2,47,3
1.0,200,13583.56,10630.64,0.9371571232,3,4,21,58
1.0,222,7641.54,5537.77,0.9282725718,3,2,17,55
24.98,300,0.0,66637.36,1.0,5,2,13,3
1.0,240,37929.4,34491.34,0.0,4,2,18,16
0.0,120,122764.78,203602.93,1.0,5,2,23,31
77.0,300,0.0,65551.48,1.0,4,2,19,3
94.0,240,0.0,51817.72,1.0,4,2,25,1
77.0,360,0.0,81989.17,1.0,5,2,21,1
55.0,229,14841.37,17717.66,0.9068404067,3,2,23,60
56.0,240,31236.45,31339.38,0.0,4,2,44,2
1.0,300,51642.25,48797.39,0.0,4,2,9,13
24.98,300,0.0,76395.07,1.0,4,2,10,6
24.98,228,11995.58,15573.18,0.2297282893,3,4,57,13
5.0,240,86077.87,63351.55,0.0,4,2,16,15
0.0,240,88763.19,77443.87,0.0,5,2,25,11
1.0,360,0.0,132085.79,0.0,5,2,16,24
24.98,240,19367.82,22458.7,0.0,4,2,46,15
4.0,236,21260.47,10864.92,1.0,3,2,42,26
24.98,240,14630.89,14368.86,0.0,1,2,63,1
1.0,236,21249.77,9859.99,0.9830466359,3,2,28,40
1.0,360,60769.53,66778.5,0.0,5,2,17,15
0.0,360,119097.47,108043.62,0.0,5,2,29,16
24.98,224,16861.5,18536.57,0.0,3,2,32,12
16.0,120,0.0,20065.35,1.0,4,2,18,1
1.0,300,80814.85,79082.89,0.0,4,2,13,4
17.0,240,69825.22,74598.38,0.0,5,2,25,17
24.98,240,20809.71,20722.8,0.0,1,2,97,0
24.98,360,0.0,127309.54,1.0,5,2,9,8
1.0,236,16004.29,15981.88,0.9529661091,3,4,16,48
2.0,300,0.0,50605.87,1.0,4,2,16,15
56.0,240,19221.72,19840.34,0.9691033521,3,2,21,40
1.0,180,68377.47,60436.31,0.6655991637,5,2,39,31
1.0,300,0.0,92026.94,1.0,4,2,10,6
3.0,360,0.0,87409.21,1.0,5,2,25,8
24.98,236,15976.34,19288.61,0.9202633057,3,2,14,65
1.0,360,0.0,53929.4,1.0,5,2,25,11
14.0,240,0.0,48805.22,1.0,4,2,28,1
24.98,204,12372.85,11965.84,0.0,4,3,24,4
2.0,232,15175.8,18184.19,0.9116006817,3,2,24,59
65.0,360,0.0,118340.24,1.0,5,2,14,1
24.98,236,4810.59,5382.13,0.0,3,4,43,24
1.0,180,92286.99,65772.26,1.0,5,2,22,29
1.0,240,70677.02,92985.15,0.7725467823,5,2,27,29
94.0,240,33104.51,32853.09,0.0,4,2,10,2
24.98,60,381.17,367.99,0.0,1,2,66,11
4.0,300,0.0,51499.12,1.0,4,2,24,3
1.0,300,57433.95,58762.23,0.0226043157,4,2,18,2
5.0,300,232136.31,216327.65,0.0,5,2,18,7
94.0,233,88530.21,91290.42,0.0,5,2,22,1
27.0,240,29286.8,33045.35,0.1137391494,4,2,35,10
24.98,300,0.0,87679.21,1.0,4,2,11,1
94.0,232,15237.15,18316.76,0.8935019075,3,2,24,59
1.0,240,54426.19,52027.45,0.0,4,2,27,16
9.0,360,179407.95,171657.29,0.0,5,2,12,4
0.0,240,0.0,94458.98,0.7124772486,5,2,10,3
64.0,180,16572.19,26341.88,0.6663295656,5,2,14,58
24.98,300,0.0,62076.06,1.0,4,2,8,1
28.0,300,0.0,54724.08,1.0,4,2,19,2
1.0,300,67403.47,63892.73,0.0,4,2,17,10
24.98,180,59163.74,57899.4,0.0,5,2,15,2
1.0,360,0.0,161195.53,1.0,5,2,17,5
24.98,240,67665.01,69681.22,0.0289347689,4,2,33,3
0.0,320,72795.99,71426.32,0.0,5,2,12,4
90.0,221,26175.56,20053.78,0.9427833556,3,4,31,33
13.0,300,0.0,50392.84,1.0,4,2,18,9
90.0,236,13141.11,14253.17,0.9391482737,3,2,11,57
7.0,300,0.0,130723.29,1.0,5,2,16,1
1.0,240,39583.07,45581.75,0.0,5,2,29,18
54.0,240,56532.38,57025.04,0.0,4,2,15,7
4.0,240,0.0,35962.95,1.0,5,2,74,4
1.0,300,0.0,96851.84,1.0,4,2,10,7
2.0,300,0.0,28014.38,1.0,4,2,20,2
4.0,300,9363.12,88897.47,0.8946750678,4,2,29,18
0.0,120,50916.36,89801.1,0.7011434265,5,2,15,39
89.0,72,0.0,1570.54,0.4843633553,4,1,9,63
65.0,360,0.0,127313.18,1.0,5,2,33,1
92.0,239,24774.07,24433.17,0.0,4,2,30,3
24.98,204,17627.94,17038.18,0.0,4,3,24,4
10.0,240,0.0,33769.31,0.7501779953,4,2,22,11
24.98,240,0.0,80905.0,1.0,4,2,13,2
1.0,300,0.0,49923.0,1.0,4,2,16,1
4.0,204,56003.36,52857.07,0.0,4,2,49,5
1.0,240,84784.54,72649.16,0.0,5,2,39,14
70.0,300,0.0,68575.69,1.0,4,2,15,1
1.0,360,95094.73,105449.84,0.0981993903,5,2,13,11
10.0,300,62865.65,62187.12,0.0,4,2,7,3
1.0,360,279106.5,267720.45,0.0,5,2,8,4
6.0,360,156325.66,144666.63,0.0,5,2,21,7
9.0,360,0.0,520589.55,1.0,5,2,11,2
61.0,240,176593.66,168158.13,0.0,5,2,16,5
2.0,240,0.0,25067.25,1.0,4,2,23,2
1.0,228,13215.18,12059.07,1.0,3,2,23,39
0.0,40,28451.09,17098.53,1.0,5,2,8,32
24.98,240,92448.46,84025.58,0.0,4,2,26,14
2.0,231,7863.34,8492.9,0.0741278009,3,2,66,12
1.0,300,64646.7,67654.67,0.0444606411,4,2,35,7
1.0,240,26318.38,26484.17,1.0,3,4,37,27
24.98,360,0.0,208542.79,1.0,5,2,11,5
2.0,228,11982.28,17577.82,0.8741675589,3,4,37,36
2.0,240,0.0,62989.95,1.0,4,2,74,4
1.0,360,0.0,160925.02,1.0,5,2,20,4
24.98,240,49553.22,47667.72,0.0,5,2,14,3
1.0,240,149864.46,142333.58,0.0,5,2,37,5
94.0,300,19904.19,20044.78,0.0,4,2,26,3
61.0,240,77966.81,78561.88,0.0,5,2,34,2
4.0,218,28572.15,28991.84,0.0144761423,3,2,63,12
26.0,240,0.0,39200.21,1.0,4,2,39,1
96.0,240,46964.97,100341.13,0.7941555917,5,2,25,30
1.0,236,21260.47,9851.59,0.9841599173,3,2,28,40
13.0,232,14380.26,12548.9,0.9764433536,3,2,31,32
1.0,300,63517.17,58887.18,0.0,4,2,16,16
1.0,240,0.0,83847.23,1.0,5,2,30,11
96.0,236,10355.13,13812.35,0.8645762669,3,4,33,27
76.0,300,0.0,56504.98,1.0,4,2,9,2
1.0,236,4691.69,7072.15,0.3365963674,3,4,63,20
0.0,300,0.0,26799.73,1.0,4,2,9,13
1.0,240,34866.99,36073.33,0.0,4,2,30,3
5.0,240,136308.5,135993.3,0.7657627554,5,2,15,25
37.0,236,16072.66,19288.84,0.9248928396,3,2,14,65
48.0,240,0.0,34593.37,1.0,4,2,27,3
1.0,360,0.0,121518.78,1.0,5,2,18,10
1.0,306,0.0,227990.83,1.0,5,2,14,3
24.98,120,55365.35,73026.48,0.0,5,2,28,20
3.0,240,33805.13,33706.48,0.0,4,2,24,1
83.0,180,89547.83,99000.71,0.0,5,2,21,9
1.0,216,17895.2,16389.05,0.9350822653,3,4,26,29
12.0,240,0.0,82095.65,1.0,4,2,36,5
17.0,360,43924.14,45950.0,0.0,5,2,7,9
2.0,240,0.0,131070.1,1.0,5,2,27,2
95.0,360,91310.37,93467.52,0.0230791402,5,2,21,1
24.98,240,88557.61,73066.43,0.8526518916,5,2,18,26
4.0,120,0.0,143696.92,0.5502612175,5,2,16,11
8.0,235,13119.93,13298.44,0.9738405407,3,2,16,65
24.98,240,52943.53,53824.03,0.0,4,2,19,7
94.0,216,8307.91,10626.33,0.8858542884,3,4,15,49
12.0,240,48362.67,50007.88,0.0,5,2,32,1
94.0,204,19859.53,20127.26,0.0,4,3,36,1
24.98,240,0.0,63020.65,0.7626950933,5,2,11,12
93.0,234,11787.46,14640.95,0.875187744,3,2,35,39
24.98,120,68857.5,66810.35,0.0,5,2,56,3
21.0,360,0.0,67350.98,0.0,5,2,17,15
25.0,300,0.0,56796.61,1.0,4,2,10,5
24.98,240,29484.55,38423.07,0.6966740541,1,2,34,26
24.98,240,28546.3,28357.21,0.0,5,2,28,3
1.0,240,0.0,80951.33,0.0,5,2,11,11
5.0,240,0.0,66200.65,1.0,4,2,39,8
24.98,180,20180.98,25222.85,0.1835965246,1,2,75,6
71.0,360,0.0,122329.04,1.0,5,2,37,2
85.0,234,10401.88,17946.0,0.8722768305,3,4,21,59
4.0,240,0.0,128152.83,1.0,5,2,44,3
64.0,300,31418.4,31195.0,0.0,4,2,16,2
7.0,240,8905.16,10227.86,0.1293232406,3,4,54,1
24.98,204,16804.2,17726.25,0.0,4,3,20,14
24.98,240,143008.21,139042.28,0.0,5,2,15,2
60.0,300,0.0,64884.28,1.0,4,2,13,3
94.0,144,2314.58,3294.48,0.2974369248,3,4,77,1
4.0,240,10515.75,8977.86,0.0,3,4,35,18
1.0,234,10273.29,17338.51,1.0,3,4,32,48
0.0,240,201963.86,111581.73,1.0,5,2,9,47
24.98,240,58848.25,58564.97,0.0,5,2,19,1
1.0,240,0.0,191500.47,1.0,5,2,23,7
24.98,300,0.0,190955.96,1.0,4,2,11,6
2.0,360,190252.43,208668.85,0.0,5,2,9,15
4.0,240,0.0,24186.75,0.685721217,5,2,43,11
1.0,300,70241.24,66426.59,0.0,4,2,11,9
24.98,240,0.0,146493.69,1.0,5,2,9,3
18.0,338,0.0,160964.0,1.0,5,2,24,4
94.0,240,11047.58,11515.07,0.9198259325,3,2,25,30
46.0,120,0.0,53814.34,0.4903919631,5,2,27,4
0.0,180,156596.75,153494.52,0.0,5,2,27,16
9.0,240,89671.05,89621.9,0.0,4,2,32,15
28.0,120,127877.59,131614.45,0.0,5,2,12,1
1.0,228,13020.94,15923.66,0.18228975,3,4,61,12
24.98,240,20720.37,19541.16,0.0,4,2,9,11
24.98,300,0.0,74992.88,1.0,4,2,7,2
0.0,300,329344.74,259014.74,0.0,5,2,21,19
1.0,360,0.0,81554.01,1.0,5,2,17,20
1.0,233,18077.21,24032.01,0.8638611585,3,4,32,28
9.0,360,0.0,190662.6,1.0,5,2,15,1
2.0,225,11346.01,11568.37,0.0,3,2,46,22
77.0,240,0.0,134835.25,1.0,5,2,27,3
0.0,360,0.0,142840.8,1.0,5,2,10,2
24.98,222,26670.41,5969.13,0.0,3,2,23,20
77.0,360,234959.03,233562.88,0.0,5,2,10,0
82.0,300,0.0,143905.92,1.0,5,2,21,4
37.0,73,294.14,3055.45,0.4461897304,1,2,45,36
10.0,240,114522.66,134207.78,0.7063357146,5,2,18,32
22.0,273,0.0,88971.41,1.0,4,2,12,5
24.98,300,0.0,71952.55,1.0,4,2,8,3
1.0,300,43857.48,40188.06,0.0,4,2,10,13
24.98,300,0.0,74515.85,1.0,4,2,11,4
1.0,240,26318.38,26435.33,0.995109575,3,4,33,31
10.0,360,0.0,90171.24,1.0,5,2,10,1
1.0,222,12697.03,7680.83,1.0,3,2,39,30
24.98,119,76326.4,64984.62,0.0,5,2,16,13
25.0,300,0.0,38664.15,1.0,4,2,33,5
5.0,240,0.0,108881.35,1.0,5,2,31,1
52.0,234,13509.55,14125.48,0.9600764009,3,2,14,60
38.0,360,55638.5,74455.01,0.2527232217,5,2,24,6
1.0,204,11265.17,11675.62,0.9890995082,3,4,20,40
94.0,204,28656.51,29120.96,0.0,4,2,26,1
38.0,360,0.0,169554.1,1.0,5,2,25,2
56.0,300,0.0,58968.0,1.0,4,2,23,1
52.0,240,0.0,79229.51,1.0,4,2,15,2
58.0,224,14959.11,17840.36,0.9066033421,3,2,17,55
61.0,240,0.0,63176.45,1.0,4,2,14,3
24.98,360,68197.43,68417.16,0.0032116212,5,2,13,1
1.0,228,15343.48,16556.64,0.0,3,2,63,14
9.0,300,0.0,73277.74,1.0,4,2,11,1
94.0,240,45641.14,54317.77,0.6565519903,5,2,17,46
0.0,240,0.0,86538.39,0.6938636898,5,2,7,6
0.0,300,82768.19,79371.17,0.0,4,2,7,6
28.0,240,43124.68,44411.28,0.0,4,2,22,1
24.98,300,52711.09,57465.66,0.0,5,2,15,16
56.0,240,0.0,62631.96,1.0,5,2,30,5
4.0,360,89648.81,89712.73,0.0,5,2,15,3
0.0,240,65994.33,68117.25,0.7473658283,5,2,12,27
24.98,300,83905.04,81260.38,0.0,4,2,11,6
90.0,120,0.0,96699.24,1.0,5,2,12,2
36.0,240,63787.82,63978.39,0.002978662,4,2,16,3
26.0,222,8262.64,7303.76,0.8808586262,3,2,41,30
10.0,240,19573.65,19305.77,0.0,5,2,72,1
24.98,240,62058.86,60291.22,0.0,5,2,25,3
94.0,236,18396.86,17154.48,0.9265766144,3,2,24,41
24.98,120,30481.54,30085.94,0.0,5,2,18,5
2.0,240,19221.72,19699.35,0.0242459777,3,2,37,24
24.98,180,12193.1,15639.56,0.0,1,2,21,15
1.0,230,10496.9,11807.15,0.9092151789,3,4,38,46
24.98,360,0.0,90103.56,1.0,5,2,13,3
1.0,240,12515.96,14935.31,0.931984003,3,2,25,35
24.98,204,15100.32,14354.87,0.0,4,3,22,6
1.0,300,0.0,67663.84,1.0,4,2,16,8
2.0,240,0.0,52758.98,1.0,4,2,28,2
1.0,240,45002.86,33043.75,1.0,4,2,33,37
24.98,230,9043.34,9612.49,0.898880519,3,2,28,33
94.0,224,14961.61,17840.36,0.8907589309,3,2,17,55
9.0,240,111858.8,110567.51,0.0,4,2,37,2
24.98,223,18358.15,19718.56,0.8806855064,3,2,20,52
4.0,300,0.0,80276.47,1.0,4,2,19,2
24.98,240,83072.88,76721.92,0.0,5,2,32,7
15.0,300,0.0,28069.1,1.0,5,2,17,2
94.0,240,70089.17,69867.73,0.0,4,2,15,6
24.98,204,33495.2,41481.16,0.0,1,2,57,13
94.0,240,120081.09,116543.16,0.0,5,2,27,4
8.0,360,0.0,128828.94,1.0,4,2,18,6
94.0,120,22183.38,20065.16,0.0,5,2,18,16
70.0,240,19806.37,22459.85,0.0,3,2,34,23
93.0,234,15794.05,22393.47,0.8591276832,3,4,38,30
24.98,240,70715.11,78824.19,0.1028755259,4,2,28,11
1.0,222,7640.47,5546.66,0.9241435386,3,2,17,55
8.0,240,80964.23,97848.99,0.7660614759,5,2,9,27
0.0,360,193838.85,190280.88,0.0,5,2,13,6
24.98,300,37355.35,36833.95,0.0,4,2,15,2
2.0,360,0.0,110405.03,1.0,5,2,22,3
1.0,240,165907.7,91275.76,1.0,4,2,15,50
5.0,300,63569.79,60328.75,0.0,4,2,13,9
35.0,360,0.0,161266.48,1.0,5,2,16,8
24.98,120,3186.38,22474.24,0.6323777968,5,2,33,12
24.98,120,237.69,31513.98,0.5160831086,5,2,34,21
1.0,120,0.0,76161.43,1.0,5,2,19,4
1.0,230,0.0,67681.4,0.6819434902,5,2,32,23
92.0,360,0.0,79643.65,1.0,5,2,18,2
1.0,360,0.0,69005.3,1.0,5,2,12,3
2.0,240,10525.53,11799.46,0.1079651103,3,2,34,20
94.0,236,18396.86,17154.76,0.9340608671,3,2,24,41
3.0,218,33155.88,17787.6,0.9123254402,3,4,24,40
2.0,240,0.0,112432.46,1.0,5,2,25,4
13.0,300,0.0,38032.64,1.0,4,2,13,2
24.98,222,11455.64,4301.36,0.9301802221,3,2,18,47
2.0,360,0.0,173362.93,1.0,5,2,10,17
24.98,180,39833.61,35495.69,0.0,5,2,27,9
29.0,300,0.0,73219.94,1.0,4,2,19,1
60.0,240,95666.88,90515.13,0.0,5,2,34,6
25.0,240,35528.98,34806.64,0.0,3,4,45,10
95.0,360,0.0,111655.33,1.0,5,2,21,2
1.0,300,40744.23,22674.85,1.0,4,2,7,25
89.0,72,0.0,1722.59,0.4478468136,4,1,20,52
2.0,240,0.0,39114.76,1.0,5,2,17,1
24.98,240,56860.77,56021.05,0.0,4,2,45,16
4.0,240,10516.45,8971.74,0.0,3,4,35,18
94.0,240,72893.32,64281.55,0.0,5,2,26,12
2.0,240,0.0,77996.3,0.7360811268,5,2,16,30
68.0,360,55869.68,62909.65,0.0,5,2,20,23
56.0,240,21393.55,21222.5,0.0,4,2,14,1
1.0,234,21334.98,15390.34,0.9518262754,3,2,18,40
0.0,240,14938.49,16883.9,0.1152227862,3,4,42,19
5.0,236,21260.47,10814.04,0.9708462332,3,2,40,28
5.0,300,0.0,85377.71,1.0,4,2,15,1
24.98,240,25478.96,25021.17,0.0,4,2,41,2
24.98,240,68633.79,57462.11,0.0,1,2,29,13
1.0,240,115988.22,113431.2,0.0,5,2,22,4
24.98,240,42357.11,41892.94,0.0,5,2,27,1
94.0,300,0.0,54471.5,1.0,4,2,31,1
94.0,240,11106.06,11469.94,0.9257764208,3,2,25,29
61.0,180,39223.28,40106.76,0.0,1,2,62,0
24.98,240,10525.08,9359.37,0.0,4,2,28,16
1.0,260,54376.32,59483.08,0.085852313,5,2,30,2
56.0,240,10009.06,11997.8,0.8712063878,3,2,22,36
24.98,240,147770.93,163201.16,0.0,5,2,22,13
40.0,360,56538.97,56627.44,0.0015623168,5,2,32,2
32.0,230,20374.99,21995.84,0.9193997592,3,2,28,31
96.0,180,18187.72,19598.46,0.0,4,2,7,10
0.0,222,13455.71,4930.02,0.9609616188,3,2,27,40
0.0,240,39021.13,34408.04,0.0,4,2,33,15
24.98,240,12919.13,14950.09,0.0036140398,5,2,41,3
1.0,240,10239.8,11621.33,0.1188788202,3,2,31,24
20.0,240,36249.9,35413.07,0.0,4,2,32,6
25.0,234,11789.48,14391.62,0.8919815837,3,2,39,35
4.0,240,0.0,88864.85,0.0,5,2,19,22
4.0,300,0.0,33024.63,1.0,4,2,29,12
24.98,240,8249.96,7791.95,0.0,1,2,39,2
24.98,360,0.0,134995.38,1.0,5,2,11,5
24.98,119,65122.85,43445.81,1.0,5,2,13,34
94.0,236,9347.59,10958.25,0.894317067,3,4,7,64
1.0,360,98213.6,104815.42,0.0629851982,5,2,9,10
94.0,236,18386.2,17225.45,0.9135064686,3,2,24,41
94.0,216,7221.44,11845.4,0.8421927499,3,4,19,61
52.0,240,176713.88,180308.38,0.0,1,2,53,3
1.0,300,37103.02,33234.48,0.0,4,2,21,18
1.0,240,0.0,205407.88,1.0,5,2,11,31
1.0,240,26316.66,26692.48,0.9717804415,3,4,23,32
24.98,300,0.0,74241.59,1.0,4,2,9,1
94.0,197,14038.22,17777.43,0.8812668648,3,2,24,59
0.0,240,31377.31,27433.23,0.0,1,2,83,11
24.98,240,99125.29,111760.18,0.0,5,2,24,13
1.0,228,24476.97,14279.0,0.8493556972,3,4,14,60
71.0,240,0.0,251549.72,1.0,5,2,41,2
1.0,240,0.0,86087.01,1.0,5,2,34,6
2.0,232,15267.86,18060.11,0.9434538328,3,2,24,59
0.0,236,21262.15,9851.59,0.98396604,3,2,28,40
1.0,300,42333.34,40051.68,0.0,4,2,13,10
24.98,360,221310.0,213682.84,0.0,5,2,7,4
2.0,240,97733.94,111119.79,0.0,5,2,23,23
1.0,240,122192.81,112332.23,0.8554636957,5,2,18,28
89.0,72,0.0,1261.66,0.5240931906,4,1,14,58
24.98,240,58709.78,50768.29,0.0,5,2,25,13
24.98,240,73047.79,79152.09,0.0,5,2,24,5
10.0,120,0.0,28498.97,0.562229429,5,2,35,11
21.0,240,61567.57,67023.95,0.0814094066,4,2,77,3
18.0,300,54203.78,52273.27,0.0,4,2,11,8
10.0,171,0.0,5766.01,1.0,4,2,19,0
94.0,240,39676.25,40900.87,0.0,5,2,24,2
90.0,240,62524.11,68.39,0.0,4,2,10,16
8.0,300,0.0,28864.95,1.0,4,2,20,2
1.0,240,0.0,91652.47,1.0,5,2,45,5
93.0,240,0.0,49733.26,1.0,5,2,23,4
94.0,240,11106.06,11505.22,0.0,3,2,31,23
1.0,360,0.0,65757.09,0.7419014447,5,2,19,18
25.0,240,75959.33,79520.58,0.0447840043,5,2,54,1
91.0,240,28560.86,27408.93,0.0,3,2,55,8
1.0,240,9126.17,8004.73,1.0,3,4,19,34
15.0,119,87453.24,91651.59,0.0,5,2,30,1
24.98,257,112146.47,110413.51,0.0,5,2,7,2
1.0,236,8280.01,11917.03,0.896868599,3,4,22,40
1.0,208,75766.92,77505.25,0.0224285452,5,2,22,12
1.0,240,26316.65,26492.76,0.970631599,3,4,22,33
1.0,240,0.0,67374.18,1.0,5,2,49,1
4.0,240,0.0,53606.66,0.7879739032,4,2,25,12
90.0,200,8166.69,10676.54,0.9532292297,3,4,21,58
1.0,240,0.0,79147.6,1.0,4,2,14,15
3.0,240,67487.95,67202.85,0.0,5,2,30,4
96.0,240,0.0,29804.25,1.0,4,2,42,7
4.0,300,0.0,43910.0,1.0,4,2,17,3
3.0,120,0.0,32619.69,0.6065658872,5,2,27,2
1.0,240,18211.83,18657.35,0.9256796919,3,2,20,35
7.0,240,77588.12,79171.14,0.0,5,2,12,1
41.0,360,0.0,127054.79,1.0,5,2,10,4
5.0,222,13116.06,7128.66,0.9276245465,3,2,41,30
24.98,180,108053.35,106661.28,0.0,5,2,22,1
90.0,221,23688.92,20042.98,0.9456488007,3,4,31,33
0.0,240,58657.07,46215.28,1.0,4,2,17,33
34.0,240,93724.56,93492.06,0.0,5,2,12,1
4.0,240,0.0,98336.3,1.0,5,2,34,4
1.0,300,0.0,65098.86,1.0,4,2,7,15
1.0,240,186996.6,128746.09,1.0,5,2,8,31
0.0,240,191494.76,124840.33,1.0,5,2,13,35
70.0,240,109404.58,87063.85,0.0,5,2,37,24
13.0,240,40502.79,45589.89,0.717258961,5,2,29,28
1.0,300,0.0,48772.85,1.0,4,2,17,0
41.0,240,100314.47,100527.3,0.0021171363,5,2,46,2
1.0,222,13455.71,4872.88,0.9734735926,3,2,27,40
1.0,236,14260.36,14376.87,0.9729155233,3,2,28,55
1.0,300,48406.32,45378.35,0.0,4,2,14,9
96.0,120,67448.79,68862.36,0.0,5,2,25,2
1.0,240,138397.96,115661.7,0.0,5,2,28,16
65.0,300,0.0,113395.9,1.0,4,2,31,2
2.0,240,0.0,79382.49,0.7052641471,5,2,11,1
24.98,300,0.0,36201.01,1.0,4,2,10,1
22.0,240,0.0,76763.26,0.0,4,2,27,21
44.0,240,28551.38,16122.08,1.0,3,2,37,26
4.0,240,0.0,84103.57,0.6950820415,5,2,15,3
96.0,360,0.0,43258.4,1.0,5,2,27,1
1.0,300,0.0,52189.98,1.0,4,2,12,13
1.0,234,14892.43,14692.76,0.9758309535,3,2,32,48
1.0,234,14892.43,16016.61,0.9838748649,3,2,20,60
1.0,300,0.0,59045.92,1.0,4,2,14,10
24.98,240,71959.67,70848.95,0.0,5,2,22,1
1.0,240,0.0,11894.1,0.8339846218,4,2,26,11
2.0,240,113342.58,125522.8,0.097035917,5,2,35,5
24.98,240,25568.96,20497.62,0.0,5,2,12,17
1.0,240,77740.45,85592.61,0.0917387611,5,2,40,2
1.0,204,0.0,117424.36,1.0,5,2,29,4
24.98,300,0.0,79202.4,1.0,4,2,8,1
1.0,240,58890.16,57355.86,0.0,4,2,30,12
1.0,222,11455.64,4283.58,0.9239537957,3,2,14,51
24.98,102,2511.88,4351.53,0.4227593513,4,2,63,8
93.0,230,11483.39,13831.57,0.9226255588,3,4,33,29
13.0,300,141367.15,134062.87,0.0,5,2,41,5
96.0,300,65429.74,66662.25,0.0184888749,4,2,25,7
24.98,240,141844.1,138995.69,0.0,5,2,13,2
24.98,180,53171.99,48843.34,0.0,1,2,65,6
2.0,360,0.0,60222.16,1.0,5,2,24,5
4.0,240,7589.0,2423.64,0.8685943457,3,4,8,53
1.0,236,21260.47,9851.95,0.9830328006,3,2,28,40
94.0,240,36692.07,47912.64,0.0,4,2,19,19
1.0,228,13215.18,12061.78,0.0,3,2,42,20
65.0,120,0.0,257370.86,1.0,1,2,8,2
94.0,234,13502.92,14178.79,0.9497326641,3,2,14,60
71.0,236,14260.37,14410.95,0.958951353,3,2,26,57
1.0,240,0.0,54739.9,1.0,4,2,32,6
1.0,240,0.0,42429.34,0.9160799926,4,2,20,32
1.0,216,0.0,501428.31,1.0,5,2,26,5
0.0,300,0.0,54065.6,1.0,4,2,30,6
94.0,240,21398.29,38969.24,0.7827889815,5,2,33,44
2.0,300,0.0,65959.06,1.0,4,2,19,8
1.0,236,21262.15,9804.24,0.984083417,3,2,28,40
1.0,300,81261.56,71882.97,0.0,4,2,9,19
2.0,360,0.0,124716.63,1.0,5,2,7,4
24.98,300,0.0,85179.77,1.0,4,2,10,2
60.0,240,0.0,67077.55,1.0,5,2,28,9
25.0,300,0.0,85847.0,1.0,5,2,43,1
24.98,240,82370.11,72282.33,0.0,5,2,13,11
1.0,236,21249.77,9913.65,0.9638649741,3,2,28,40
1.0,241,86232.63,76175.06,0.0,4,2,16,12
1.0,300,0.0,48514.91,0.8185570244,4,2,16,18
94.0,240,8286.19,8486.92,0.0236516899,3,2,62,2
1.0,360,0.0,276990.22,1.0,5,2,9,2
24.98,228,12607.12,16695.79,0.8781471257,3,4,39,38
3.0,236,21262.15,9851.6,0.9483099192,3,2,28,40
0.0,300,57763.96,48853.79,1.0,4,2,12,26
1.0,312,0.0,129511.75,1.0,5,2,17,1
1.0,300,0.0,67493.3,1.0,4,2,13,1
0.0,360,0.0,135908.45,1.0,5,2,21,3
24.98,240,53526.9,49788.79,0.0,4,2,21,8
2.0,360,151455.41,168072.03,0.0988660636,5,2,14,12
13.0,240,25367.37,26628.83,0.977113527,3,4,13,46
64.0,232,16312.3,19316.45,0.9116623396,3,2,24,59
3.0,236,4118.06,5942.17,0.8516030339,3,4,27,55
0.0,240,0.0,36313.18,1.0,1,2,124,7
1.0,240,23872.88,26908.0,0.1127961944,3,4,46,11
4.0,320,0.0,73204.89,1.0,5,2,26,7
2.0,234,9793.75,11175.05,0.1236057109,3,2,64,17
11.0,240,0.0,199277.0,1.0,5,2,24,1
8.0,300,0.0,63797.2,1.0,4,2,19,4
0.0,300,69485.76,65225.3,0.0,4,2,7,10
49.0,300,50910.53,50123.28,0.0,4,2,13,2
24.98,236,10042.38,8889.98,0.0,3,2,24,20
65.0,360,0.0,89396.85,1.0,5,2,18,1
24.98,360,0.0,131345.4,1.0,4,2,7,4
11.0,240,0.0,62112.78,1.0,5,2,45,3
1.0,240,0.0,19072.35,0.9001086939,4,2,32,28
1.0,236,19371.79,15769.96,0.9614951465,3,2,11,49
54.0,240,76036.18,74088.24,0.0,4,2,27,5
3.0,240,97266.35,84771.86,1.0,5,2,30,25
24.98,230,10496.91,11653.71,0.9214233064,3,4,38,46
2.0,224,15057.99,17840.36,0.912173297,3,2,17,55
6.0,300,27378.71,27767.3,0.0139945187,4,2,16,4
90.0,180,82201.01,83681.62,0.0,5,2,9,1
1.0,240,10527.25,11529.4,0.0869212622,3,2,41,13
12.0,240,0.0,132351.08,1.0,4,2,15,1
24.98,240,111362.69,99389.55,0.0,5,2,15,10
94.0,300,0.0,62105.26,1.0,4,2,18,1
22.0,300,0.0,75382.77,1.0,4,2,18,1
1.0,119,33997.76,20052.35,0.8401687342,5,2,24,41
37.0,200,9041.36,10630.64,0.886980464,3,4,21,58
4.0,230,20374.86,22011.42,0.913373149,3,2,28,31
24.98,36,0.0,3367.8,1.0,5,2,30,6
1.0,240,0.0,38374.88,1.0,5,2,26,6
1.0,360,109471.23,113660.2,0.0368552053,5,2,25,2
94.0,204,61988.3,49054.33,0.0,4,3,43,22
24.98,204,43052.73,46534.82,0.0,4,3,39,19
5.0,240,74914.59,81336.24,0.0,5,2,9,15
24.98,240,93422.91,85310.35,0.0,5,2,9,8
1.0,240,113707.02,73372.6,1.0,4,2,23,41
1.0,300,0.0,53004.12,1.0,4,2,9,2
1.0,180,57155.12,48450.36,0.0,5,2,48,14
0.0,240,43287.87,42053.56,0.0,4,2,20,5
8.0,360,145431.71,158058.71,0.0798880365,5,2,17,4
37.0,240,10819.84,12036.4,0.8744134459,3,2,22,34
9.0,240,104619.17,102945.62,0.0,5,2,15,20
0.0,300,0.0,88451.67,1.0,4,2,12,2
70.0,180,76285.08,81160.91,0.0,5,2,40,1
24.98,122,85187.73,47227.03,0.9543816441,5,2,22,38
2.0,300,0.0,38549.21,0.777060828,5,2,15,9
3.0,360,0.0,158109.8,1.0,5,2,17,3
1.0,236,21249.77,9812.01,0.9831583947,3,2,28,40
15.0,240,0.0,54279.43,1.0,4,2,30,2
1.0,236,14661.55,9913.63,0.9771990684,3,2,28,40
24.0,360,0.0,83322.45,1.0,5,2,12,1
1.0,300,45016.02,42916.34,0.0,4,2,12,9
1.0,240,22308.51,18717.96,0.0,5,2,17,14
1.0,236,18863.73,15377.74,0.9703922683,3,2,11,49
25.0,236,21260.47,9732.05,0.9803402161,3,2,28,40
0.0,240,9125.68,8008.35,1.0,3,4,19,34
40.0,225,11346.02,11548.76,0.0,3,2,50,18
22.0,224,14961.61,17840.36,0.8907589309,3,2,17,55
1.0,240,90990.29,78285.32,0.0,5,2,27,12
22.0,240,42024.97,41600.65,0.0,4,2,31,2
5.0,300,0.0,53712.27,1.0,4,2,27,3
0.0,300,0.0,73474.04,1.0,5,2,24,14
96.0,240,15830.39,18413.0,0.8910704394,3,2,36,49
1.0,143,43594.4,53942.56,0.1918366499,5,2,43,5
17.0,222,15437.62,16444.06,0.0612038633,3,2,72,2
24.98,204,69685.65,80050.33,0.0,5,2,18,11
4.0,240,26221.57,26505.92,0.9650078171,3,4,26,32
65.0,240,0.0,73827.04,1.0,5,2,47,2
4.0,300,0.0,59554.97,1.0,4,2,18,6
96.0,300,0.0,83512.59,1.0,4,2,28,5
56.0,240,0.0,44553.33,0.8545425189,4,2,10,40
93.0,240,25212.68,27878.45,0.0,3,4,39,20
5.0,240,20754.74,18071.14,0.9733912747,3,4,23,39
24.98,227,73037.16,70453.41,0.0,4,2,23,3
1.0,240,10249.71,12081.4,0.9675625341,3,2,21,34
2.0,300,0.0,40477.35,1.0,4,2,24,5
24.98,240,47294.53,56618.09,0.7585893686,4,2,28,27
1.0,222,11444.87,4340.68,0.894585641,3,2,14,51
24.98,240,45791.93,47527.8,0.0,4,2,36,13
69.0,360,0.0,155781.0,1.0,5,2,18,4
24.98,300,46665.67,46061.41,0.0,4,2,8,3
18.0,300,50783.26,51472.59,0.0,4,2,17,17
36.0,240,0.0,260684.34,1.0,5,2,42,1
23.0,218,32352.6,15792.89,0.891283356,3,4,22,43
13.0,240,44081.07,48503.79,0.7842911261,5,2,24,45
24.98,240,50815.97,46650.97,0.0,5,2,22,7
1.0,240,255153.27,172796.86,1.0,5,2,40,29
1.0,120,0.0,18956.92,1.0,5,2,49,1
17.0,240,0.0,10531.97,1.0,4,2,29,1
5.0,222,13116.06,7120.66,0.9315625237,3,2,41,30
68.0,218,33472.7,17827.17,0.9033570668,3,4,24,40
24.98,130,68685.58,57531.04,0.0,5,2,7,14
24.98,240,21194.86,30179.21,0.0,4,2,35,20
24.98,300,0.0,69280.48,1.0,4,2,11,2
24.98,240,122159.88,119240.0,0.0,5,2,21,2
42.0,240,51623.86,52718.34,0.0,1,2,97,1
1.0,231,7856.29,9196.75,0.145753663,3,2,55,23
5.0,240,256408.01,278906.65,0.080667277,5,2,20,3
7.0,300,0.0,96190.43,1.0,5,2,11,3
0.0,240,0.0,130619.28,1.0,5,2,18,26
18.0,300,0.0,59752.16,1.0,4,2,22,10
26.0,240,55189.44,73406.63,0.6933089762,4,2,12,45
2.0,240,0.0,144335.9,0.0,5,2,24,11
1.0,300,0.0,42328.72,1.0,4,2,26,8
7.0,240,19221.72,19926.32,0.963988333,3,2,19,42
1.0,300,0.0,18790.68,1.0,4,2,15,25
24.98,300,63381.17,61227.92,0.0,4,2,8,6
1.0,360,70634.71,122607.22,1.0,5,2,13,25
1.0,360,112633.85,91502.2,0.0,5,2,20,19
53.0,240,0.0,71444.55,1.0,5,2,48,7
24.98,240,18991.21,19846.68,0.0431039348,3,2,40,4
24.98,240,41635.38,40966.37,0.0,5,2,25,2
1.0,240,0.0,87074.79,1.0,5,2,25,11
1.0,360,0.0,93018.87,1.0,5,2,7,5
1.0,119,108818.2,79745.5,0.0,5,2,19,24
1.0,360,0.0,42833.16,1.0,5,2,13,14
1.0,320,0.0,60387.8,1.0,5,2,32,5
92.0,300,0.0,61554.94,1.0,4,2,14,1
76.0,224,14956.45,17852.06,0.9099112371,3,2,17,55
77.0,300,0.0,41488.8,1.0,4,2,21,1
1.0,240,192785.4,183283.68,0.0,5,2,28,13
44.0,240,28562.68,15920.52,0.9612380751,3,2,34,29
4.0,240,96464.72,93719.74,0.0,5,2,12,9
24.98,240,88929.0,74132.17,0.0,5,2,23,15
24.98,240,84059.93,88021.42,0.0,5,2,14,14
2.0,240,19707.91,21451.54,0.0,3,2,45,12
24.98,300,0.0,44895.3,1.0,4,2,11,4
0.0,240,142263.88,131402.57,0.0,5,2,37,7
1.0,240,0.0,37478.7,1.0,4,2,69,10
7.0,240,0.0,37888.75,1.0,4,2,15,1
1.0,300,0.0,68307.52,1.0,4,2,25,3
1.0,240,0.0,51027.57,1.0,5,2,68,4
24.98,120,3998.79,46209.84,0.5381757702,5,2,28,32
95.0,360,0.0,34397.01,1.0,5,2,18,3
24.98,360,82011.38,81397.31,0.0,5,2,20,1
1.0,240,0.0,46439.7,0.877068443,5,2,21,4
1.0,240,0.0,31692.17,0.6910908052,5,2,35,23
94.0,180,37984.92,38386.84,0.0,1,2,54,2
94.0,232,15191.91,18065.79,0.9111431053,3,2,24,59
1.0,300,0.0,16098.25,1.0,4,2,27,7
1.0,300,0.0,51868.16,1.0,4,2,18,8
1.0,240,0.0,81572.57,1.0,5,2,38,5
94.0,225,19560.93,14709.13,0.933132687,3,4,22,26
1.0,224,14435.25,17828.0,0.8790010096,3,2,40,36
18.0,100,66480.43,65496.47,0.0,5,2,12,6
1.0,300,212537.46,178264.26,0.0,5,2,14,16
1.0,235,8552.62,11572.38,1.0,3,2,28,58
94.0,230,20377.3,22001.8,0.8993845958,3,2,28,31
1.0,240,0.0,49078.98,1.0,5,2,54,4
94.0,144,2307.03,5086.23,0.7790524613,3,4,33,45
5.0,240,87409.4,87461.77,0.0,4,2,35,1
8.0,240,0.0,182244.4,1.0,5,2,14,6
94.0,360,121103.32,143223.47,0.0,4,2,10,13
1.0,360,0.0,50945.33,0.8763343898,5,2,14,6
4.0,240,20642.93,22499.2,0.0825038224,3,2,45,11
1.0,234,14892.43,14856.44,0.9831191052,3,2,32,48
24.98,240,88236.87,97121.19,0.0,5,2,25,3
7.0,360,0.0,60732.42,1.0,5,2,24,7
1.0,240,0.0,100410.29,1.0,5,2,51,0
94.0,240,8747.68,10829.79,0.9001818133,3,4,30,25
24.98,240,36335.61,35303.19,0.0,4,2,10,4
1.0,240,99445.94,98740.27,0.0,5,2,22,3
24.98,240,36973.0,36400.51,0.0,4,2,14,5
24.98,180,94347.85,93752.11,0.0,1,2,8,1
24.98,240,17455.86,38883.26,0.4524883505,5,2,13,7
26.0,230,13653.05,15970.85,0.9050238403,3,2,23,53
65.0,240,0.0,98457.09,0.670377414,5,2,25,12
12.0,240,0.0,160644.28,0.697346367,5,2,30,3
1.0,180,0.0,95526.59,1.0,5,2,13,4
2.0,120,0.0,45322.18,1.0,1,2,10,3
1.0,222,13542.93,12717.01,0.9473728494,3,4,30,53
1.0,360,0.0,102580.69,1.0,5,2,15,17
24.98,240,26098.84,12013.01,0.9494797723,3,4,7,55
28.0,360,0.0,143825.13,1.0,5,2,9,3
1.0,236,14670.06,9817.17,0.9839098233,3,2,28,40
1.0,300,97167.73,83044.36,0.0,5,2,20,16
2.0,120,12773.9,12558.08,0.0,5,2,40,1
24.98,240,36938.97,35199.53,0.0,4,2,11,6
94.0,230,7419.46,11425.6,0.894296142,3,4,19,61
8.0,240,26316.66,26466.03,0.9794196561,3,4,22,33
21.0,300,0.0,68807.7,1.0,4,2,20,1
24.98,240,77325.34,86028.45,0.8705208918,5,2,21,32
1.0,230,11434.96,11653.71,0.0,3,4,38,11
1.0,360,520970.53,485943.6,0.0,5,2,22,6
24.98,240,62366.38,105823.43,0.7019331938,5,2,18,32
82.0,204,97694.48,105089.97,0.0,5,2,36,15
2.0,240,19221.72,19760.01,0.977427643,3,2,24,37
0.0,240,144188.23,137718.57,0.0,5,2,37,10
1.0,240,26238.24,26338.61,1.0,3,4,29,30
17.0,240,32235.48,31506.84,0.0,5,2,15,3
1.0,240,0.0,43882.71,0.841813311,4,2,10,23
1.0,300,0.0,71608.89,1.0,4,2,12,3
5.0,300,0.0,62405.41,1.0,4,2,15,4
1.0,236,21249.77,9913.64,0.9423289528,3,2,28,40
24.98,60,12264.72,17776.83,0.0455641526,5,2,29,5
34.0,300,0.0,51908.49,1.0,4,2,16,14
0.0,240,133614.61,96230.59,1.0,4,2,18,32
1.0,240,20396.96,21849.47,0.0664780427,3,2,42,16
1.0,240,0.0,75515.93,1.0,5,2,23,7
1.0,174,25828.03,120353.78,0.9363747833,5,2,24,48
2.0,360,0.0,91774.25,1.0,5,2,15,2
68.0,218,33500.31,17724.5,0.9266659144,3,4,24,40
0.0,300,0.0,92247.68,1.0,4,2,13,18
1.0,240,45752.36,48705.12,0.0606252484,4,2,29,1
70.0,240,0.0,50132.3,1.0,4,2,52,4
89.0,230,13650.78,15975.48,0.925901444,3,2,23,53
24.98,240,47890.71,53990.39,0.1129771428,5,2,53,3
1.0,240,0.0,66270.98,0.717966335,1,2,7,16
0.0,240,0.0,172857.49,0.7921395739,5,2,11,12
5.0,240,88619.12,91152.13,0.0,4,2,14,18
23.0,240,0.0,53535.52,1.0,4,2,15,1
32.0,234,19867.83,23076.94,0.9487133043,3,4,26,33
94.0,240,21781.12,26477.23,0.7113703756,1,2,82,31
1.0,300,0.0,43859.5,1.0,4,2,15,2
26.0,300,28058.58,26229.9,0.0,4,2,24,16
1.0,240,0.0,26599.93,1.0,4,2,26,9
1.0,240,10002.11,11020.76,0.0924301046,3,2,44,13
1.0,156,0.0,42290.33,0.0,5,2,51,24
24.98,120,20701.19,20512.28,0.0,5,2,37,1
53.0,236,17271.53,15972.81,0.9288885299,3,2,24,41
24.98,240,9068.14,92731.86,0.7437291114,5,2,32,12
24.98,300,68257.73,64997.61,0.0,4,2,17,7
24.98,240,96311.94,81055.32,0.0,5,2,25,15
5.0,360,0.0,171268.45,0.0,5,2,14,10
4.0,240,0.0,41615.99,0.6900302076,5,2,39,18
1.0,236,9404.15,10705.82,0.1215852686,3,4,52,14
1.0,240,20755.33,20946.65,0.0091336801,3,4,39,23
24.98,300,82575.11,79343.72,0.0,4,2,11,7
0.0,228,13213.6,12070.36,0.9831106943,3,2,23,39
94.0,236,13141.12,14188.64,0.9524387115,3,2,11,57
1.0,220,17072.48,11441.53,0.9238598334,3,4,18,61
24.98,240,145064.53,128284.81,0.0,5,2,19,10
24.98,120,21573.29,21026.45,0.0,5,2,14,1
24.98,240,58806.86,71990.59,0.7152379114,1,2,80,32
2.0,240,0.0,42501.77,1.0,4,2,13,7
1.0,240,42616.38,47417.48,0.773089986,4,2,13,31
24.98,168,31402.07,43053.95,0.0,2,2,84,14
26.0,240,63029.65,63315.38,0.0045128056,5,2,22,10
31.0,300,0.0,60769.21,1.0,4,2,29,1
1.0,300,55141.29,55849.51,0.0126808633,4,2,23,13
11.0,180,0.0,129381.47,1.0,5,2,23,4
5.0,204,49973.25,47918.29,0.0,4,3,39,9
4.0,240,19806.84,21199.15,0.0656776333,3,2,52,7
1.0,120,156433.46,121838.2,0.0,1,2,10,15
1.0,300,0.0,57252.16,1.0,4,2,18,3
24.98,300,0.0,52506.39,1.0,4,2,9,6
11.0,240,0.0,128796.0,1.0,5,2,26,1
6.0,90,62381.33,77423.24,0.1942815878,5,2,16,10
1.0,300,0.0,54281.49,1.0,4,2,17,18
24.98,240,21108.78,20778.96,0.0,4,2,26,2
1.0,230,7788.13,9386.2,0.8511623447,3,2,34,33
94.0,180,51492.99,52692.73,0.0,4,2,8,7
94.0,236,8301.36,19301.88,0.9217029636,3,2,14,65
65.0,360,77017.89,72706.24,0.0,5,2,18,6
33.0,240,0.0,54940.16,0.0,5,2,16,17
1.0,300,59106.22,56383.24,0.0,4,2,7,4
94.0,240,18574.75,14495.09,0.8621622908,3,4,20,37
2.0,300,0.0,33777.84,1.0,4,2,13,13
1.0,240,0.0,77269.97,1.0,4,2,18,5
1.0,240,0.0,44685.47,0.8344661682,4,2,40,7
2.0,240,73418.99,72340.75,0.0,5,2,28,6
60.0,180,0.0,44534.77,0.7040037675,5,2,14,31
11.0,300,0.0,68793.47,1.0,4,2,33,12
1.0,202,147864.92,115680.35,0.0,5,2,37,17
6.0,240,0.0,53403.58,1.0,4,2,23,1
56.0,216,15187.64,20208.07,0.8979076181,3,4,10,44
1.0,300,0.0,55976.23,1.0,4,2,13,3
44.0,240,28559.9,4362.46,0.9209666106,3,2,7,56
2.0,236,16103.56,19633.43,0.9092237067,3,2,14,60
1.0,240,10577.16,11786.07,0.0,3,2,38,17
56.0,300,0.0,38111.76,1.0,4,2,26,2
1.0,360,111571.35,111917.3,0.0030911217,5,2,12,1
1.0,240,93570.25,60135.97,0.8819657045,5,2,10,51
24.98,360,261323.3,261630.96,0.0011759312,5,2,13,0
1.0,300,0.0,68943.19,1.0,4,2,16,7
1.0,240,0.0,71393.89,1.0,5,2,35,15
24.98,240,21491.41,22483.48,0.0441243971,4,2,16,4
24.98,240,87110.68,94579.13,0.0789650952,5,2,27,6
60.0,300,0.0,56582.4,1.0,4,2,11,1
24.98,240,33553.34,31509.59,0.0,4,2,13,22
2.0,218,33698.35,17724.5,0.9266659144,3,4,24,40
45.0,204,103253.12,107286.07,0.8154307714,5,2,7,26
4.0,240,0.0,118772.2,1.0,5,2,27,1
94.0,234,19199.08,23250.98,0.9718876366,3,4,20,46
24.98,200,106142.7,104386.48,0.0,1,2,48,1
1.0,96,0.0,80563.98,0.6364495582,5,2,22,33
0.0,300,0.0,53915.26,0.7305453109,5,2,11,12
1.0,204,0.0,38554.97,0.9127373663,5,2,24,2
24.98,240,35271.56,35612.39,0.0095705455,3,4,39,1
24.98,240,20693.74,19535.86,0.0,4,2,9,11
0.0,240,57062.31,57202.78,0.0024556499,4,2,16,1
0.0,240,0.0,90728.47,0.8456421134,5,2,18,1
54.0,240,78664.04,79074.06,0.0051852656,5,2,47,2
3.0,300,0.0,35744.32,1.0,4,2,30,5
24.98,144,55757.02,64827.0,0.1399105311,5,2,36,8
1.0,234,21347.91,15213.05,0.9800151843,3,2,18,40
0.0,240,118917.61,100455.99,0.0,5,2,19,16
0.0,230,20374.99,22001.8,0.9956485378,3,2,28,31
24.98,240,141364.94,112196.14,0.0,5,2,14,18
9.0,240,10532.35,11678.68,0.0981557847,3,2,38,18
1.0,228,15337.37,20082.32,0.9847736716,3,2,25,52
1.0,230,7548.65,11425.59,0.9061448905,3,4,19,61
94.0,240,87545.33,100127.35,0.0,5,2,31,7
26.0,360,155422.98,157157.03,0.0110338685,5,2,8,2
56.0,240,28325.14,28011.83,0.0,4,2,20,4
47.0,240,17112.89,17193.28,0.0,4,2,25,0
2.0,240,0.0,130114.1,1.0,5,2,49,1
32.0,300,0.0,53408.65,1.0,4,2,40,4
96.0,240,0.0,363002.93,1.0,5,2,34,0
11.0,300,64263.8,63070.03,0.0,4,2,15,4
32.0,360,0.0,63585.47,1.0,5,2,16,1
1.0,240,10239.8,11428.49,0.1040111161,3,2,37,18
2.0,300,64176.19,61142.82,0.0,4,2,12,9
3.0,240,87536.53,105635.32,0.0,5,2,18,23
26.0,240,10220.42,11821.92,0.8844773099,3,2,23,31
44.0,240,0.0,93780.75,0.7247522785,5,2,22,3
59.0,240,0.0,66642.4,1.0,5,2,37,2
0.0,300,0.0,68077.89,1.0,4,2,18,5
1.0,240,21170.0,29063.83,0.9517568744,3,4,16,40
1.0,240,21076.71,19721.72,0.0,5,2,33,5
6.0,360,0.0,79585.64,1.0,5,2,18,7
0.0,180,34079.7,29891.1,0.0,5,2,42,10
52.0,240,97783.71,95215.26,0.0,5,2,18,2
24.98,240,16033.76,16098.41,0.0040159246,4,2,48,3
2.0,240,10526.4,11778.69,0.1063182748,3,2,33,21
68.0,218,32656.63,15682.19,0.9199971433,3,4,22,43
24.98,300,23260.3,24484.23,0.0499885028,4,2,11,1
9.0,300,0.0,67568.04,1.0,4,2,25,5
94.0,236,21282.2,13213.84,0.9406622148,3,2,7,66
15.0,360,0.0,143064.06,1.0,5,2,8,4
24.98,120,64834.36,66872.4,0.0304765494,5,2,12,7
1.0,300,0.0,27786.13,1.0,4,2,32,3
5.0,240,0.0,59354.26,1.0,4,2,33,6
1.0,240,61851.7,53665.61,0.8540296228,4,2,9,32
0.0,180,0.0,192467.14,1.0,5,2,30,13
66.0,180,0.0,68069.55,1.0,4,2,31,0
4.0,120,0.0,63423.04,1.0,5,2,20,4
9.0,350,0.0,47552.26,0.7837061025,5,2,19,1
4.0,230,8256.86,9612.49,0.9035879361,3,2,28,52
52.0,300,0.0,68977.59,1.0,4,2,11,2
32.0,290,0.0,135754.75,1.0,5,2,35,2
24.98,240,53955.27,61274.99,0.0,4,2,29,15
68.0,218,33690.11,17724.5,0.9266659144,3,4,24,40
1.0,309,257431.54,234730.33,0.0,5,2,8,7
1.0,240,46931.06,128309.44,0.7291626499,5,2,14,43
13.0,232,15412.64,9580.12,0.9411479188,3,2,27,36
2.0,300,0.0,58784.14,1.0,4,2,18,1
1.0,300,56116.97,47878.53,0.993222418,4,2,12,26
46.0,240,70816.75,67959.52,0.0,5,2,13,6
24.98,240,124809.08,105170.16,0.0,5,2,14,15
89.0,240,71560.74,70227.42,0.0,1,2,94,2
94.0,240,11109.42,11445.97,0.9345926994,3,2,25,29
1.0,300,0.0,29336.54,1.0,4,2,37,3
0.0,240,0.0,20819.16,0.7802040416,4,2,17,12
94.0,230,11483.46,13864.65,0.9078418857,3,4,33,29
2.0,204,0.0,23758.24,0.7007786993,5,2,42,27
24.98,120,68321.06,65050.34,0.0,5,2,8,3
5.0,218,33503.89,17827.17,0.9033570668,3,4,24,40
56.0,229,15652.0,18678.39,0.9248918135,3,2,23,60
24.98,240,156245.09,139613.3,0.0,5,2,34,9
1.0,236,20737.43,21688.82,1.0,3,4,21,43
0.0,60,104063.28,80135.02,0.0,1,2,28,10
94.0,240,19803.41,10438.54,0.0,3,4,15,21
24.98,204,13570.2,12474.0,0.0,4,3,17,20
1.0,234,11640.37,15635.91,0.2555361344,3,4,57,15
1.0,360,43863.8,44350.43,0.0109723852,5,2,21,8
1.0,235,102395.75,94463.91,0.0,5,2,32,16
1.0,240,0.0,42323.38,1.0,4,2,31,4
35.0,240,0.0,50910.27,1.0,1,2,118,4
1.0,180,152031.03,100443.71,1.0,5,2,31,34
1.0,222,15439.11,17664.88,0.1259997237,3,2,57,17
0.0,360,0.0,62306.61,1.0,5,2,19,12
1.0,300,0.0,22300.78,1.0,4,2,14,18
1.0,236,16430.9,19925.0,0.9081074028,3,2,29,37
2.0,300,0.0,57583.44,1.0,4,2,9,5
9.0,300,16930.89,16420.15,1.0,4,2,23,26
4.0,240,10481.31,11412.94,0.0816292734,3,2,37,16
94.0,300,0.0,65457.27,0.0,4,2,8,10
96.0,236,3698.02,4513.15,0.8610283283,3,4,16,62
2.0,360,73648.1,77121.27,0.0450351764,5,2,13,2
1.0,240,20753.82,18078.96,0.9853990495,3,4,23,39
26.0,300,0.0,40005.49,1.0,4,2,24,4
65.0,300,0.0,60349.44,1.0,4,2,23,1
24.98,240,63027.23,56658.69,0.0,5,2,15,10
89.0,240,54385.41,55546.34,0.0,5,2,28,2
1.0,240,0.0,54869.23,0.6420011065,5,2,34,1
1.0,216,18656.79,18841.46,0.9930849308,3,4,16,36
8.0,360,0.0,29838.38,1.0,5,2,31,9
24.98,204,16013.89,14594.0,0.0,4,3,16,11
67.0,318,187759.03,186390.82,0.0,5,2,21,2
38.0,240,28164.77,31530.28,0.0,4,2,22,10
1.0,240,9125.68,8015.11,1.0,3,4,19,34
23.0,218,33419.59,17708.46,0.9303637922,3,4,24,40
24.98,240,80524.52,71180.07,0.0,4,2,28,12
0.0,318,0.0,114243.19,1.0,5,2,22,6
1.0,218,28572.15,26097.9,0.9891516176,3,2,45,30
1.0,240,26229.81,26519.27,1.0,3,4,20,38
70.0,240,27413.98,36106.76,0.2407521472,4,2,14,9
24.98,240,103449.79,91409.91,0.0,5,2,13,4
12.0,240,0.0,112014.42,1.0,5,2,24,2
1.0,240,0.0,95767.35,1.0,5,2,34,1
94.0,240,82565.31,80810.83,0.0,5,2,13,6
83.0,180,120436.79,121398.02,0.0,5,2,25,3
24.98,300,0.0,51455.3,1.0,4,2,8,10
24.98,240,29427.32,28481.21,0.0,4,2,29,5
1.0,360,125855.07,121611.36,0.0,5,2,29,3
9.0,240,205964.71,216279.46,0.0476917688,5,2,36,7
61.0,360,110048.44,120520.42,0.086889674,5,2,17,5
60.0,180,0.0,33259.95,1.0,5,2,64,1
8.0,240,10162.83,11987.43,0.9154939799,3,2,19,35
1.0,300,0.0,37190.36,1.0,4,2,22,3
3.0,240,64844.66,71181.98,0.0,5,2,36,12
2.0,168,5149.08,10477.51,0.5913393339,2,2,71,50
24.98,240,21096.22,20549.54,0.0,3,2,30,14
94.0,236,18396.86,17154.71,0.9256583177,3,2,24,41
1.0,300,7232.02,37525.86,0.8072790337,4,2,31,9
53.0,300,0.0,54329.03,1.0,4,2,28,8
1.0,180,338567.09,221419.19,1.0,5,2,15,32
5.0,180,0.0,54590.65,1.0,5,2,40,7
37.0,240,84481.67,87825.89,0.0,5,2,10,16
1.0,240,0.0,246298.24,1.0,5,2,45,3
44.0,240,0.0,96916.59,1.0,5,2,32,3
71.0,320,0.0,104129.09,1.0,5,2,17,3
1.0,360,0.0,58362.57,1.0,5,2,17,2
1.0,232,15189.29,18071.38,0.9179315581,3,2,24,59
30.0,360,0.0,72220.07,0.0,5,2,9,21
1.0,240,79345.17,80695.06,0.0167282855,5,2,24,3
3.0,360,0.0,117334.75,1.0,5,2,16,1
96.0,240,22118.75,22976.19,0.0,4,2,7,8
56.0,300,0.0,46602.91,1.0,4,2,7,19
1.0,300,88913.25,84431.82,0.0,4,2,10,10
24.98,240,74529.97,82321.0,0.0946420719,5,2,26,1
1.0,204,21551.55,21932.47,0.0,4,3,42,2
94.0,236,3544.88,5747.53,0.8862728859,3,4,29,53
32.0,300,0.0,72117.81,1.0,4,2,15,4
1.0,235,13081.03,13295.76,0.9702476579,3,2,13,62
1.0,236,19707.03,19234.25,0.9497724112,3,2,16,57
24.98,180,117013.67,107304.05,0.0,5,2,18,5
94.0,240,88611.21,85805.76,0.0,5,2,47,2
1.0,240,105287.74,69740.99,0.9712249187,4,2,10,40
94.0,229,15057.23,17821.77,0.9150370586,3,2,25,58
2.0,225,11346.01,11600.45,0.0219336319,3,2,46,22
94.0,240,19588.5,19815.85,0.0,4,2,18,1
1.0,240,69998.13,77224.35,0.0935743713,5,2,37,14
2.0,300,0.0,79391.04,1.0,4,2,33,2
8.0,360,0.0,52547.37,0.7092525661,5,2,22,5
1.0,240,10578.62,11705.81,0.0962932082,3,2,38,17
24.98,240,36961.7,40002.56,0.0,4,2,23,11
53.0,300,0.0,89012.53,1.0,4,2,10,2
10.0,240,0.0,37560.85,0.8525969856,4,2,7,10
1.0,300,121668.78,117814.71,0.0,4,2,16,4
94.0,224,15026.82,17852.06,0.8979529533,3,2,17,55
3.0,360,0.0,105194.41,1.0,5,2,30,0
17.0,240,0.0,19071.39,1.0,4,2,38,6
85.0,240,43241.53,41671.67,0.0,5,2,34,3
5.0,180,0.0,43524.62,1.0,5,2,47,1
18.0,300,48866.25,43766.12,0.0,4,2,15,21
1.0,236,21260.47,10945.94,0.0,3,2,52,16
94.0,230,13652.88,15965.84,0.9132641941,3,2,23,53
3.0,190,0.0,174330.84,1.0,5,2,40,2
24.98,222,26683.79,5971.0,0.0,3,2,22,21
1.0,120,43756.26,50801.0,0.1386732545,4,2,27,5
64.0,230,8251.55,9657.11,0.9053702402,3,2,28,52
2.0,240,35408.1,34573.65,0.0,4,2,54,2
17.0,299,0.0,39099.73,1.0,4,2,33,1
13.0,300,0.0,54963.29,1.0,4,2,7,5
24.98,240,90423.29,99947.02,0.6854169413,5,2,32,26
24.98,240,38351.51,35547.59,0.0,4,2,38,10
24.98,360,37928.86,42211.04,0.10144692,4,2,20,9
0.0,120,0.0,86867.2,0.425507692,5,2,39,10
4.0,240,97687.6,98518.32,0.0,4,2,30,1
40.0,240,15522.85,15681.23,0.0,4,2,31,1
94.0,240,8445.88,12817.45,0.0739068267,4,2,55,2
1.0,240,0.0,58117.5,1.0,5,2,49,3
20.0,240,26318.38,25949.78,0.9693072542,3,4,18,46
5.0,228,20656.25,22917.06,0.098651834,3,2,43,15
24.98,360,372971.91,363520.01,0.0,5,2,7,2
2.0,240,0.0,66770.56,1.0,5,2,33,4
23.0,300,0.0,39538.03,1.0,4,2,20,5
83.0,180,54282.71,26506.88,0.0,4,3,7,11
1.0,240,0.0,317174.39,1.0,5,2,20,0
1.0,240,0.0,56801.76,1.0,5,2,44,14
24.98,222,26660.87,4368.95,0.9387664622,3,2,7,36
3.0,360,0.0,152157.36,1.0,5,2,20,3
9.0,300,81767.6,81283.18,0.0,4,2,23,0
94.0,240,19695.74,24046.04,0.8667327344,3,2,18,41
4.0,240,0.0,216116.11,1.0,5,2,27,0
24.98,360,0.0,242574.46,1.0,5,2,10,7
2.0,240,0.0,50255.81,1.0,5,2,32,7
4.0,230,7419.41,11432.39,0.9237692206,3,4,19,61
0.0,240,132671.8,117478.08,0.0,5,2,15,12
2.0,180,0.0,57433.9,1.0,1,2,74,5
15.0,240,66837.79,67850.32,0.0,5,2,23,2
1.0,231,7861.28,8679.74,0.0942954512,3,2,69,9
4.0,240,0.0,54291.0,1.0,4,2,36,1
24.98,180,102893.54,101349.83,0.0,5,2,29,1
0.0,360,218819.29,190887.89,0.0,5,2,13,12
24.98,240,30290.81,27208.47,0.0,5,2,35,9
24.98,240,80550.48,89649.6,0.0,4,2,21,9
70.0,204,43248.87,42911.99,0.0,4,3,51,3
8.0,240,51313.33,51821.44,0.0,4,2,17,4
1.0,234,7452.99,8657.73,0.1391519486,3,2,63,22
94.0,228,8079.38,10983.19,0.8822436833,3,4,43,27
24.98,240,26319.92,25950.37,0.9646498297,3,4,18,43
0.0,119,15642.44,17265.08,0.7308216169,5,2,21,28
2.0,180,0.0,151058.94,0.6877550834,5,2,25,2
8.0,204,0.0,11714.06,0.0,4,2,43,15
3.0,240,0.0,86791.04,1.0,5,2,20,1
2.0,240,0.0,137825.51,1.0,5,2,8,1
24.98,240,45546.58,45057.42,0.0,4,2,22,1
24.98,240,95457.35,95157.25,0.0,5,2,45,1
3.0,300,48475.83,52232.47,0.0719215461,4,2,29,7
6.0,240,0.0,30491.62,1.0,1,2,82,8
1.0,240,0.0,199142.39,0.7656623678,5,2,31,1
1.0,240,0.0,118249.69,1.0,5,2,31,12
76.0,360,0.0,58755.56,1.0,5,2,37,1
61.0,335,49479.5,51752.49,0.0439203988,4,2,20,1
52.0,240,80751.55,82928.56,0.0,4,2,30,1
44.0,240,0.0,40791.85,1.0,5,2,65,5
1.0,260,222728.46,223284.49,0.0024902312,4,2,14,2
24.98,360,111497.26,106009.88,0.0,5,2,8,5
0.0,360,151101.5,132181.32,0.0,5,2,10,14
70.0,230,7788.06,9785.99,0.8805690584,3,2,18,49
1.0,240,79878.77,57712.11,0.7655910678,4,2,22,64
26.0,230,60066.57,62082.0,0.0,4,2,44,2
24.98,240,37886.78,36243.23,0.0,4,2,35,5
24.98,120,10950.86,15091.16,0.0,1,2,36,12
52.0,240,30619.89,30507.39,0.0,5,2,35,1
24.98,240,63744.37,60224.29,0.0,5,2,7,5
56.0,229,15163.51,18102.58,0.954260111,3,2,23,60
76.0,240,10238.07,11184.63,0.0,3,2,39,16
24.98,180,22624.11,28371.25,0.0,5,2,33,21
24.98,234,21334.98,15390.34,0.9518262754,3,2,18,40
4.0,228,16171.08,18948.8,0.8916569915,3,2,39,32
96.0,300,0.0,83106.11,1.0,4,2,29,4
94.0,180,4891.34,15144.59,0.7385787388,1,2,37,43
9.0,240,110241.39,134695.37,0.0,5,2,35,23
3.0,360,41495.71,39888.41,0.0,5,2,21,1
68.0,204,21224.8,21213.26,0.0,5,2,52,2
25.0,240,0.0,93857.11,1.0,4,2,36,2
24.98,204,39374.24,44647.34,0.0,4,3,61,5
0.0,300,64623.85,61573.1,0.0,4,2,28,9
1.0,222,8034.6,7672.62,1.0,3,2,39,30
2.0,300,0.0,60114.28,1.0,4,2,32,5
24.98,96,3359.98,25066.16,0.0,2,2,76,17
10.0,360,0.0,135096.3,1.0,5,2,24,3
1.0,223,12697.03,7680.86,1.0,3,2,39,30
2.0,300,156420.15,158902.06,0.0,5,2,20,1
1.0,240,9119.95,8053.15,1.0,3,4,19,34
44.0,236,18396.86,17154.53,0.9454855365,3,2,24,41
18.0,300,0.0,42586.08,1.0,4,2,17,1
94.0,240,19809.29,10114.78,0.0,3,4,15,21
4.0,240,10516.45,8966.55,0.0,3,4,35,18
1.0,240,0.0,271937.68,1.0,5,2,14,3
4.0,194,10345.49,10685.43,0.0318134132,4,3,64,2
67.0,180,93449.4,115055.32,0.0,5,2,28,24
90.0,240,42412.38,39338.01,0.0,5,2,36,23
24.98,360,0.0,95613.3,1.0,4,2,13,1
13.0,240,0.0,32045.63,0.767386828,4,2,26,8
5.0,204,21459.83,26698.85,0.1962264292,4,3,65,11
24.98,240,71004.73,69370.97,0.0,1,2,18,1
13.0,300,37080.42,36946.63,0.0,4,2,18,3
12.0,240,0.0,150969.78,1.0,5,2,10,1
1.0,360,84038.72,82962.6,0.0,5,2,16,1
25.0,240,36927.62,37530.24,0.0,5,2,20,1
70.0,300,0.0,63650.94,1.0,4,2,19,2
1.0,236,14260.36,14422.82,0.9992948674,3,2,42,41
4.0,240,26318.38,26579.75,0.0098334258,3,4,51,13
91.0,240,28560.5,4360.59,0.939047239,3,2,9,54
6.0,300,0.0,58625.68,1.0,4,2,29,3
8.0,236,14260.38,14994.05,0.0489307425,3,2,77,6
1.0,240,0.0,43338.56,0.8388870078,5,2,9,33
37.0,240,35363.3,40404.05,0.0,4,2,22,19
1.0,240,26234.42,26482.8,0.0093789176,3,4,44,18
4.0,232,8996.74,18060.11,0.9508829127,3,2,24,59
94.0,224,14923.81,17891.19,0.8953456981,3,2,17,55
1.0,300,0.0,35647.5,1.0,4,2,22,1
24.98,240,5399.8,71427.42,0.0,5,2,10,14
5.0,300,0.0,69075.99,1.0,4,2,16,7
0.0,300,0.0,69283.16,1.0,4,2,8,19
4.0,300,70151.73,64761.37,0.0,5,2,12,8
0.0,300,0.0,54138.19,1.0,4,2,19,5
90.0,218,28327.01,24273.25,0.0,3,4,39,17
30.0,300,29857.38,28449.92,0.0,4,2,20,9
1.0,240,40540.18,37944.87,0.0,5,2,8,13
94.0,224,14956.45,17840.36,0.8947644554,3,2,17,55
1.0,236,9493.28,9652.77,1.0,3,2,21,65
4.0,293,0.0,87229.31,1.0,5,2,20,2
1.0,300,0.0,111273.66,1.0,5,2,34,1
64.0,240,40453.38,41742.17,0.0,4,2,10,21
1.0,300,0.0,88896.29,1.0,4,2,22,16
96.0,240,71001.02,73403.36,0.0,5,2,29,5
60.0,300,44681.68,45475.28,0.0,4,2,17,1
38.0,240,19221.67,19924.3,0.0352649779,3,2,53,8
1.0,240,0.0,30174.36,1.0,4,2,30,2
1.0,240,10527.25,11180.27,0.0584082495,3,2,41,13
5.0,180,0.0,111965.16,0.246960805,5,2,51,14
80.0,240,64601.04,68437.62,0.0,5,2,9,11
1.0,240,36433.92,33240.47,0.0,4,2,26,14
24.98,240,51699.24,47957.43,0.0,4,2,18,8
1.0,234,9792.86,12079.76,1.0,3,2,46,35
26.0,230,10496.9,11698.44,0.9144697926,3,4,38,46
53.0,60,9840.08,10786.89,0.0,1,2,28,3
86.0,240,31583.45,30447.96,0.0,5,2,63,3
44.0,240,0.0,65744.0,1.0,5,2,49,1
0.0,240,0.0,118492.66,1.0,5,2,30,8
24.98,360,0.0,153357.4,1.0,5,2,10,5
7.0,240,0.0,39636.77,0.7794408198,5,2,19,13
1.0,240,80440.32,57820.07,1.0,5,2,40,26
24.98,300,0.0,41471.73,1.0,4,2,12,4
5.0,300,0.0,62136.38,1.0,4,2,14,4
86.0,240,86427.29,88440.75,0.0,5,2,10,1
56.0,232,16208.64,19316.35,0.9230874363,3,2,24,59
24.98,180,65122.36,67197.48,0.0,5,2,32,4
24.98,180,52018.71,59614.65,0.1274173379,5,2,41,3
24.98,360,84016.42,91320.11,0.0799789882,5,2,7,6
13.0,240,24167.21,26701.75,0.0949203704,3,4,48,9
8.0,300,0.0,43621.9,1.0,4,2,34,2
25.0,240,0.0,33674.73,1.0,4,2,55,2
56.0,232,16013.24,19043.97,0.9074210892,3,2,24,59
24.98,304,0.0,107662.62,1.0,5,2,9,3
24.98,228,30439.76,30119.26,0.0,4,2,30,1
24.98,240,248436.63,280752.04,0.0,5,2,13,8
24.98,240,103339.78,94396.76,0.0,5,2,7,8
24.98,240,118908.66,115064.66,0.0,5,2,25,2
26.0,300,53727.18,53654.72,0.0,4,2,18,3
94.0,240,34219.98,35295.99,0.8405448362,4,2,7,37
18.0,203,0.0,81551.75,1.0,5,2,13,16
21.0,240,109052.68,90314.62,0.0,5,2,18,21
1.0,240,0.0,42679.87,1.0,4,2,14,23
24.98,240,31385.23,36143.85,0.0,4,2,35,20
13.0,300,0.0,88453.78,1.0,4,2,24,5
24.98,204,12502.38,12306.73,0.0,4,3,35,2
24.98,204,13020.61,12103.96,0.0,4,3,24,13
0.0,300,0.0,55708.21,1.0,4,2,16,1
94.0,240,11051.22,11489.16,0.9199689098,3,2,25,30
8.0,225,11341.18,11568.33,0.0,3,2,46,22
24.98,180,297662.6,246098.04,0.0,1,2,26,13
24.98,234,21348.08,15211.13,0.9803249331,3,2,18,40
14.0,360,0.0,106599.28,0.6711279779,5,2,10,7
24.98,222,26666.4,4365.33,0.9384864775,3,2,7,36
24.98,232,116477.99,105430.04,0.0,1,2,47,8
3.0,300,0.0,73276.72,1.0,5,2,26,4
4.0,234,11788.52,13673.66,0.8792093704,3,2,47,27
24.98,360,103321.07,103688.54,0.0035439789,5,2,21,3
0.0,240,122722.49,106016.53,0.0,5,2,23,14
9.0,360,0.0,136648.45,1.0,5,2,18,1
1.0,236,10503.86,11495.5,0.9947918751,3,4,34,32
0.0,240,26316.65,26459.78,1.0,3,4,22,33
1.0,236,21249.77,10939.28,0.0,3,2,50,18
6.0,240,0.0,25415.23,1.0,4,2,37,10
13.0,120,0.0,219073.78,1.0,5,2,17,1
42.0,240,57880.34,65239.84,0.0,5,2,19,11
91.0,240,119670.88,114951.54,0.0,5,2,16,10
93.0,218,28235.61,24357.05,0.0,3,4,39,17
45.0,240,18116.86,17937.59,0.0,4,2,37,1
1.0,360,0.0,112235.67,1.0,5,2,13,3
13.0,240,25370.69,26628.83,0.9754814613,3,4,13,46
2.0,240,39450.77,44871.32,0.120802107,5,2,34,13
5.0,300,0.0,37662.24,1.0,4,2,22,2
0.0,180,0.0,63514.82,1.0,5,2,44,13
94.0,224,14956.45,17840.36,0.9155543946,3,2,17,55
1.0,300,0.0,47923.89,1.0,4,2,14,2
23.0,218,33500.36,17724.5,0.9266659144,3,4,24,40
0.0,240,0.0,21160.3,0.7990474241,4,2,12,0
24.98,360,183753.4,177164.23,0.0,5,2,32,3
1.0,240,0.0,31518.15,1.0,4,2,21,9
94.0,230,8725.2,9612.49,0.8951010612,3,2,28,42
24.98,180,50477.61,55990.94,0.0,5,2,15,23
41.0,240,19221.72,19915.49,0.9664592737,3,2,19,42
11.0,300,57815.97,62276.46,0.0716240133,4,2,18,10
2.0,240,0.0,26616.75,1.0,4,2,31,1
9.0,235,6090.39,8779.09,0.881230287,3,4,33,36
17.0,240,0.0,32463.48,0.7582589951,1,2,106,28
0.0,119,0.0,80907.08,1.0,5,2,30,2
1.0,300,0.0,78488.44,1.0,4,2,18,3
0.0,360,0.0,219293.7,1.0,5,2,13,11
9.0,240,0.0,95230.06,1.0,5,2,49,3
2.0,180,84336.76,76875.48,0.0,4,2,35,13
1.0,300,0.0,67730.97,1.0,4,2,13,18
3.0,240,0.0,34255.93,1.0,4,2,55,2
9.0,240,48364.07,46611.51,0.0,4,2,26,9
0.0,300,74235.47,71111.09,0.0,4,2,20,8
1.0,236,21265.39,22942.22,1.0,3,4,37,29
44.0,240,28525.33,4562.23,0.8003257179,3,2,7,56
5.0,120,66934.02,68872.92,0.0,5,2,37,1
24.98,180,152713.68,143831.16,0.0,5,2,22,5
24.98,240,47863.63,47253.93,0.0,4,2,34,1
24.98,240,53332.58,54051.3,0.0,4,2,34,7
24.98,214,53827.74,50452.27,0.0,5,2,15,5
94.0,230,13653.03,15965.84,0.9195056446,3,2,23,53
1.0,360,0.0,83015.87,1.0,5,2,25,3
13.0,180,57875.67,57614.16,0.0,5,2,31,1
24.98,240,43628.08,50941.73,0.0,5,2,42,15
94.0,230,20375.0,22268.3,0.8913630587,3,2,28,31
12.0,240,0.0,118761.73,1.0,5,2,36,2
52.0,240,119178.46,95912.07,0.0,5,2,25,21
34.0,300,0.0,85075.59,1.0,4,2,11,1
26.0,300,101258.03,102628.92,0.0133577358,5,2,24,2
70.0,230,20372.5,21995.84,0.9206277187,3,2,28,31
1.0,225,16828.89,19434.57,0.9096095257,3,2,28,52
11.0,255,0.0,141069.17,0.7554939117,5,2,13,18
1.0,180,128179.5,89703.49,0.8218278482,5,2,12,41
1.0,120,0.0,42274.42,1.0,5,2,57,14
1.0,235,8931.11,11607.59,1.0,3,2,38,48
79.0,240,91564.65,88507.32,0.0,5,2,23,5
1.0,300,0.0,84562.1,1.0,4,2,20,3
65.0,180,0.0,38196.37,1.0,4,2,39,1
11.0,360,67369.22,66369.77,0.0,5,2,21,2
6.0,300,0.0,56915.97,1.0,4,2,24,1
2.0,240,19221.72,19786.38,0.0,3,2,40,21
9.0,180,0.0,10702.97,1.0,4,2,62,7
22.0,234,11789.62,12857.66,0.0830664367,3,2,65,9
2.0,300,0.0,45028.02,1.0,4,2,15,1
70.0,229,15036.54,18177.76,0.9440706666,3,2,23,60
24.98,204,84655.42,66976.16,1.0,5,2,16,37
24.98,240,6750.85,6666.99,0.0,4,2,63,2
2.0,300,37258.35,86334.27,0.5684407826,4,2,21,13
24.98,240,44910.15,44459.88,0.0,4,2,34,1
2.0,240,18211.81,18657.35,0.9637204641,3,2,20,35
96.0,300,0.0,64083.92,1.0,4,2,16,1
1.0,300,59599.78,53524.27,0.9588255401,4,2,14,27
14.0,360,0.0,138837.98,1.0,5,2,10,9
1.0,240,0.0,31283.19,0.917084793,4,2,12,9
2.0,240,0.0,73932.22,1.0,4,2,19,5
24.98,204,17197.68,14655.0,0.0,4,3,16,20
1.0,240,26316.66,26516.36,0.0075311996,3,4,32,23
1.0,180,72333.23,77322.75,0.629889508,5,2,15,45
24.98,240,80909.65,77498.21,0.0,5,2,10,4
94.0,236,19053.66,17847.82,0.9142231376,3,2,24,41
90.0,275,33602.12,33228.17,0.0,4,2,7,11
24.98,218,12312.56,9484.36,0.9472246941,3,4,17,32
2.0,300,0.0,61704.05,1.0,4,2,10,13
1.0,240,148499.11,94405.8,0.9882585368,1,2,42,31
1.0,240,0.0,46810.64,1.0,5,2,46,12
83.0,300,11231.82,66165.56,0.0,4,2,8,20
24.98,240,75840.49,72564.99,0.0,5,2,39,4
13.0,300,0.0,45696.82,1.0,4,2,9,2
25.0,240,15356.1,15926.75,0.0,4,2,14,4
1.0,300,0.0,82904.16,1.0,4,2,12,1
0.0,120,0.0,48507.48,0.5975026346,5,2,19,22
24.98,240,46441.97,51204.38,0.0,5,2,15,7
24.98,240,58534.4,57534.14,0.0,5,2,7,1
1.0,240,77724.24,80339.23,0.0,5,2,7,2
1.0,240,0.0,60366.31,1.0,5,2,36,9
1.0,360,147070.05,144806.22,0.0,5,2,15,1
76.0,240,9908.22,10291.65,0.0,4,2,38,2
90.0,240,16092.18,18675.69,0.9048704492,3,2,33,52
41.0,360,106172.7,108784.3,0.0,5,2,16,1
1.0,236,21262.15,9851.59,0.979768748,3,2,28,40
5.0,360,0.0,121479.84,1.0,5,2,38,0
2.0,236,9493.28,9618.62,0.0130309753,3,2,77,9
9.0,240,19221.72,19667.74,0.9524770004,3,2,30,31
94.0,236,9347.57,10964.99,0.893617778,3,4,7,64
1.0,300,0.0,41469.34,1.0,4,2,22,8
2.0,60,7789.16,11893.9,0.3451130411,1,2,45,2
1.0,240,12515.58,14515.54,0.9493577228,3,2,31,29
24.98,180,55432.53,42058.78,0.0,5,2,17,21
1.0,236,21223.83,10965.4,0.0,3,2,45,23
7.0,240,19124.35,19898.68,0.9690768433,3,2,19,42
5.0,300,0.0,48637.46,1.0,4,2,29,1
24.98,240,60781.23,59477.88,0.0,5,2,25,2
94.0,240,0.0,23435.48,1.0,5,2,47,1
8.0,240,35528.98,34874.17,0.0,3,4,44,11
24.98,360,122533.83,105158.07,0.0,5,2,23,13
2.0,360,0.0,101551.52,0.7820937356,5,2,14,5
1.0,240,234451.29,192168.83,0.8380778225,5,2,10,26
1.0,240,26316.66,26479.88,0.990675562,3,4,24,31
0.0,240,114790.09,101909.21,0.0,5,2,20,16
1.0,240,0.0,143492.05,1.0,5,2,19,2
0.0,240,0.0,58855.58,1.0,5,2,22,21
24.98,300,70437.0,66577.31,0.0,4,2,7,9
1.0,180,0.0,60638.21,0.8149576203,5,2,9,7
44.0,360,102742.59,98953.72,0.0,5,2,24,5
1.0,200,9287.03,10623.44,0.8685623489,3,4,21,58
24.98,240,69486.09,68105.32,0.0,5,2,18,2
80.0,300,43301.13,46998.88,0.0,4,2,23,10
0.0,240,85769.83,69568.02,0.0,1,2,44,14
24.98,180,0.0,83868.47,1.0,1,2,11,3
24.98,240,79607.77,61976.78,0.0,1,2,87,22
24.98,236,9992.68,8857.55,0.0,3,2,24,20
24.98,240,94749.13,60146.03,1.0,5,2,7,38
1.0,223,12685.39,7733.5,1.0,3,2,39,30
1.0,228,13211.32,12086.15,0.0,3,2,41,21
24.98,204,67978.25,70347.41,0.0,4,3,31,7
1.0,180,30710.99,28044.69,0.0,4,2,18,13
90.0,300,72450.79,75495.38,0.0,4,2,10,4
1.0,360,0.0,70077.54,1.0,5,2,15,17
2.0,240,34382.31,35117.85,0.0,4,2,29,0
14.0,149,0.0,90634.01,1.0,5,2,32,10
32.0,300,0.0,121655.17,1.0,5,2,18,7
0.0,234,14892.43,14794.02,0.9733831643,3,2,32,48
1.0,300,103034.21,90633.16,0.0,4,2,11,19
94.0,240,11109.42,11445.97,0.929680927,3,2,25,29
5.0,240,100065.85,99750.44,0.0,5,2,19,3
9.0,360,0.0,189890.98,1.0,5,2,13,10
24.98,360,238515.11,231906.22,0.0,5,2,9,3
4.0,240,10109.43,10821.07,0.0657642913,3,2,49,7
24.98,300,35332.17,34097.42,0.0,4,2,10,7
24.98,240,67626.2,66966.09,0.0,5,2,33,5
24.98,240,66265.71,55580.36,0.8990763287,4,2,20,27
4.0,240,10502.54,9055.74,0.0,3,4,35,18
2.0,300,0.0,77238.28,1.0,4,2,16,3
2.0,240,19221.72,19951.55,0.9593605509,3,2,19,42
90.0,300,66460.66,68425.07,0.0,4,2,16,3
2.0,300,78078.7,76497.79,0.0,4,2,14,4
0.0,360,77501.96,67668.82,0.0,5,2,9,14
24.98,240,136375.29,127140.06,0.0,5,2,38,6
94.0,240,11896.75,12827.99,0.0,3,4,28,24
15.0,360,0.0,156609.46,1.0,5,2,14,1
0.0,240,16716.21,32622.89,0.8104746191,4,2,11,36
7.0,240,10220.42,11855.4,0.8798766807,3,2,23,31
7.0,300,0.0,115577.08,1.0,5,2,30,2
1.0,360,125389.52,127366.15,0.0,5,2,12,2
10.0,240,75465.56,84578.2,0.1077421842,5,2,36,4
24.98,360,0.0,205165.83,1.0,5,2,7,6
24.98,240,55823.67,50979.61,0.0,5,2,9,15
90.0,221,26177.03,20060.46,0.9375542734,3,4,31,33
1.0,240,19710.87,21967.29,0.1027172674,3,2,39,18
1.0,300,0.0,97944.72,1.0,4,2,14,7
1.0,240,55603.19,56665.95,0.0187548254,5,2,55,1
8.0,240,25491.86,26327.16,0.0,5,2,23,3
91.0,240,20752.31,20940.31,0.0089778996,3,4,56,6
0.0,300,0.0,55489.36,1.0,4,2,26,8
90.0,221,26175.36,20060.46,0.942898119,3,4,31,33
0.0,300,0.0,117155.62,1.0,5,2,21,3
24.98,222,13455.71,4872.86,0.9734734837,3,2,27,40
55.0,235,13081.03,13235.65,0.9555110629,3,2,18,57
1.0,200,125587.06,114474.05,0.0,5,2,29,16
24.98,240,45013.19,51577.99,0.0,5,2,31,22
5.0,300,0.0,87014.71,1.0,5,2,14,6
60.0,240,0.0,27714.84,1.0,4,2,37,19
1.0,300,74259.21,62531.35,1.0,4,2,8,26
3.0,300,0.0,64042.47,1.0,4,2,10,15
4.0,360,0.0,73391.62,1.0,5,2,18,1
94.0,236,18396.87,17154.71,0.9274986287,3,2,24,41
24.98,180,9020.3,89416.93,0.6376813183,5,2,26,19
17.0,240,118253.48,129776.64,0.0887922511,5,2,15,2
1.0,180,0.0,57501.34,1.0,5,2,13,2
0.0,240,241713.12,155798.64,0.9381874738,5,2,13,34
24.98,240,169821.12,143812.4,0.0,5,2,9,15
24.98,240,93761.86,95236.26,0.0154814983,1,2,42,1
14.0,180,66502.33,64580.78,0.8497109819,5,2,34,26
41.0,240,40163.89,40492.57,0.0,5,2,39,13
24.98,240,53135.87,46481.75,0.0,4,2,20,24
24.98,240,18209.88,18664.98,0.9771336481,3,2,20,35
94.0,216,8330.73,10586.27,0.8846883747,3,4,15,49
1.0,300,0.0,63814.98,1.0,4,2,14,3
68.0,218,32816.4,15691.5,0.9175419813,3,4,22,43
1.0,236,21262.15,10892.44,0.9480437808,3,2,38,30
4.0,300,0.0,104664.83,1.0,5,2,44,1
10.0,240,0.0,34297.66,1.0,4,2,33,4
2.0,300,0.0,87835.31,1.0,4,2,19,2
1.0,240,20754.74,18087.18,0.9873180894,3,4,23,39
5.0,300,0.0,58283.33,1.0,4,2,13,2
24.98,180,30333.48,28409.56,0.0,5,2,32,6
0.0,300,0.0,74220.9,1.0,4,2,10,1
95.0,240,49924.11,50288.15,0.0,4,2,15,1
1.0,236,14260.36,14387.64,0.9957004762,3,2,30,53
24.98,240,75767.67,74462.94,0.0,5,2,19,1
24.98,240,97973.95,108467.12,0.0,5,2,12,10
93.0,191,16401.68,58789.77,0.7028171909,4,2,52,31
24.98,252,45338.52,47174.76,0.0389242044,4,2,17,4
26.0,300,80633.83,74413.72,0.0,4,2,15,13
1.0,204,0.0,70703.18,0.8971296862,4,3,24,1
5.0,300,0.0,39151.42,0.8624810906,4,2,9,32
65.0,300,0.0,63225.05,1.0,4,2,30,4
89.0,300,0.0,65765.68,1.0,4,2,30,2
2.0,240,0.0,18031.8,1.0,5,2,9,9
1.0,240,0.0,88725.5,1.0,5,2,32,3
91.0,240,70877.95,71876.32,0.0,4,2,27,1
24.98,240,78611.26,101778.29,0.0950974214,5,2,19,8
5.0,360,0.0,63052.95,1.0,5,2,14,6
18.0,360,66118.29,65249.39,0.0,5,2,11,2
1.0,240,0.0,33240.47,1.0,4,2,26,13
82.0,360,0.0,279444.16,1.0,5,2,23,1
24.98,300,0.0,92404.65,1.0,4,2,11,3
2.0,300,24561.23,23806.52,0.0,4,2,11,21
44.0,236,16604.0,23662.61,0.9090552564,3,4,23,43
1.0,240,36537.13,32648.44,0.0,5,2,36,17
1.0,240,10009.05,11453.21,1.0,3,2,33,25
4.0,240,10516.42,8971.62,0.0,3,4,35,18
3.0,360,0.0,54737.71,1.0,4,2,16,1
85.0,204,47604.27,49316.19,0.0347131439,5,2,16,3
1.0,240,0.0,33203.08,1.0,4,2,40,7
24.98,240,42110.92,123254.47,0.7509311275,5,2,14,39
96.0,230,20375.0,22268.3,0.8908412407,3,2,28,31
1.0,180,12502.51,34896.83,0.7252359909,5,2,30,38
2.0,240,85603.69,86138.18,0.0,5,2,8,3
24.98,360,251684.43,244840.17,0.0,5,2,9,2
24.98,184,32316.81,30176.9,0.0,5,2,10,5
90.0,240,43547.29,44258.67,0.0,5,2,18,2
1.0,240,10146.34,11304.05,0.1024155059,3,2,40,14
0.0,360,0.0,126898.52,1.0,5,2,18,16
91.0,180,128448.98,173704.95,0.6282013439,5,2,20,32
24.98,232,15424.69,12548.9,0.9773565811,3,2,31,32
3.0,300,0.0,46826.67,1.0,4,2,24,1
0.0,180,0.0,2327.77,1.0,5,2,57,2
71.0,236,8280.03,12123.79,0.901459857,3,4,14,48
94.0,216,9827.6,13521.62,0.8692131564,3,4,20,35
24.98,240,106583.66,100751.89,0.0,5,2,30,5
4.0,144,0.0,160812.72,0.6142634837,5,2,9,1
23.0,240,0.0,152255.78,1.0,5,2,32,2
22.0,240,45725.85,48031.09,0.0,4,2,19,15
3.0,300,0.0,59648.62,1.0,4,2,12,6
1.0,240,39285.39,33069.3,0.0,4,2,9,22
94.0,221,33287.42,30985.31,0.0,3,4,47,11
45.0,240,0.0,12474.15,1.0,4,2,51,3
5.0,240,0.0,29130.14,0.6712355488,5,2,33,24
3.0,300,0.0,50587.84,1.0,4,2,20,1
1.0,240,0.0,44760.74,1.0,4,2,24,2
0.0,240,305254.86,265026.36,0.0,5,2,11,12
10.0,300,0.0,52596.48,1.0,4,2,46,3
94.0,225,19560.93,14972.75,0.9010188509,3,4,22,26
94.0,230,11483.43,13830.43,0.9103889033,3,4,33,29
2.0,300,51704.48,50091.04,0.0,4,2,11,14
90.0,218,28329.83,24258.46,0.0,3,4,39,17
4.0,234,11788.52,14455.46,0.8988001765,3,2,38,36
31.0,240,19695.13,22832.25,0.919544066,3,2,32,27
24.98,200,12634.93,14403.71,1.0,3,4,41,38
9.0,60,5769.33,17943.5,0.6784724273,4,2,35,14
1.0,336,376073.86,366677.97,0.0,5,2,27,2
0.0,132,0.0,20613.98,0.532956345,5,2,15,16
2.0,356,0.0,91009.94,1.0,5,2,38,7
1.0,240,78738.34,79128.57,0.7322199791,5,2,12,31
0.0,300,0.0,88627.14,1.0,4,2,12,8
24.98,204,20500.83,19928.97,0.0,4,2,26,2
24.98,360,234472.37,220116.69,0.0,5,2,17,5
1.0,240,43903.18,71627.85,0.7443937664,1,2,77,59
24.98,218,14774.92,9484.36,0.9381771675,3,4,17,32
0.0,120,216670.99,156322.1,0.0,1,2,7,17
56.0,300,0.0,69184.49,1.0,4,2,25,1
24.98,220,47839.37,47672.43,0.0,5,2,21,24
9.0,300,0.0,102548.81,1.0,5,2,16,7
1.0,300,0.0,54328.52,1.0,4,2,20,4
24.98,240,26129.14,25488.5,0.0,4,2,19,4
24.98,180,154566.02,169867.64,0.0900796644,5,2,35,2
26.0,224,15053.75,17840.36,0.9446675964,3,2,17,55
2.0,240,40421.66,42401.09,0.0,5,2,33,4
68.0,240,10532.35,11322.47,0.06978336,3,2,49,7
1.0,300,0.0,62398.56,1.0,4,2,18,5
1.0,120,0.0,46140.27,1.0,5,2,23,1
0.0,150,103730.73,110187.76,0.0586002474,5,2,32,7
29.0,300,0.0,58774.5,1.0,4,2,30,3
0.0,360,118111.16,102522.27,0.0,5,2,14,14
8.0,300,0.0,64291.28,1.0,4,2,26,2
2.0,300,0.0,29897.51,1.0,4,2,26,5
24.98,240,35628.17,35582.09,0.0,3,4,39,1
24.98,227,40797.88,40029.03,0.0,5,2,26,2
94.0,240,71987.3,54175.28,0.7692432966,4,2,14,26
1.0,240,0.0,125412.83,1.0,5,2,13,20
24.98,240,64799.31,81663.49,0.0,1,2,24,24
1.0,345,88969.29,87085.59,0.0,5,2,7,3
93.0,200,9221.1,10623.44,0.8794222964,3,4,21,58
68.0,218,33419.58,17708.46,0.9303637922,3,4,24,40
24.98,222,11455.23,4309.11,0.934058309,3,2,18,47
4.0,234,14892.43,14795.58,0.9540984537,3,2,32,48
2.0,180,55238.59,65664.7,0.0,4,2,14,19
1.0,300,0.0,130047.51,1.0,4,2,21,4
59.0,224,14923.82,17852.06,0.8984705407,3,2,17,55
5.0,360,146172.56,148722.51,0.0171456896,5,2,10,23
0.0,180,123732.06,65978.53,1.0,1,2,29,41
1.0,240,0.0,109051.38,1.0,5,2,71,1
89.0,300,0.0,39512.8,1.0,4,2,34,4
18.0,180,44345.51,44827.81,0.0,5,2,21,2
1.0,236,3480.36,4955.55,0.0,3,4,54,21
1.0,222,12697.03,7680.89,1.0,3,2,39,30
2.0,240,0.0,87730.7,1.0,5,2,51,0
14.0,360,0.0,70563.77,1.0,5,2,10,3
12.0,360,172038.01,158417.56,0.0,5,2,23,8
1.0,240,0.0,49633.45,1.0,5,2,15,2
40.0,328,89087.11,90083.61,0.0,5,2,15,1
96.0,240,0.0,35804.22,1.0,4,2,52,0
1.0,300,78057.45,77013.3,0.0,4,2,7,2
96.0,60,91.27,35213.92,0.0,5,2,30,40
1.0,239,0.0,109597.23,0.8167293253,1,2,49,3
23.0,218,33416.11,17708.46,0.9303637922,3,4,24,40
94.0,230,20374.99,22027.0,0.9025827394,3,2,28,31
5.0,360,0.0,208610.15,1.0,5,2,32,5
64.0,240,19221.73,19701.8,0.9289917672,3,2,34,27
24.98,240,128608.65,123523.71,0.0,5,2,10,4
24.98,240,46544.51,46062.61,0.8038133351,5,2,22,25
24.98,240,67363.69,75035.99,0.7498048384,5,2,36,31
3.0,240,0.0,88331.78,1.0,5,2,28,1
24.98,123,68215.24,86078.8,0.0,5,2,18,24
41.0,240,47631.88,48349.08,0.0,5,2,30,4
96.0,360,0.0,45633.01,1.0,5,2,34,7
1.0,304,0.0,56810.2,1.0,5,2,16,5
24.98,360,0.0,204972.29,1.0,5,2,8,0
1.0,360,219584.22,200318.04,0.0,5,2,16,18
24.98,240,20431.09,19701.33,0.0,3,2,27,16
28.0,240,0.0,107557.98,1.0,5,2,59,4
26.0,240,0.0,38979.75,1.0,4,2,47,15
24.98,228,28707.72,26910.77,0.0,3,4,41,18
1.0,240,51014.56,38388.5,0.0,5,2,40,24
64.0,230,10496.91,11645.76,0.9218324953,3,4,38,46
94.0,236,19371.79,15729.04,0.96323679,3,2,11,49
68.0,205,28528.59,28675.71,0.0,1,2,53,23
38.0,240,0.0,38864.27,0.6974259294,5,2,32,2
16.0,360,203748.86,196405.23,0.0,5,2,15,3
7.0,240,153414.92,165675.45,1.0,5,2,16,27
24.98,300,98870.88,89695.46,0.0,5,2,9,10
1.0,300,0.0,40713.41,1.0,4,2,16,5
24.98,240,39316.25,31017.2,1.0,1,2,54,25
96.0,204,13792.63,17551.05,0.7782780943,4,3,29,41
40.0,225,11346.02,11502.96,0.0,3,2,46,22
83.0,240,31272.98,25524.84,1.0,4,2,34,31
24.98,240,61248.78,67956.38,0.0,5,2,38,11
5.0,360,0.0,137398.66,1.0,5,2,10,16
44.0,240,47269.54,47066.85,0.0,4,2,14,3
1.0,222,13550.35,12643.91,0.9616060222,3,4,30,53
90.0,221,26175.88,20060.46,0.9412949653,3,4,31,33
94.0,240,29463.11,28776.89,0.0,4,2,29,4
6.0,300,0.0,51693.99,1.0,4,2,33,5
1.0,240,54636.57,52164.45,0.0,4,2,59,4
1.0,233,21358.94,23038.43,0.9852724339,3,4,35,25
0.0,204,0.0,36608.4,0.7196255283,5,2,17,18
56.0,240,17390.1,20202.18,0.8793803441,3,2,33,28
24.98,240,69950.14,68044.57,0.0,5,2,21,2
1.0,240,10009.05,11099.1,0.0982106657,3,2,36,22
34.0,240,42199.8,41560.72,0.0,4,2,27,6
24.98,240,88835.69,69331.33,0.0,4,2,25,24
24.98,360,0.0,76097.6,1.0,4,2,13,5
6.0,360,0.0,46210.23,1.0,5,2,35,1
24.98,360,0.0,519031.18,1.0,5,2,11,6
1.0,240,0.0,168430.93,0.8919419233,5,2,10,3
11.0,350,0.0,140470.94,1.0,5,2,30,1
24.98,360,0.0,132039.14,1.0,5,2,9,0
19.0,360,0.0,107588.91,1.0,4,2,18,5
1.0,360,0.0,238986.01,1.0,5,2,12,3
2.0,300,0.0,42979.17,1.0,4,2,17,11
4.0,240,20396.96,21890.03,0.068207764,3,2,46,12
6.0,360,247610.66,216479.94,0.0,5,2,8,11
1.0,144,3225.21,4050.29,0.2037088702,3,4,68,10
94.0,240,43543.25,43423.39,0.0,4,2,28,2
96.0,180,48971.53,51965.74,0.0,4,3,17,13
1.0,223,12685.39,7733.48,1.0,3,2,39,30
0.0,240,190229.78,169474.72,0.6716070757,5,2,16,43
1.0,236,21249.77,9911.48,0.9794430297,3,2,28,40
1.0,360,132641.4,122753.71,0.0,5,2,11,7
8.0,300,0.0,88270.07,1.0,4,2,11,2
8.0,300,64433.62,61690.76,0.0,4,2,9,7
16.0,240,18753.19,19544.75,0.0404998785,4,2,40,1
1.0,240,0.0,63972.14,0.84091395,5,2,8,8
13.0,360,0.0,87289.15,1.0,5,2,22,1
94.0,236,16601.45,23684.68,0.8900445351,3,4,21,45
24.98,240,47564.44,77300.14,0.0,5,2,15,20
24.98,72,0.0,10164.55,0.0229669117,1,2,43,1
24.98,240,109191.15,117332.04,0.06938335,5,2,25,2
24.98,240,26318.36,26373.86,0.9494347813,3,4,18,46
24.98,240,35630.63,35611.55,0.0,3,4,39,1
1.0,240,0.0,30456.86,1.0,4,2,27,2
1.0,204,27392.02,27208.4,0.0,4,3,59,3
10.0,240,63761.91,62922.1,0.0,5,2,21,2
24.98,300,0.0,69528.62,1.0,4,2,12,1
18.0,300,0.0,41588.5,1.0,4,2,15,1
1.0,240,113204.72,77839.38,0.979308052,5,2,19,33
23.0,300,47257.08,46831.68,0.0,4,2,19,2
24.98,180,45656.53,60786.97,0.6561513253,5,2,10,31
1.0,222,7641.54,5537.83,0.9282733489,3,2,17,55
96.0,230,11483.46,13863.91,0.9180995837,3,4,33,29
1.0,223,12697.03,7680.9,1.0,3,2,39,30
68.0,218,33386.51,17771.17,0.9160511097,3,4,24,40
0.0,200,13872.29,10623.44,0.9537692122,3,4,21,58
65.0,300,0.0,25234.14,1.0,4,2,27,4
24.98,240,73070.05,85711.4,0.0,4,2,29,19
6.0,300,0.0,65053.72,1.0,4,2,14,10
1.0,360,0.0,82946.75,1.0,5,2,13,1
93.0,240,20754.74,18087.18,0.9732711235,3,4,23,39
8.0,239,0.0,55996.85,0.7213798114,4,2,60,14
3.0,144,2254.96,5332.39,0.8067489437,3,4,24,54
6.0,240,0.0,26240.31,1.0,4,2,26,6
96.0,360,0.0,84851.84,1.0,5,2,33,4
24.98,150,145079.06,125363.62,0.0,5,2,9,10
4.0,240,60060.92,64722.98,0.0,1,2,71,13
13.0,236,20283.49,19189.29,0.9369955845,3,2,16,55
4.0,225,16828.9,19407.58,0.9078102473,3,2,28,52
0.0,360,96073.05,90677.0,0.0,5,2,14,6
94.0,190,59349.5,58761.93,0.0,5,2,8,5
1.0,300,58027.2,55148.52,0.0,4,2,7,7
0.0,240,56259.91,133486.52,1.0,1,2,25,53
1.0,222,11455.64,4282.77,0.9206728356,3,2,12,53
11.0,240,75836.2,70338.21,0.0,5,2,15,10
94.0,240,10162.3,11922.98,0.8814272942,3,2,23,31
81.0,221,26177.03,20060.46,0.9375542734,3,4,31,33
24.98,72,85277.69,133676.13,0.4408973034,1,2,31,32
1.0,236,16918.89,15663.96,0.9251734555,3,2,24,41
2.0,240,0.0,85168.82,0.7052336908,5,2,35,28
6.0,240,62245.5,71032.35,0.743156464,4,2,24,39
1.0,240,24289.9,24999.27,0.0283756286,4,2,15,23
0.0,300,49487.25,43750.2,0.0,4,2,14,18
24.98,360,0.0,355535.24,1.0,5,2,10,2
24.98,240,61780.17,53149.46,0.0,4,2,16,20
4.0,360,0.0,76813.57,1.0,5,2,15,1
40.0,360,75417.73,73979.86,0.0,5,2,16,4
32.0,204,63946.74,63844.75,0.0,5,2,20,4
24.98,240,88904.39,84061.26,0.0,5,2,26,3
0.0,240,0.0,85250.51,0.8983993597,5,2,9,3
24.98,240,89806.45,93173.63,0.0,5,2,13,12
24.98,240,19883.88,19882.89,0.0,4,2,20,7
1.0,204,0.0,49169.4,1.0,5,2,65,2
1.0,222,11450.79,4282.75,0.9128994221,3,2,12,53
24.98,180,70364.65,88535.84,0.6747168632,5,2,27,28
23.0,218,33419.58,17708.46,0.9303637922,3,4,24,40
96.0,240,63717.48,66575.02,0.0,5,2,16,1
24.98,230,11483.41,13831.62,0.9141575607,3,4,33,29
24.98,142,0.0,42636.94,1.0,1,2,14,1
5.0,216,6290.49,8262.64,0.9712960991,3,4,13,40
24.98,222,11455.64,4301.37,0.9301803844,3,2,18,47
2.0,240,0.0,34739.05,1.0,4,2,46,6
93.0,230,20375.01,22011.42,0.9112288076,3,2,28,31
4.0,360,0.0,128395.57,1.0,5,2,26,3
2.0,240,186093.69,182415.15,0.0,5,2,39,1
24.98,360,141195.8,137807.47,0.0,5,2,13,3
24.98,240,17920.54,18801.3,0.0468456968,5,2,25,9
6.0,300,0.0,61611.87,0.7545805633,4,2,21,10
76.0,240,35959.48,36868.7,0.0,4,2,28,3
24.98,360,67715.25,73891.26,0.0835824156,5,2,14,5
59.0,300,46067.48,45758.16,0.0,4,2,10,1
94.0,180,84225.39,92221.43,0.0,5,2,36,6
94.0,240,21508.28,88909.54,0.6971200724,1,2,28,56
1.0,236,21260.47,9801.46,0.9886669945,3,2,28,40
0.0,300,0.0,69458.08,1.0,4,2,8,5
1.0,300,0.0,59295.72,1.0,4,2,21,7
24.98,240,78657.06,88542.56,0.0,5,2,20,6
0.0,233,22409.35,23970.52,1.0,3,4,33,27
1.0,240,51613.41,43348.4,0.0,4,2,38,16
17.0,360,0.0,110255.93,1.0,5,2,35,2
13.0,240,0.0,14237.7,1.0,4,2,54,0
0.0,300,0.0,59800.67,1.0,4,2,20,5
1.0,234,14892.43,16023.46,0.9761281271,3,2,20,60
2.0,300,24040.92,23913.22,0.0,4,2,13,1
70.0,240,98309.52,94836.86,0.0,5,2,38,9
24.98,240,56286.14,54857.43,0.0,5,2,44,2
41.0,240,68598.81,68411.55,0.0,4,2,36,0
83.0,300,49305.93,49893.51,0.011776682,4,2,15,3
24.98,60,120833.33,210644.54,0.4263638165,1,2,30,5
2.0,360,0.0,97635.68,1.0,5,2,18,10
1.0,240,0.0,51527.42,0.76939548,4,2,25,17
46.0,240,0.0,93399.19,1.0,5,2,36,5
24.98,220,10183.61,11382.38,0.9455544447,3,4,18,61
5.0,240,58657.22,58307.46,0.0,4,2,13,2
24.98,360,0.0,298744.17,1.0,5,2,9,1
24.98,240,98826.17,96112.16,0.0,5,2,23,2
17.0,240,0.0,82935.57,0.6588995198,5,2,17,9
90.0,221,26178.94,20171.85,0.923256915,3,4,31,33
0.0,360,0.0,426731.18,1.0,5,2,22,1
1.0,300,0.0,63835.74,1.0,4,2,26,1
94.0,224,14923.81,17852.06,0.890134808,3,2,17,55
2.0,300,0.0,84592.88,1.0,4,2,19,3
1.0,236,20004.36,18972.29,0.9460386701,3,2,24,41
76.0,300,0.0,42254.49,1.0,5,2,16,1
3.0,281,0.0,64740.82,1.0,4,2,13,2
1.0,240,0.0,56129.64,1.0,5,2,32,16
9.0,202,0.0,226594.22,1.0,5,2,40,1
17.0,229,15065.76,17990.82,0.9307274488,3,2,23,60
24.98,240,9628.04,12089.08,0.7659347324,4,2,32,41
64.0,180,0.0,74112.99,1.0,5,2,37,1
27.0,240,0.0,80619.11,1.0,4,2,11,7
75.0,168,0.0,52837.14,0.6722517537,5,2,35,30
1.0,240,0.0,125200.68,1.0,5,2,33,9
4.0,240,53462.05,57876.32,0.0,5,2,16,11
7.0,240,0.0,22672.79,1.0,1,2,136,0
94.0,240,0.0,122618.01,0.6733310812,5,2,20,37
81.0,300,0.0,59548.43,1.0,4,2,31,1
1.0,360,0.0,118679.31,1.0,5,2,13,10
24.98,300,0.0,70066.56,1.0,4,2,8,3
91.0,240,49653.93,50459.57,0.0,5,2,31,2
2.0,186,223562.44,221873.44,0.0,5,2,15,2
4.0,240,65053.17,70302.6,0.0,4,2,48,13
1.0,360,0.0,129269.03,1.0,5,2,30,1
4.0,300,46662.23,46140.26,0.0,4,2,34,2
60.0,300,49954.32,49669.61,0.0,4,2,11,1
17.0,240,0.0,19161.5,1.0,4,2,62,6
1.0,150,0.0,57258.23,1.0,5,2,56,10
1.0,360,0.0,90892.74,1.0,5,2,22,1
89.0,300,39882.5,40710.81,0.0,4,2,8,1
9.0,300,0.0,45898.93,0.9155274438,4,2,7,25
24.98,360,78429.94,77472.41,0.0,5,2,27,5
7.0,300,91645.61,90352.56,0.0,4,2,22,2
5.0,240,35206.49,35323.33,0.0033077289,4,2,48,1
56.0,300,39390.2,44210.35,0.0,4,2,9,24
24.98,300,0.0,82756.12,1.0,4,2,9,6
2.0,360,0.0,127063.58,1.0,5,2,22,3
2.0,240,0.0,22588.48,1.0,4,2,54,13
49.0,240,72192.04,62607.83,0.0,5,2,19,12
23.0,300,0.0,72412.86,1.0,4,2,12,8
5.0,300,0.0,61739.86,1.0,4,2,17,6
25.0,236,20283.49,19202.2,0.9526205331,3,2,19,52
1.0,240,26316.66,26545.44,0.0086184294,3,4,36,19
8.0,204,0.0,34781.82,1.0,4,2,33,3
0.0,240,40477.92,56499.87,0.0152909206,5,2,31,9
71.0,240,58034.78,54434.77,0.0,4,2,32,6
1.0,230,11483.46,13822.82,0.924537106,3,4,33,29
71.0,360,0.0,125973.23,1.0,5,2,14,5
8.0,120,0.0,68798.45,0.6643018187,5,2,9,17
0.0,360,102449.87,98083.6,0.0,5,2,25,4
2.0,180,80928.38,90590.64,0.0,5,2,44,7
39.0,240,61083.43,60462.84,0.0,4,2,17,3
1.0,240,72137.94,38898.2,1.0,4,2,25,41
4.0,240,65258.5,72069.71,0.0945086362,5,2,61,4
5.0,240,0.0,72164.9,1.0,4,2,26,8
1.0,218,28572.13,20807.58,0.9810391213,3,2,42,33
1.0,300,0.0,81164.37,1.0,4,2,18,3
0.0,300,0.0,45875.89,1.0,4,2,17,14
90.0,200,9038.74,10630.64,0.8760977702,3,4,21,58
23.0,305,0.0,203607.7,1.0,5,2,30,1
29.0,240,17389.63,19391.2,0.8707748876,3,2,36,25
24.98,240,58495.46,69262.0,0.0,5,2,25,19
1.0,300,0.0,75041.52,0.7505434521,5,2,21,2
38.0,180,0.0,6433.8,1.0,5,2,35,12
94.0,225,16828.91,19432.15,0.9051252692,3,2,27,53
28.0,341,157112.28,154190.84,0.0,5,2,27,6
93.0,300,0.0,32934.18,1.0,4,2,24,1
1.0,240,0.0,18319.49,1.0,4,2,34,12
2.0,300,0.0,65573.15,1.0,4,2,12,3
15.0,240,27519.87,28056.19,0.0191159242,5,2,28,2
81.0,218,34341.51,17856.95,0.8966251236,3,4,24,40
37.0,300,0.0,43270.56,1.0,4,2,32,2
22.0,236,18396.86,17154.71,0.9256583177,3,2,24,41
1.0,240,18759.34,18972.09,0.0,4,2,20,3
5.0,240,94428.98,81775.65,0.737305854,5,2,19,30
1.0,360,0.0,112459.25,1.0,5,2,19,2
1.0,240,69209.86,85493.18,0.7355597246,5,2,21,36
0.0,360,0.0,84135.11,0.7509576181,5,2,11,17
93.0,240,105004.49,105529.54,0.0,4,2,18,2
1.0,216,17895.01,16384.14,0.9400114989,3,4,26,29
2.0,300,0.0,68327.19,1.0,4,2,12,11
11.0,270,14539.89,16847.95,0.0,4,2,17,22
1.0,300,0.0,61829.1,1.0,4,2,12,19
63.0,240,0.0,118422.43,1.0,5,2,22,2
52.0,240,10047.76,12145.39,0.8380784808,3,2,20,36
2.0,225,11346.01,11568.33,0.0192179857,3,2,46,22
24.0,180,99024.3,128234.15,0.6968601891,5,2,11,31
1.0,204,0.0,21327.71,1.0,4,3,40,11
1.0,240,0.0,50700.73,0.892302772,1,2,30,24
24.98,354,0.0,753339.25,1.0,5,2,10,1
1.0,180,0.0,120481.05,1.0,5,2,30,11
1.0,200,0.0,11264.0,0.9621732955,3,4,20,4
88.0,360,0.0,86961.83,1.0,5,2,7,1
1.0,218,28572.15,29216.54,0.0220556575,3,2,60,15
94.0,230,20375.0,22027.0,0.8985944523,3,2,28,31
64.0,180,25397.85,31380.88,0.6993884721,5,2,16,26
5.0,240,56674.72,60531.99,0.0637228348,5,2,24,1
1.0,360,89094.32,82821.62,0.0,5,2,39,7
0.0,360,0.0,93523.61,1.0,5,2,15,12
68.0,180,0.0,58771.88,1.0,4,2,33,1
24.98,240,82831.9,82389.8,0.0,4,2,22,0
95.0,300,0.0,73690.14,1.0,4,2,16,2
24.98,204,13501.76,12322.05,0.0,4,3,20,17
20.0,240,0.0,65940.6,1.0,5,2,56,5
65.0,240,58723.23,41309.77,0.0,5,2,11,11
1.0,228,13202.49,12187.21,0.0,3,2,47,15
0.0,360,0.0,107970.32,0.0,4,2,7,20
24.98,240,26237.5,26348.74,0.9959231447,3,4,28,30
1.0,360,246340.68,206842.0,0.0,5,2,9,15
2.0,360,0.0,143253.47,1.0,5,2,11,1
40.0,360,0.0,137462.55,1.0,5,2,28,4
9.0,360,0.0,154645.04,1.0,5,2,16,3
90.0,224,14923.81,17852.06,0.9167972772,3,2,17,55
94.0,300,58402.63,56349.94,0.0,4,2,14,6
2.0,300,0.0,88891.46,1.0,4,2,15,1
94.0,230,11483.38,13833.37,0.9059101289,3,4,33,29
90.0,218,28328.74,24286.06,0.0,3,4,39,17
1.0,360,42108.62,103421.12,0.5928431253,5,2,14,13
24.98,240,28321.07,33912.58,0.0,1,2,18,21
1.0,300,62766.04,59447.28,0.0,4,2,18,10
56.0,180,63649.06,73803.99,0.1375932385,5,2,64,3
24.98,240,20255.51,22546.32,0.0166920142,1,2,47,2
24.98,234,13503.56,14117.12,0.9617089038,3,2,14,60
40.0,240,119975.79,121946.72,0.0161622223,5,2,31,1
5.0,360,80038.49,79800.45,0.0,5,2,22,2
24.98,240,78217.69,77291.17,0.0,5,2,25,1
1.0,228,12155.45,11124.2,0.0,3,2,41,21
52.0,240,10160.54,10675.16,0.04820724,3,2,50,4
1.0,240,0.0,145623.14,1.0,5,2,25,4
24.98,228,24646.84,14104.0,0.9140406977,3,4,14,60
1.0,360,111789.27,101078.99,0.0,5,2,10,17
1.0,240,0.0,30228.33,0.848572808,5,2,9,7
1.0,300,57325.66,53844.34,0.0,4,2,12,11
24.98,300,0.0,89472.22,1.0,4,2,12,1
96.0,300,0.0,52002.37,1.0,4,2,22,1
24.98,236,10027.2,8906.83,0.0,3,2,24,20
90.0,240,55535.94,54621.02,0.0,5,2,19,4
3.0,300,41105.39,51353.96,0.1995672778,4,2,14,22
10.0,360,94678.19,93087.63,0.0,5,2,22,2
24.98,300,0.0,79573.65,1.0,4,2,9,1
24.98,204,43362.55,52778.46,0.0,4,3,48,21
24.98,240,94659.7,85690.71,0.0,4,2,21,10
1.0,218,28572.13,29048.71,0.0164062363,3,2,59,16
1.0,300,74562.75,68814.09,0.0,4,2,12,14
16.0,240,38329.41,41930.04,0.0858723245,4,2,57,4
24.98,240,125730.65,119075.45,0.0,1,2,50,4
4.0,360,147362.97,154091.6,0.0436664296,5,2,11,2
5.0,240,0.0,137087.14,1.0,1,2,45,25
10.0,360,0.0,130990.99,1.0,5,2,27,1
19.0,250,242411.31,241215.6,0.0,5,2,17,0
23.0,300,0.0,60187.02,1.0,4,2,20,2
24.98,360,26586.6,25223.5,0.0,5,2,13,5
5.0,236,21260.47,9859.99,0.9830466359,3,2,28,40
24.98,60,1477.31,20805.39,0.4880562144,1,2,22,39
13.0,240,0.0,23318.05,1.0,4,2,69,2
24.98,360,78071.77,73206.49,0.0,5,2,13,6
71.0,360,58498.72,61502.35,0.048837646,5,2,13,15
93.0,200,9606.36,10623.44,0.8660142101,3,4,21,58
18.0,240,0.0,41390.44,1.0,5,2,46,1
0.0,300,0.0,67549.96,1.0,4,2,15,23
3.0,300,0.0,83892.0,1.0,4,2,17,2
56.0,240,0.0,150436.64,1.0,5,2,41,1
0.0,300,40249.12,40506.99,0.0,4,2,15,4
24.98,240,54091.55,52712.75,0.0,5,2,16,3
94.0,240,20643.6,23246.95,0.9114301016,3,2,16,40
18.0,300,0.0,42573.03,1.0,4,2,14,5
94.0,233,18077.12,24116.47,0.8665385108,3,4,30,30
24.98,300,109779.04,101391.22,0.0,5,2,7,8
24.98,138,18148.01,18927.86,0.0,5,2,36,6
13.0,360,103720.09,106525.57,0.0,5,2,12,3
64.0,240,41028.05,40816.19,0.0,4,2,42,3
18.0,300,69058.64,67504.63,0.0,4,2,13,4
75.0,219,60048.82,79768.09,0.0,5,2,8,19
24.98,60,867.48,847.99,0.0,1,2,66,13
27.0,240,69094.48,71453.74,0.0,5,2,15,3
1.0,228,16709.6,18146.77,0.0791970141,3,4,47,24
28.0,240,36930.14,39791.28,0.0719036935,4,2,25,9
83.0,120,56071.02,62750.91,0.0,5,2,30,4
0.0,360,0.0,233223.75,1.0,5,2,18,9
94.0,180,135423.86,135947.33,0.0038505354,1,2,71,3
71.0,240,0.0,80222.2,0.0,4,2,26,21
1.0,300,0.0,57306.73,1.0,4,2,20,7
0.0,240,0.0,78004.47,1.0,4,2,12,18
24.98,218,14777.73,9814.34,0.8505268821,3,4,17,32
3.0,240,0.0,17316.05,1.0,4,2,25,9
11.0,240,103016.63,102019.3,0.0,5,2,43,3
0.0,360,104016.64,102415.08,0.0,5,2,23,14
0.0,300,60827.09,61229.43,0.0065710231,4,2,13,0
24.98,240,58818.21,65527.23,0.1023852221,5,2,15,6
3.0,180,89303.42,90699.15,0.0,5,2,11,1
22.0,300,0.0,44125.17,1.0,4,2,32,1
56.0,236,21305.15,13213.84,0.9300400186,3,2,7,66
67.0,240,20755.33,18060.37,0.9736168196,3,4,24,38
1.0,240,20754.74,18064.64,0.9896134105,3,4,24,38
1.0,240,0.0,49928.33,1.0,5,2,24,6
89.0,240,0.0,35528.78,1.0,4,2,77,4
24.98,239,61229.28,71575.79,0.0,4,2,43,17
24.98,204,253265.64,209948.76,0.0,5,2,37,20
2.0,240,16731.9,19512.09,0.9309351279,3,2,31,54
1.0,234,13493.11,14178.79,0.9497326641,3,2,14,60
0.0,180,0.0,21096.51,0.0,5,2,14,10
68.0,198,33561.03,17724.5,0.9266659144,3,4,24,40
71.0,360,111495.27,108086.74,0.0,5,2,15,4
24.98,240,30040.05,28796.06,0.7628212926,4,2,27,46
94.0,236,18396.86,17154.52,0.9265767856,3,2,24,41
37.0,240,10113.48,10561.98,0.042463629,3,2,53,3
1.0,235,13119.93,13306.41,0.9770742071,3,2,16,65
24.98,180,102292.4,99341.93,0.0,1,2,19,2
13.0,240,0.0,64802.19,1.0,1,2,80,1
1.0,200,353236.65,329955.81,0.0,5,2,27,6
94.0,236,3635.2,5894.05,0.8647687074,3,4,24,54
90.0,240,26052.33,25599.54,0.0,4,2,44,1
0.0,240,30883.83,26477.09,0.0,5,2,16,24
93.0,218,28301.35,24273.24,0.0,3,4,39,17
24.98,240,50727.79,63319.32,0.7820245851,5,2,27,36
1.0,360,0.0,93106.3,1.0,5,2,9,9
1.0,216,18656.79,18940.07,1.0,3,4,16,36
1.0,300,0.0,61611.83,1.0,4,2,15,4
89.0,234,11764.57,14252.24,0.884032966,3,2,34,40
0.0,120,91633.74,83727.14,0.0,5,2,23,6
24.98,276,85483.87,79888.73,0.0,4,2,7,11
24.98,240,35274.9,35578.05,0.0085207031,3,4,39,1
1.0,240,56890.58,51054.57,0.0,5,2,17,10
24.98,90,219990.55,175618.77,0.0,1,2,34,10
2.0,240,18886.27,20452.86,0.0,4,2,46,15
0.0,240,0.0,156228.56,1.0,5,2,37,1
1.0,72,203394.68,189368.75,0.0,5,2,22,5
1.0,300,0.0,82259.01,0.9033214175,4,2,10,1
1.0,236,17852.03,19623.18,0.090258052,3,4,46,15
0.0,240,62193.9,59035.13,0.0,4,2,23,9
13.0,240,118836.02,118754.77,0.0,5,2,9,1
24.98,360,79575.64,85634.17,0.0707489779,5,2,9,4
5.0,240,0.0,167786.28,0.683211168,1,2,47,19
0.0,300,0.0,60336.79,1.0,4,2,29,8
1.0,300,0.0,92193.69,1.0,4,2,12,8
24.98,240,190598.36,184766.28,0.0,5,2,26,2
94.0,236,19918.03,19313.36,0.9203199236,3,2,16,57
59.0,240,0.0,23466.99,1.0,4,2,29,2
1.0,240,0.0,96285.59,0.8454244542,5,2,11,3
35.0,300,0.0,43338.84,1.0,4,2,20,1
5.0,231,7861.28,8983.3,0.124900649,3,2,60,18
94.0,240,18211.81,19197.33,0.0513363056,3,2,49,6
94.0,234,9842.56,11338.8,0.8744664338,3,2,53,28
1.0,300,52920.76,52411.76,0.0,4,2,11,1
24.98,240,35205.55,41537.29,0.152435077,1,2,63,9
1.0,360,90654.17,85843.69,0.0,5,2,27,4
0.0,240,413316.55,216088.24,1.0,5,2,8,47
1.0,230,20374.87,21995.84,0.9465276161,3,2,28,31
24.98,240,172333.58,152042.4,0.0,5,2,25,10
0.0,240,0.0,37239.33,1.0,5,2,68,6
56.0,300,0.0,78230.86,1.0,4,2,36,1
1.0,240,0.0,47532.71,0.8056891466,5,2,41,10
43.0,240,46223.88,49040.44,0.0,5,2,24,1
7.0,120,0.0,4356.16,1.0,4,2,32,5
58.0,300,0.0,95828.86,1.0,4,2,23,3
56.0,223,116750.78,109460.11,0.0,5,2,71,5
24.98,72,13076.58,19774.13,0.4703771529,1,2,17,31
95.0,240,66963.24,68047.98,0.0,5,2,23,2
1.0,360,0.0,139308.83,1.0,5,2,22,3
0.0,240,85943.29,72697.81,0.0,5,2,16,14
1.0,240,45574.22,43890.88,0.0,4,2,38,4
0.0,216,6164.88,7984.31,0.8756373437,3,4,26,49
2.0,360,0.0,153893.45,1.0,5,2,24,0
4.0,300,77295.84,74097.96,0.0,4,2,7,7
24.98,240,25987.41,26320.35,0.0,4,2,29,5
91.0,240,44609.09,46220.13,0.0,4,2,31,20
1.0,228,13215.18,12051.84,1.0,3,2,24,38
1.0,240,48542.76,47245.32,0.0,4,2,32,8
2.0,360,130850.38,124090.82,0.0,5,2,14,13
1.0,360,0.0,144925.69,1.0,5,2,28,4
75.0,300,0.0,63271.19,1.0,4,2,27,2
0.0,300,45370.25,43121.59,0.0,4,2,24,8
4.0,224,3629.89,4866.8,0.254152626,3,4,66,10
25.0,292,59992.4,62880.86,0.0459354405,4,2,11,0
4.0,300,0.0,56194.4,1.0,4,2,14,5
96.0,300,77109.81,75408.04,0.0,4,2,13,5
24.98,240,28735.55,23401.23,0.9747880403,4,2,27,25
1.0,240,48306.31,41395.88,0.0,5,2,35,17
1.0,300,0.0,50923.52,1.0,4,2,13,13
2.0,240,120071.45,135319.75,0.1126834775,5,2,30,6
1.0,228,24278.51,14117.0,0.8863002054,3,4,14,60
24.98,240,202363.82,195763.44,0.0,5,2,11,3
24.98,300,0.0,88032.77,1.0,4,2,10,4
66.0,160,45844.5,46331.68,0.0,5,2,25,2
18.0,300,0.0,62330.03,1.0,4,2,30,2
14.0,240,0.0,12938.3,0.7672012148,4,2,43,12
24.98,300,86886.13,84508.68,0.0,4,2,10,7
24.98,168,7.54,77551.59,1.0,2,2,58,44
1.0,240,357881.13,202897.82,0.8594795129,1,2,34,47
24.98,300,63589.47,62434.19,0.0,4,2,7,3
0.0,240,0.0,70545.48,1.0,5,2,34,17
9.0,240,61253.7,60866.63,0.0,1,2,119,1
24.98,218,14774.83,9484.36,0.9316601226,3,4,17,32
1.0,240,59622.88,59311.0,0.0,5,2,28,12
1.0,360,132876.34,117301.45,0.0,5,2,16,15
9.0,300,0.0,69633.58,1.0,4,2,26,11
1.0,180,41976.35,42422.0,0.5650848651,1,2,45,36
24.98,240,40539.91,36745.93,0.0,5,2,13,9
26.0,360,220285.16,209942.36,0.0,5,2,18,1
1.0,235,13081.03,13352.39,0.9443440463,3,2,13,62
2.0,350,0.0,92306.37,1.0,5,2,21,2
0.0,240,0.0,65550.77,0.9250104735,4,2,16,31
65.0,360,0.0,178894.43,1.0,5,2,31,1
96.0,240,48642.28,49802.05,0.0,4,2,29,2
0.0,240,0.0,56641.88,0.8802161849,5,2,18,4
1.0,229,15065.75,17010.26,0.1143139493,3,2,66,17
1.0,300,36357.97,38589.0,0.0578151805,4,2,20,9
93.0,240,49692.34,54036.97,0.0,5,2,22,14
94.0,240,6557.68,8973.0,0.9095798507,3,4,16,41
26.0,240,10482.54,11065.78,0.0,3,2,40,13
1.0,300,0.0,47805.11,1.0,4,2,20,6
24.98,240,50007.83,52538.3,0.0,5,2,17,16
4.0,240,0.0,23925.63,1.0,4,2,25,20
89.0,225,19560.93,14649.87,0.9387646443,3,4,22,26
4.0,240,35528.98,35049.15,0.0,3,4,42,13
93.0,234,14825.31,14746.12,0.972374428,3,2,32,48
1.0,360,0.0,162094.34,1.0,5,2,14,1
4.0,240,0.0,34400.11,1.0,4,2,60,13
24.98,360,0.0,116340.8,1.0,4,2,10,2
0.0,300,0.0,78315.21,1.0,4,2,17,10
24.98,240,49118.32,48540.79,0.0,5,2,27,3
1.0,222,11969.98,5529.58,0.94012746,3,2,20,50
0.0,300,0.0,71812.57,1.0,4,2,15,4
24.98,240,61458.74,73822.89,0.0,5,2,23,21
1.0,240,10250.84,12075.36,0.8763747002,3,2,21,34
65.0,360,0.0,195531.49,1.0,5,2,20,1
1.0,360,0.0,23238.77,1.0,5,2,29,2
3.0,300,0.0,69468.56,1.0,4,2,14,1
95.0,240,46718.07,64008.54,0.6295430733,1,2,39,44
1.0,360,57597.97,59984.7,0.0397889795,5,2,21,8
1.0,240,0.0,61756.24,0.9238242296,5,2,38,31
9.0,240,19221.72,19723.48,0.9477014198,3,2,28,33
24.98,228,28707.26,26910.77,0.0,3,4,41,18
1.0,240,74671.41,65030.65,0.0,5,2,22,12
24.98,240,72857.4,82652.09,0.0,5,2,26,18
14.0,300,0.0,56031.04,1.0,4,2,25,2
1.0,240,86254.54,55586.16,1.0,4,2,21,41
5.0,218,33471.8,17724.5,0.9266659144,3,4,24,40
71.0,120,0.0,20645.58,1.0,5,2,24,7
4.0,240,8309.97,9383.99,0.1144523811,3,2,43,21
1.0,234,22841.5,23341.98,0.9573596584,3,4,18,41
24.98,240,19221.71,19759.5,0.9610855538,3,2,23,38
24.98,240,106010.35,124895.02,0.6614228539,5,2,22,33
5.0,300,0.0,30151.23,1.0,4,2,25,1
24.98,300,241424.71,223127.3,0.0,5,2,8,8
8.0,240,19707.89,20405.32,0.0341788318,4,2,56,18
24.98,240,95685.2,81865.19,0.0,5,2,23,13
1.0,218,28572.15,20772.12,0.9795913946,3,2,42,33
1.0,300,87497.41,86379.55,0.0,4,2,16,7
1.0,240,0.0,57198.04,1.0,5,2,12,12
52.0,236,6544.33,8213.36,0.0,3,4,36,21
1.0,300,0.0,43952.62,1.0,4,2,21,2
24.98,156,82242.09,50970.49,1.0,5,2,11,35
1.0,300,0.0,58090.62,1.0,4,2,14,6
24.98,240,135252.9,126390.67,0.0,1,2,39,5
24.98,360,385195.18,366438.62,0.0,5,2,9,4
94.0,230,36964.77,40655.34,0.6932276,4,2,44,42
71.0,120,0.0,18127.24,0.6737573925,4,2,7,32
64.0,240,10249.72,12087.47,0.9159435349,3,2,21,34
4.0,240,0.0,31081.0,1.0,4,2,28,8
24.98,240,28566.58,4351.47,0.9327399706,3,2,7,56
0.0,360,0.0,113869.32,1.0,5,2,24,7
1.0,200,12617.84,10627.66,0.9167530764,3,4,21,58
30.0,240,40562.47,39075.88,0.0,5,2,25,3
24.98,240,18211.83,18689.35,0.9429423709,3,2,20,35
56.0,234,7453.04,9531.12,0.8719594339,3,2,37,48
9.0,360,0.0,101486.21,1.0,5,2,21,4
24.98,170,31198.53,25378.56,0.0,5,2,12,15
93.0,240,43561.22,42428.99,0.0,4,2,19,4
8.0,300,0.0,52090.39,1.0,4,2,24,4
24.98,240,20836.23,19576.52,0.0,4,2,9,11
1.0,300,0.0,41171.35,1.0,4,2,11,10
1.0,300,0.0,59862.94,1.0,4,2,8,19
0.0,130,0.0,44781.61,1.0,5,2,8,16
1.0,234,21334.98,15295.15,0.966880351,3,2,18,40
1.0,240,0.0,55536.83,1.0,5,2,16,35
1.0,236,21260.47,9851.6,0.9841599334,3,2,28,40
24.98,180,141722.28,143304.44,0.0,5,2,29,6
8.0,300,48970.96,48976.58,0.0001147487,4,2,21,1
24.98,240,201571.38,121308.78,1.0,5,2,18,36
24.98,300,0.0,63772.37,1.0,4,2,13,4
4.0,360,0.0,137120.42,1.0,5,2,35,6
24.98,240,72733.35,71856.05,0.0,5,2,17,1
40.0,180,43798.11,42939.95,0.0,4,2,18,11
24.98,240,24913.54,23314.4,0.0,4,2,26,9
24.98,218,32966.41,15685.2,0.9305976334,3,4,22,43
24.98,360,52978.18,57395.78,0.0,5,2,13,7
65.0,360,0.0,286748.69,1.0,5,2,13,3
1.0,300,68329.41,68262.95,0.0,4,2,20,5
1.0,240,33448.61,31737.72,0.0,1,2,75,5
24.98,240,69771.08,60334.65,0.0,5,2,17,12
2.0,204,0.0,47461.68,1.0,4,3,75,2
1.0,236,4669.68,5868.55,0.9072343253,3,4,39,38
13.0,240,19221.72,20000.47,0.951746134,3,2,19,42
1.0,239,21707.48,33523.67,0.9883337267,1,2,59,54
52.0,360,197679.36,191341.45,0.0,5,2,10,3
24.98,230,4404.47,11753.71,0.9039248033,3,4,38,46
32.0,218,115463.83,112000.5,0.0,5,2,17,5
26.0,300,0.0,30443.54,1.0,4,2,13,1
93.0,180,106141.97,99905.38,0.0,5,2,23,15
93.0,240,19292.08,19715.19,0.0,4,2,11,8
1.0,234,14892.43,14621.47,0.9750750096,3,2,32,48
24.98,360,0.0,61945.06,1.0,5,2,7,7
3.0,218,33435.52,17708.46,0.9303637922,3,4,24,40
24.98,360,365075.97,337526.57,0.0,5,2,10,7
24.98,240,49942.64,48066.28,0.0,5,2,33,3
93.0,224,14923.81,17926.37,0.893115561,3,2,17,55
6.0,180,0.0,73972.13,0.6181157651,5,2,35,2
4.0,220,20246.68,21995.84,0.9161918799,3,2,28,31
24.98,180,23762.57,16643.93,0.9703130359,4,2,29,40
8.0,204,0.0,58396.63,0.7582618791,4,3,54,7
2.0,240,63796.43,61247.69,0.0,5,2,17,6
24.98,300,59166.13,62843.29,0.0585131682,4,2,7,2
0.0,240,0.0,84223.09,1.0,5,2,12,2
94.0,240,32383.84,32455.8,0.0022171692,4,2,53,1
24.98,218,13330.82,9814.34,0.8682478903,3,4,17,32
1.0,240,93969.17,85973.85,0.0,5,2,25,22
24.98,231,4132.65,5763.94,0.816571633,4,2,37,47
24.98,360,278279.09,265011.8,0.0,5,2,10,5
1.0,180,32378.03,36735.73,0.118622932,5,2,59,8
2.0,300,0.0,74039.97,1.0,4,2,9,7
25.0,230,20374.99,21995.84,0.931041506,3,2,28,31
50.0,240,6587.47,40857.87,0.8601051568,5,2,45,27
0.0,240,137330.35,119701.97,0.0,5,2,20,11
72.0,240,8286.19,9867.62,0.9023259915,3,2,31,33
1.0,236,4366.38,5220.15,0.1635527715,3,4,70,12
1.0,240,96946.39,74259.86,0.8123808834,5,2,46,28
14.0,240,0.0,68177.01,1.0,4,2,23,1
24.98,240,66912.29,65102.38,0.0,5,2,18,2
3.0,300,0.0,32345.75,1.0,4,2,29,1
24.98,240,210654.45,169299.93,0.0,5,2,26,18
1.0,240,0.0,50095.31,1.0,5,2,29,3
94.0,240,59067.04,57165.46,0.0,5,2,19,4
24.98,240,94358.85,74013.2,0.0,5,2,39,20
61.0,300,0.0,36752.68,1.0,4,2,24,4
94.0,240,7187.02,8033.24,0.1053398131,3,4,51,2
1.0,236,16108.82,19597.4,0.8883953994,3,2,16,63
24.98,240,9361.58,11302.53,0.8108913843,4,2,33,34
94.0,240,11112.16,11425.22,0.9347408628,3,2,25,29
24.98,300,0.0,84034.98,1.0,4,2,7,5
1.0,236,14668.91,9860.01,0.9830466703,3,2,28,40
24.98,240,37945.01,65572.52,0.3065043577,4,2,41,6
2.0,300,0.0,76241.51,1.0,4,2,13,13
70.0,240,98279.03,72409.4,0.0,5,2,7,19
0.0,360,0.0,92056.36,1.0,5,2,16,1
82.0,360,0.0,97159.14,1.0,4,2,12,20
24.98,240,35848.76,35187.02,0.0,5,2,10,18
15.0,218,32629.61,15675.62,0.9217109116,3,4,22,43
35.0,240,0.0,121584.58,1.0,5,2,22,1
91.0,300,0.0,44311.8,1.0,4,2,30,3
8.0,300,0.0,88692.15,1.0,4,2,30,3
24.98,240,154742.25,152824.32,0.0,5,2,10,1
52.0,240,11043.31,11580.11,0.0,3,2,31,24
1.0,228,20648.48,22654.89,0.0885641025,3,2,47,11
1.0,240,172332.5,177717.23,0.0,5,2,17,1
1.0,240,26319.94,25671.07,0.9929083595,3,4,24,37
0.0,240,0.0,137987.6,0.8788013425,5,2,17,3
4.0,228,12317.3,14530.88,0.1523362659,3,4,72,5
25.0,240,28363.07,29871.19,0.0504874429,4,2,48,1
7.0,336,0.0,104665.53,0.8025902862,4,2,15,21
24.98,228,13390.02,16686.53,0.9220239319,3,4,39,38
24.98,240,16202.43,20609.86,0.6563613819,1,2,35,28
24.98,360,99423.88,104463.23,0.0,5,2,12,5
94.0,180,0.0,24306.44,0.662110952,4,2,34,39
77.0,168,42459.45,40845.36,0.0,5,2,18,3
6.0,360,0.0,62759.46,0.0,5,2,9,22
5.0,300,0.0,53489.74,1.0,4,2,23,2
21.0,119,0.0,145474.78,1.0,5,2,15,3
91.0,240,84288.01,77477.53,0.0,5,2,28,21
1.0,240,0.0,50641.49,1.0,4,2,22,1
1.0,240,26316.66,26409.3,0.9979030114,3,4,22,33
94.0,222,13542.93,12717.01,0.9414838865,3,4,30,53
2.0,192,0.0,54903.19,1.0,4,3,76,2
6.0,360,0.0,62308.42,1.0,5,2,19,3
24.98,60,21181.55,74849.55,0.9582763035,5,2,13,32
93.0,230,7419.46,11475.62,0.9015905023,3,4,19,61
1.0,140,0.0,128929.99,1.0,5,2,7,11
26.0,240,48769.68,54496.11,0.1050796103,5,2,37,5
1.0,120,22630.55,21567.6,0.0,4,2,30,21
65.0,240,89058.6,67516.56,0.0,5,2,13,4
56.0,180,0.0,62570.04,0.6453001897,4,3,50,7
24.98,204,17395.7,19718.0,0.1177756365,4,3,17,17
25.0,300,0.0,106791.0,1.0,5,2,25,5
1.0,300,44316.99,41422.31,0.0,4,2,8,10
1.0,240,26234.42,26543.03,1.0,3,4,20,38
9.0,300,51609.78,55832.3,0.0756286236,5,2,26,8
2.0,125,0.0,57478.78,0.5750697461,5,2,14,6
1.0,300,62354.6,58086.24,0.0,4,2,9,11
4.0,300,0.0,64474.94,1.0,4,2,18,1
10.0,240,11896.53,12778.47,0.9434126308,3,4,24,28
24.98,300,0.0,77254.86,1.0,4,2,14,2
8.0,300,58918.28,59889.13,0.0162107882,4,2,32,5
17.0,229,15163.5,17982.23,0.9679728265,3,2,23,60
7.0,300,0.0,76155.4,1.0,4,2,8,5
1.0,300,64554.05,64507.01,0.0,4,2,11,8
24.98,360,130908.02,128976.35,0.0,5,2,22,1
94.0,236,21302.83,13201.44,0.9327997552,3,2,7,66
1.0,240,25370.82,26623.33,0.9770821306,3,4,13,46
23.0,300,0.0,71539.45,1.0,5,2,11,4
44.0,240,55230.23,63211.67,0.0,5,2,50,8
31.0,84,46237.67,61397.21,0.0,5,2,16,13
38.0,240,83789.87,94082.52,0.7074723299,4,2,33,35
1.0,200,13366.94,10623.44,0.930803958,3,4,21,58
9.0,360,98031.21,89956.85,0.0,5,2,13,9
24.98,204,13131.11,12100.15,0.0,4,3,24,13
92.0,300,0.0,40257.34,1.0,4,2,34,1
1.0,222,13455.71,4872.89,0.9734736471,3,2,27,40
24.98,300,89907.22,85760.95,0.0,4,2,8,8
1.0,240,0.0,14329.54,1.0,4,2,56,5
1.0,234,9793.32,12334.56,1.0,3,2,37,44
24.98,236,14260.36,14540.9,0.948975648,3,2,36,47
1.0,240,79914.06,97254.34,0.1782982641,5,2,27,23
7.0,360,0.0,76335.94,1.0,5,2,30,8
31.0,240,19695.79,20812.98,0.0536775608,3,2,51,8
24.98,300,0.0,78112.83,1.0,4,2,8,2
3.0,228,11793.44,17453.19,0.8886186422,3,4,35,38
1.0,360,104073.66,98627.33,0.0,5,2,36,4
1.0,222,11450.79,4283.58,0.9204497173,3,2,14,51
1.0,240,0.0,47843.64,1.0,5,2,36,8
1.0,240,10236.07,11304.25,0.0944936639,3,2,41,14
30.0,236,21260.47,10926.35,0.0,3,2,46,22
30.0,240,58114.36,63650.89,0.7937505683,4,2,19,27
24.98,240,47499.77,53617.38,0.0,5,2,24,6
24.98,200,0.0,11264.0,0.9479669744,3,4,20,3
1.0,239,0.0,19064.34,0.8990152689,4,2,20,1
1.0,360,70098.59,78431.21,0.1062411252,5,2,11,14
24.98,240,84872.43,83025.32,0.0,4,2,12,2
1.0,300,0.0,64021.7,1.0,4,2,22,15
42.0,300,0.0,38706.77,1.0,4,2,17,8
0.0,300,0.0,54618.98,1.0,4,2,22,14
24.98,240,48110.72,65421.78,0.115844986,5,2,15,8
5.0,360,0.0,41744.89,1.0,5,2,25,2
94.0,240,11110.88,11449.72,0.92616588,3,2,25,29
0.0,240,45464.97,54695.31,0.1687592592,5,2,40,21
56.0,120,121286.0,115896.97,0.0,1,2,24,2
1.0,236,21260.47,10926.35,0.0,3,2,46,22
1.0,230,10496.9,11646.56,0.9452765452,3,4,38,46
70.0,300,0.0,39426.34,1.0,4,2,27,2
1.0,240,20249.47,56117.6,0.6841364826,5,2,28,25
2.0,240,0.0,47631.84,1.0,4,2,39,3
13.0,300,24663.11,28353.29,0.7970447498,4,2,16,31
56.0,229,15163.5,17857.39,0.9073296826,3,2,29,54
2.0,240,0.0,51162.74,0.7412944079,5,2,23,30
24.98,240,26816.4,29434.13,0.0889351919,1,2,67,2
24.98,240,12161.78,11568.3,0.0,5,2,44,4
96.0,300,0.0,57709.18,1.0,4,2,16,1
24.98,360,161912.52,153321.31,0.0,5,2,10,5
1.0,240,213297.19,155811.6,0.0,5,2,22,22
2.0,225,11346.01,11541.66,0.0169516343,3,2,48,20
89.0,240,0.0,78891.3,1.0,5,2,47,1
96.0,240,35992.42,37096.59,0.0,4,2,29,4
0.0,300,0.0,82554.91,1.0,5,2,16,12
41.0,240,19221.72,19769.05,0.9543184928,3,2,24,37
22.0,240,0.0,36703.09,0.6625040965,5,2,19,1
22.0,300,52320.4,53427.56,0.0207226383,4,2,17,1
0.0,360,0.0,183182.05,1.0,5,2,19,8
58.0,236,18396.86,17154.71,0.935698709,3,2,24,41
1.0,222,7640.47,5542.79,0.9233256176,3,2,17,55
24.98,120,5477.52,55116.28,0.632415085,5,2,20,19
1.0,360,0.0,82218.31,1.0,5,2,13,8
52.0,352,0.0,18376.98,0.6907532276,5,2,14,2
1.0,300,91817.14,89599.83,0.0,4,2,8,4
11.0,300,0.0,84717.67,1.0,4,2,12,6
0.0,240,0.0,76317.04,1.0,5,2,43,2
71.0,300,0.0,90334.94,1.0,4,2,20,3
56.0,300,0.0,52483.24,1.0,4,2,24,1
91.0,240,137864.44,139712.73,0.0,5,2,17,4
1.0,240,0.0,20463.37,0.7822422104,4,2,47,3
2.0,300,0.0,50302.88,1.0,4,2,14,1
1.0,300,0.0,86778.08,1.0,4,2,8,5
9.0,360,0.0,141971.78,1.0,5,2,24,1
2.0,240,74801.48,90850.89,0.0,1,2,103,19
94.0,240,19945.34,20330.39,0.0,4,2,47,2
3.0,300,0.0,30958.55,1.0,5,2,22,4
40.0,300,0.0,46479.4,1.0,4,2,17,5
2.0,240,11061.77,12025.08,0.7847803031,4,2,25,44
90.0,240,37741.21,38245.24,0.0,4,2,36,18
24.98,360,0.0,155107.47,1.0,5,2,8,1
9.0,300,0.0,41461.91,1.0,4,2,15,1
0.0,240,19710.24,22293.19,0.1158627366,3,2,35,22
2.0,240,0.0,49423.97,0.8382970308,5,2,24,5
24.98,236,6983.7,8419.86,0.8964947161,3,4,31,36
1.0,240,33417.91,26803.34,0.0,5,2,20,15
40.0,300,0.0,70230.67,1.0,4,2,27,4
70.0,240,27395.69,26691.84,0.0,4,2,19,4
24.98,240,47444.12,41311.7,0.0,5,2,19,13
70.0,240,11057.87,11477.14,0.0,3,2,31,24
24.98,240,103515.73,120946.62,0.0,5,2,39,11
1.0,180,86358.9,69924.33,0.0,5,2,10,21
1.0,360,159435.6,148743.24,0.0,5,2,27,6
1.0,230,10496.91,11652.56,0.94892367,3,4,38,46
68.0,218,33169.58,18075.86,0.8479458239,3,4,24,40
24.98,300,41986.05,40344.89,0.0,4,2,10,8
76.0,240,19952.61,20195.98,0.0,4,2,45,24
1.0,236,21262.15,9851.59,0.9841599173,3,2,28,40
89.0,120,14491.67,23159.08,0.0,1,2,60,13
3.0,328,0.0,185156.98,0.7673740976,5,2,18,3
24.98,240,149112.92,163393.8,0.0,5,2,13,10
71.0,240,82453.9,76846.53,0.0,4,2,17,9
6.0,360,0.0,111278.73,1.0,5,2,17,8
3.0,240,0.0,50187.14,0.727415733,5,2,31,26
27.0,240,450521.32,498644.76,0.0965084643,5,2,18,1
24.98,147,51366.52,51923.53,0.0,5,2,17,8
1.0,228,22163.58,19931.84,1.0,3,2,27,37
17.0,240,0.0,86581.93,0.7218408037,5,2,37,5
4.0,300,7868.21,41128.57,0.8086923518,4,2,11,9
1.0,240,0.0,114724.3,1.0,5,2,16,4
27.0,360,83036.0,77870.21,0.0,5,2,18,8
9.0,304,61359.64,62987.51,0.0,5,2,19,4
24.98,120,25903.03,28476.47,0.0,1,2,32,14
44.0,240,0.0,30569.02,0.7423131665,4,2,49,1
24.98,204,22046.8,21744.02,0.0,1,2,51,1
7.0,240,47492.1,48406.26,0.0188851607,5,2,42,2
94.0,240,27554.99,34906.77,0.7517802734,4,2,47,29
8.0,360,0.0,58618.13,1.0,5,2,25,11
4.0,288,0.0,44264.15,0.7496287863,4,2,30,8
21.0,240,42112.44,49870.31,0.0,4,2,44,22
1.0,240,20755.33,18078.61,0.9866516286,3,4,23,39
5.0,300,0.0,138672.02,1.0,5,2,21,0
56.0,300,0.0,85003.39,1.0,4,2,17,0
65.0,360,0.0,171714.64,1.0,5,2,19,2
2.0,240,0.0,68331.07,0.7439314567,5,2,24,1
24.98,360,0.0,136582.33,1.0,5,2,13,1
68.0,218,32664.28,15792.89,0.891283356,3,4,22,43
4.0,150,69620.72,103293.87,0.6629272415,5,2,15,54
1.0,240,0.0,60675.61,1.0,4,2,17,4
0.0,240,0.0,40761.74,0.9072491051,4,2,17,1
1.0,236,14619.5,9851.59,0.9841599173,3,2,28,40
16.0,240,0.0,107127.95,0.6708899093,5,2,15,3
94.0,234,14454.05,17434.6,0.9588961032,3,4,15,43
1.0,240,20754.74,20939.89,0.0088419758,3,4,41,21
1.0,218,28763.96,18408.23,0.7356704039,3,4,25,38
0.0,360,0.0,58235.87,0.7781843251,5,2,10,10
1.0,236,21262.15,10883.31,0.9480001948,3,2,38,30
4.0,240,0.0,68260.38,1.0,5,2,41,3
1.0,300,22208.14,22524.74,0.0140556561,4,2,17,1
24.98,240,56929.72,60945.28,0.0,4,2,28,21
5.0,360,82998.12,84716.42,0.0202829629,5,2,16,1
23.0,180,299410.49,287632.47,0.0,5,2,12,4
94.0,240,19809.52,10092.64,0.0,3,4,15,21
24.98,240,205042.26,202700.97,0.0,5,2,18,1
24.98,240,287722.51,267642.93,0.0,5,2,7,7
23.0,240,23754.29,23887.07,0.0,5,2,35,2
56.0,360,5488.91,112665.82,0.9512814978,5,2,23,10
13.0,360,38872.62,49626.88,0.2167023194,5,2,40,4
9.0,240,0.0,56210.46,1.0,4,2,51,4
94.0,240,36278.44,36416.32,0.0,4,2,34,2
24.98,240,23890.55,28143.28,0.0,1,2,31,12
2.0,240,0.0,64177.12,1.0,4,2,42,8
45.0,180,123924.48,120554.04,0.0,5,2,21,3
0.0,300,0.0,153141.57,1.0,5,2,29,6
2.0,236,14260.38,14423.0,0.9657595507,3,2,42,41
9.0,300,0.0,69916.57,1.0,4,2,27,2
24.98,240,11078.55,14144.47,0.2167575031,1,2,72,24
4.0,228,13215.18,13305.63,0.0067978743,3,2,59,3
1.0,240,30843.64,30529.55,0.0,4,2,47,4
31.0,360,0.0,143701.43,1.0,5,2,17,1
94.0,240,10527.25,11647.16,0.8775031853,3,2,29,25
1.0,240,0.0,64039.28,1.0,4,2,28,7
1.0,240,11996.11,10846.49,0.0,4,2,50,13
17.0,240,53659.44,46073.05,0.0,1,2,38,10
6.0,360,0.0,41388.81,1.0,5,2,24,8
2.0,235,13052.63,13306.41,1.0,3,2,16,65
96.0,300,57917.61,58065.68,0.0,4,2,17,10
94.0,240,79436.09,78480.1,0.0,5,2,27,2
24.98,240,69325.52,61304.35,0.0,4,2,27,11
24.98,180,18494.58,15697.58,0.0,1,2,48,12
1.0,240,0.0,79646.44,1.0,4,2,15,11
5.0,240,0.0,116988.85,0.7812577708,5,2,26,2
1.0,222,10197.01,4339.8,0.8721761371,3,2,12,53
24.98,56,0.0,79920.86,1.0,5,2,23,33
1.0,228,11295.54,11518.15,1.0,3,4,28,32
1.0,240,83127.69,95219.8,0.1269915501,5,2,36,12
1.0,236,15427.25,21772.63,1.0,3,4,20,44
5.0,300,0.0,43448.41,1.0,4,2,14,1
0.0,360,0.0,96350.34,1.0,5,2,12,8
24.98,218,14405.96,9591.01,0.9072808807,3,4,17,32
1.0,228,15345.98,19842.95,0.9106508861,3,2,29,48
6.0,263,105485.4,121610.69,0.0,5,2,11,17
56.0,240,115347.63,120153.04,0.0,5,2,23,8
11.0,240,0.0,64547.66,1.0,4,2,43,4
1.0,180,0.0,16976.6,1.0,4,2,43,33
0.0,300,20106.68,18095.16,0.0,4,2,8,19
0.0,240,0.0,256227.21,0.8295859625,4,2,15,1
1.0,300,0.0,243109.8,0.8473516764,5,2,18,35
20.0,360,0.0,73772.19,1.0,5,2,36,1
46.0,240,55519.82,54224.05,0.0,5,2,56,1
1.0,228,13214.58,12025.48,0.9669393654,3,2,28,34
77.0,360,36182.8,39668.16,0.0878629107,5,2,22,2
0.0,228,15803.5,18528.2,0.91581859,3,4,40,31
0.0,240,116164.88,107618.54,0.78180923,5,2,24,27
1.0,360,253821.47,237305.6,0.0,5,2,17,6
32.0,236,21260.47,15623.79,0.0,3,2,58,10
94.0,240,15532.79,16496.21,0.0,4,2,40,13
24.98,204,10660.4,10211.02,0.0,4,2,37,6
1.0,300,55575.5,52624.33,0.0,4,2,10,10
0.0,360,0.0,127089.5,0.7456173299,4,2,28,15
1.0,240,0.0,120591.95,1.0,5,2,15,1
1.0,235,8959.24,11734.32,0.9773323039,3,2,37,49
5.0,300,0.0,82481.3,1.0,4,2,15,1
1.0,240,0.0,222334.5,1.0,5,2,7,37
24.98,223,12704.0,7679.79,1.0,3,2,39,30
1.0,240,0.0,32153.46,1.0,5,2,13,5
24.98,360,0.0,144325.72,1.0,5,2,12,1
7.0,240,44325.4,54826.79,0.7336235402,5,2,32,34
2.0,224,14956.46,17840.36,0.9062401207,3,2,17,55
68.0,218,34259.7,17827.17,0.9033570668,3,4,24,40
1.0,236,14260.36,14377.84,1.0,3,2,58,25
1.0,240,0.0,215633.52,0.8292727087,5,2,7,3
56.0,240,53456.1,53211.28,0.0,5,2,36,4
1.0,240,0.0,36650.49,1.0,5,2,23,1
24.98,240,67802.18,57971.84,0.0,5,2,42,14
1.0,230,10496.9,11646.05,0.9460280524,3,4,38,46
1.0,240,55919.27,53211.09,0.0,4,2,26,8
24.98,60,35044.89,31347.06,0.0,1,2,39,4
48.0,240,269893.12,286019.83,0.0,5,2,16,0
0.0,360,0.0,86852.87,1.0,5,2,22,6
1.0,234,14892.43,14642.05,0.9690166336,3,2,32,48
1.0,251,0.0,86709.6,1.0,4,2,13,9
44.0,236,16936.36,19642.58,0.9187591447,3,2,14,49
0.0,240,77353.62,53865.67,1.0,5,2,15,30
2.0,300,0.0,46919.25,1.0,4,2,22,2
24.98,180,51960.91,47653.41,0.0,5,2,38,7
1.0,222,12657.19,7860.87,1.0,3,2,39,30
13.0,240,0.0,28521.6,0.7389907913,5,2,25,26
89.0,240,15370.44,36067.69,0.6775356058,5,2,15,44
1.0,236,4557.46,6979.8,0.3470500587,3,4,63,20
70.0,360,0.0,71424.47,1.0,4,2,12,2
0.0,360,0.0,176018.05,1.0,5,2,22,9
7.0,300,0.0,82491.22,1.0,4,2,31,8
13.0,300,0.0,43419.63,1.0,4,2,36,8
0.0,360,170196.21,179022.57,0.0493030572,5,2,25,1
26.0,235,13081.03,13295.76,0.9937040079,3,2,13,62
24.98,96,20746.65,19524.52,0.0,5,2,18,5
1.0,360,0.0,189375.74,1.0,5,2,17,1
24.98,240,124278.3,124711.61,0.0,5,2,33,14
1.0,231,7862.07,8809.38,0.1075342419,3,2,65,13
56.0,300,0.0,73618.71,0.8132858675,4,2,16,4
32.0,240,0.0,55667.68,1.0,5,2,71,1
68.0,218,34228.42,17827.17,0.9033570668,3,4,24,40
24.98,120,18849.32,23107.07,0.0113189839,4,2,26,6
29.0,240,134065.01,131389.14,0.0,5,2,33,9
10.0,240,12585.67,13138.87,0.0421040774,3,2,54,6
1.0,137,14854.58,9780.46,1.0,4,2,23,33
42.0,360,103612.57,104793.87,0.0112726059,5,2,12,1
2.0,231,7862.34,8769.9,0.1034857866,3,2,66,12
1.0,234,14892.43,14781.96,0.9228255252,3,2,32,48
94.0,230,7419.44,11425.59,0.9068949612,3,4,19,61
3.0,240,0.0,102898.44,0.6890800164,5,2,19,1
94.0,236,3559.21,5711.13,0.8617436479,3,4,30,46
1.0,240,82834.22,61368.66,1.0,4,2,14,27
24.98,204,15028.89,14343.93,0.0,4,3,10,4
70.0,240,241510.46,245546.7,0.0,5,2,27,1
6.0,240,0.0,25408.64,1.0,5,2,64,5
1.0,204,40184.79,41539.38,0.0,1,2,44,0
1.0,240,26316.66,26524.79,0.007846622,3,4,32,23
8.0,240,19710.24,21231.95,0.0716707603,3,2,49,8
1.0,240,0.0,24458.58,1.0,4,2,51,7
24.98,240,137424.3,137308.17,0.0,5,2,23,0
31.0,204,8127.92,9816.55,0.1720186827,3,4,55,5
24.98,240,132018.02,143284.55,0.0,5,2,8,5
93.0,360,0.0,156764.11,1.0,5,2,17,2
1.0,236,10249.12,14083.57,1.0,3,4,29,34
0.0,360,0.0,87883.21,1.0,5,2,29,10
13.0,240,0.0,65857.27,1.0,4,2,18,7
24.98,120,33728.67,25320.24,0.0,2,2,53,20
4.0,240,24941.23,39629.13,0.0,5,2,9,24
10.0,360,86149.75,87160.05,0.0115913196,5,2,8,2
24.98,220,16339.31,11382.38,0.9360072322,3,4,18,61
4.0,300,0.0,38472.77,1.0,4,2,39,1
24.98,360,52623.5,57546.69,0.0855512281,5,2,11,4
24.98,36,4164.16,3808.81,0.0,2,2,21,5
24.98,204,17193.55,16702.13,0.0,4,3,25,3
24.98,360,80230.61,95976.04,0.0790008106,5,2,9,7
90.0,221,23768.5,20171.85,0.9257202488,3,4,31,33
2.0,225,11346.01,11567.6,0.0191560912,3,2,46,22
22.0,300,0.0,37963.64,1.0,4,2,38,2
11.0,300,75993.72,74970.45,0.0,4,2,20,3
52.0,240,101565.21,101218.62,0.0,5,2,31,1
3.0,240,47303.07,44503.66,0.0,4,2,22,10
1.0,236,21262.15,10906.42,0.9463105217,3,2,41,27
24.98,120,0.0,207418.32,1.0,5,2,10,1
8.0,300,66526.21,66820.89,0.0044099981,4,2,20,1
1.0,280,0.0,83368.27,1.0,4,2,24,5
1.0,240,22502.64,27160.77,0.9314739604,3,4,27,29
5.0,360,120456.33,120838.07,0.0031591037,5,2,10,2
38.0,240,84583.57,85409.94,0.0,4,2,13,1
1.0,300,76457.72,71841.74,0.0,4,2,18,10
13.0,232,15399.0,9633.86,0.9117435794,3,2,27,36
56.0,240,17678.46,22268.49,0.7842877106,4,2,10,44
2.0,234,7397.34,7892.95,0.0627914785,3,2,79,6
53.0,240,0.0,30559.69,1.0,4,2,31,1
68.0,218,32918.14,15792.89,0.891283356,3,4,22,43
44.0,240,27275.28,25335.35,0.0,4,2,37,5
14.0,300,0.0,67395.5,1.0,4,2,16,1
24.98,240,179052.43,175340.65,0.0,5,2,21,7
1.0,300,72550.63,70843.54,0.0,4,2,9,4
16.0,240,0.0,37624.28,1.0,5,2,41,1
1.0,236,21260.47,10891.63,0.9449457978,3,2,38,30
23.0,300,0.0,54728.41,1.0,4,2,36,3
24.98,180,39941.15,59557.91,0.6274241874,1,2,40,33
1.0,223,12697.03,7680.85,1.0,3,2,39,30
70.0,240,0.0,93548.91,1.0,5,2,16,2
24.98,221,33287.42,30851.24,0.0,3,4,46,12
24.98,204,28303.27,33201.71,0.0,1,2,25,23
95.0,300,0.0,53143.43,1.0,4,2,10,2
0.0,360,0.0,176402.71,1.0,5,2,10,0
4.0,300,0.0,47373.91,1.0,4,2,24,1
24.98,228,24565.9,14104.0,0.9121440726,3,4,14,60
24.98,300,0.0,64970.91,1.0,4,2,7,2
5.0,222,13116.06,7179.83,0.9039879774,3,2,41,30
1.0,240,0.0,33345.67,1.0,4,2,16,6
24.98,250,47825.82,47472.17,0.0,5,2,14,1
1.0,240,0.0,105100.05,0.7070103726,5,2,7,18
56.0,300,45810.35,44604.47,0.0,4,2,26,6
1.0,300,0.0,40382.73,1.0,4,2,20,8
94.0,240,19807.68,10199.63,0.0,3,4,15,21
82.0,360,105068.38,107400.24,0.0217118695,5,2,18,2
13.0,119,0.0,46762.0,1.0,5,2,45,1
22.0,300,0.0,50232.62,1.0,4,2,30,6
56.0,230,13250.02,15307.29,0.1343980548,5,2,60,21
9.0,275,0.0,103997.87,1.0,5,2,13,2
0.0,300,0.0,74101.61,1.0,4,2,25,3
2.0,360,0.0,84177.79,1.0,5,2,20,1
17.0,132,79934.91,70545.28,0.0,5,2,53,10
1.0,240,23876.34,26785.34,0.9461892214,3,2,34,26
2.0,218,28572.14,28984.26,0.0142187518,3,2,61,14
2.0,300,67467.25,62607.79,0.0,4,2,11,12
0.0,300,61650.42,54755.1,0.0,4,2,13,14
1.0,240,0.0,51321.62,1.0,4,2,34,18
24.98,240,167176.27,133168.96,0.0,1,2,56,19
24.98,204,128310.36,124122.27,0.0,5,2,25,3
64.0,240,48088.69,51162.2,0.0,4,2,36,20
0.0,240,75403.4,78799.47,0.0430976249,5,2,24,1
0.0,300,62481.78,57305.83,0.0,4,2,14,15
0.0,240,26188.5,26476.05,0.9711939659,3,4,22,33
38.0,300,58441.37,57275.4,0.0,4,2,27,2
1.0,236,14670.06,9851.59,0.9841599173,3,2,28,40
1.0,240,0.0,105414.32,0.7448747001,5,2,26,11
23.0,240,28815.67,73374.22,0.0,5,2,17,21
45.0,240,34784.2,36124.58,0.037104376,4,2,38,2
4.0,225,11346.01,11567.61,0.0191569391,3,2,46,22
5.0,240,0.0,118163.25,1.0,5,2,14,2
93.0,240,31221.5,29111.52,0.0,3,2,40,3
4.0,240,10516.15,8971.6,0.0,3,4,35,18
1.0,219,0.0,114800.64,1.0,5,2,13,4
1.0,236,15921.35,18191.9,0.1248110423,3,2,49,20
8.0,360,91667.75,97485.66,0.0596796493,5,2,41,7
24.98,240,39421.33,38800.58,0.0,5,2,21,1
2.0,240,26548.38,30235.38,0.1219432334,1,2,112,11
94.0,240,26222.61,26532.87,0.9850509952,3,4,21,38
24.98,180,51954.14,49945.28,0.0,5,2,16,8
17.0,360,0.0,126370.29,0.7585548838,4,2,11,1
89.0,240,62897.24,63762.58,0.0,4,2,23,2
1.0,240,0.0,63126.68,1.0,4,2,64,16
24.98,180,85812.27,94971.39,0.5662645178,1,2,49,25
94.0,240,25189.24,24484.17,0.0,4,2,42,4
93.0,236,3617.68,5640.63,0.89463411,3,4,18,64
24.98,300,0.0,50511.31,1.0,4,2,7,3
1.0,236,19918.01,19276.32,0.9477836018,3,2,16,57
71.0,240,19221.72,19904.65,0.967972308,3,2,19,42
24.98,300,0.0,35820.59,1.0,4,2,14,3
30.0,180,71417.41,80029.11,0.1076070945,5,2,24,22
1.0,300,0.0,75104.81,1.0,4,2,25,3
1.0,300,48985.86,49265.55,0.0056771923,4,2,15,4
24.98,300,0.0,52731.81,1.0,4,2,8,6
9.0,300,0.0,30871.5,1.0,4,2,21,7
44.0,240,0.0,70188.47,1.0,4,2,33,2
6.0,240,19806.84,23795.74,0.9000514378,3,2,22,37
5.0,240,223452.62,228209.93,0.0208462007,5,2,31,9
94.0,240,197261.16,196753.87,0.0,5,2,7,1
68.0,215,33419.57,17708.46,0.9303637922,3,4,24,40
2.0,300,0.0,76642.78,1.0,4,2,17,10
1.0,180,10576.31,10584.97,0.0008181412,4,2,68,4
1.0,228,11601.57,10439.78,0.0,3,2,41,21
0.0,120,24928.74,12014.88,1.0,1,2,46,40
2.0,360,0.0,179583.84,1.0,5,2,19,1
94.0,236,3866.26,5936.48,0.8727377166,3,4,36,41
70.0,230,11483.43,13830.43,0.9145999076,3,4,33,29
77.0,300,0.0,47883.52,1.0,4,2,16,3
89.0,300,0.0,40468.82,1.0,4,2,23,1
1.0,236,21260.47,10795.13,0.9536170477,3,2,38,30
24.98,200,0.0,11257.0,0.9661161944,3,4,20,3
90.0,240,48561.89,52725.32,0.0,5,2,25,9
24.98,228,19335.21,17729.01,0.0,4,2,37,10
24.98,240,65382.97,76682.44,0.0,4,2,30,21
17.0,300,30636.92,30334.38,0.0,4,2,23,9
1.0,360,85702.07,74897.7,0.0,5,2,7,13
94.0,204,61605.85,56080.5,0.0,4,3,37,11
24.98,240,97306.69,95370.61,0.0,5,2,40,2
24.98,240,92081.42,87592.42,0.0,1,2,95,4
1.0,240,21700.55,14521.52,0.9475261543,3,4,20,37
24.98,240,17161.21,19220.7,0.0,4,2,10,13
24.98,180,59538.09,54711.49,0.0,5,2,23,7
2.0,300,0.0,48665.58,1.0,4,2,16,1
1.0,240,20755.33,20948.87,0.0092386845,3,4,39,23
24.98,300,0.0,81758.26,1.0,4,2,10,5
24.98,240,43564.96,38819.08,0.0,5,2,18,11
1.0,240,0.0,82230.14,0.7245851035,4,2,13,9
1.0,140,0.0,17844.58,0.7163624494,4,2,7,15
1.0,225,16828.9,18449.76,0.0878526333,3,2,63,17
1.0,216,3462.26,6110.03,0.8783328396,3,4,21,57
24.98,236,4810.56,5378.9,0.0,3,4,43,24
24.98,240,72687.22,67718.39,0.0,5,2,33,6
67.0,240,165767.14,160903.6,0.0,5,2,10,4
2.0,300,0.0,63975.33,1.0,4,2,16,4
0.0,240,0.0,41474.86,1.0,5,2,30,11
6.0,180,109372.84,103998.82,0.0,1,2,25,13
1.0,300,81919.8,80268.64,0.0,4,2,16,2
1.0,236,5002.71,5968.27,0.9800009048,3,4,28,54
1.0,240,10161.45,11968.65,1.0,3,2,22,32
32.0,240,12515.42,13465.05,0.0705255458,3,2,53,7
1.0,360,0.0,151433.89,1.0,5,2,20,9
1.0,240,73830.56,53132.95,1.0,5,2,41,27
41.0,240,113560.28,120253.95,0.0,5,2,23,1
3.0,218,33419.99,17708.46,0.9303637922,3,4,24,40
1.0,360,92346.65,85871.09,0.0,5,2,10,7
1.0,180,0.0,98099.68,1.0,5,2,41,10
56.0,300,0.0,71924.81,1.0,4,2,19,3
1.0,300,0.0,102983.51,1.0,4,2,39,10
1.0,222,10270.89,7672.65,1.0,3,2,39,30
1.0,240,11813.32,13585.02,0.1304157079,3,4,38,20
1.0,218,28572.13,26111.45,0.9841556099,3,2,45,30
1.0,236,21260.47,10908.35,1.0,3,2,43,25
1.0,300,0.0,43431.99,1.0,4,2,15,3
24.98,180,20522.89,18550.15,0.0,1,2,66,7
24.98,180,13707.79,14756.43,0.0,1,2,29,8
30.0,240,23839.63,31224.75,0.7183796916,5,2,21,39
94.0,240,43739.5,45171.54,0.0,5,2,26,1
90.0,218,28327.8,24320.95,0.0,3,4,39,17
83.0,300,32978.54,35249.93,0.0,4,2,16,5
68.0,218,33008.19,18075.86,0.8479458239,3,4,24,40
13.0,232,15267.29,18071.38,0.9232344182,3,2,24,59
24.98,240,117680.11,105463.64,0.0,5,2,9,11
94.0,240,19707.61,22229.29,0.9038507303,3,2,17,40
2.0,240,0.0,82943.95,0.7863145713,4,2,28,2
4.0,240,0.0,52180.88,1.0,5,2,75,1
1.0,360,0.0,170014.77,1.0,5,2,13,4
1.0,300,62305.26,59432.51,0.0,4,2,13,9
24.0,240,132898.84,112206.14,0.6708963293,5,2,14,41
0.0,180,0.0,84449.8,0.7260479613,5,2,13,13
89.0,240,19188.13,19633.52,0.0,4,2,12,10
1.0,240,145287.79,141967.87,0.0,5,2,32,3
1.0,240,26236.34,26344.01,0.9881677087,3,4,30,32
24.98,240,18675.46,19748.26,0.0543237733,3,2,40,7
94.0,240,18874.27,23093.47,0.9091868827,3,4,19,36
8.0,232,15266.74,18071.38,0.9224121235,3,2,24,59
13.0,300,0.0,38972.87,1.0,4,2,13,8
1.0,240,0.0,33709.22,1.0,4,2,19,8
24.98,120,19503.16,22656.91,0.0110593412,1,2,16,4
24.98,120,52769.56,44774.98,0.0,5,2,14,13
31.0,240,53972.13,49818.87,0.0,5,2,28,9
2.0,240,19703.8,21446.47,0.081256729,3,2,47,10
89.0,240,47595.4,47230.91,0.0,4,2,33,7
30.0,240,0.0,45094.4,0.6653208148,1,2,38,5
24.98,240,171817.13,165083.11,0.0,5,2,21,4
24.98,222,13455.71,4872.84,0.9734733749,3,2,27,40
1.0,222,11455.64,4282.77,0.9128998288,3,2,12,53
1.0,218,33729.61,17724.5,0.9266659144,3,4,24,40
10.0,300,79792.6,78631.83,0.0,4,2,18,3
16.0,240,0.0,47560.01,0.800052204,4,2,26,9
1.0,236,9885.61,11001.07,0.1013955915,3,4,44,20
1.0,240,20754.74,18087.08,0.97720417,3,4,23,39
75.0,204,47703.22,43894.36,0.0,4,3,63,10
18.0,300,54139.04,53568.94,0.0,4,2,12,12
83.0,234,15793.19,22211.42,0.8797001723,3,4,40,28
24.98,240,10453.63,9315.45,0.0,1,3,98,18
56.0,240,0.0,100147.42,0.7820886997,5,2,34,6
70.0,240,8309.97,8891.44,0.0653966062,3,2,58,6
0.0,240,39010.9,76108.53,0.2682086835,5,2,33,19
1.0,300,65386.74,58691.43,0.0,4,2,11,17
20.0,360,0.0,66095.33,1.0,5,2,26,5
0.0,300,57313.41,53725.52,0.0,4,2,7,11
0.0,240,0.0,56573.69,0.753877501,5,2,23,11
83.0,240,165415.72,166175.8,0.0045739512,5,2,15,2
56.0,240,10116.95,10501.14,0.0365855517,3,2,49,7
1.0,240,81581.48,106658.17,0.7642130373,5,2,40,38
94.0,231,7861.29,8023.15,0.0201741211,3,2,76,2
4.0,300,35832.79,33251.61,0.0,4,2,9,13
24.98,218,14775.33,9591.01,0.9107247308,3,4,17,32
57.0,240,50015.33,50680.7,0.0,5,2,11,1
1.0,360,271567.44,236008.71,0.0,5,2,11,13
81.0,239,23875.74,30330.81,0.0,1,2,89,19
90.0,237,34426.48,34693.68,0.0,5,2,14,4
4.0,216,17895.19,16306.84,0.9456553201,3,4,26,29
24.98,240,26318.37,26460.48,0.9794081589,3,4,35,29
24.98,96,42534.96,38467.44,0.0,1,2,40,6
93.0,234,15897.57,19805.84,0.8603225109,3,2,32,42
24.98,224,20907.71,19958.53,0.8705530918,3,2,16,55
1.0,236,19371.79,15724.7,0.9672871343,3,2,11,49
24.98,240,28112.65,31711.92,0.0,5,2,30,6
96.0,230,11483.4,13840.61,0.9178670593,3,4,33,29
0.0,240,71819.73,60011.14,0.0,4,2,22,19
17.0,300,0.0,54454.3,1.0,4,2,19,4
1.0,360,187810.06,193562.79,0.0297202267,5,2,23,7
76.0,240,18116.71,18661.49,0.9319663114,3,2,20,35
24.98,240,72345.4,66503.67,0.0,5,2,42,18
91.0,230,8256.86,9612.49,0.9117221448,3,2,28,52
1.0,231,7862.07,8967.7,1.0,3,2,52,26
1.0,234,16677.68,17434.6,0.9690041641,3,4,15,43
70.0,300,34148.62,33778.76,0.0,4,2,14,2
24.98,240,91130.96,83760.58,0.0,4,2,9,9
24.98,300,0.0,64600.51,1.0,4,2,11,2
5.0,180,80350.24,79612.01,0.0,5,2,19,6
53.0,300,0.0,63751.31,1.0,4,2,24,7
94.0,180,52238.81,45153.09,0.0,1,2,48,14
3.0,300,52848.41,51135.17,0.0,4,2,21,6
0.0,240,111922.07,105508.38,0.0,5,2,35,5
24.98,240,85173.72,68226.97,0.0,4,2,29,22
24.98,300,0.0,72497.05,1.0,4,2,12,1
24.98,300,0.0,71392.24,1.0,4,2,8,7
24.98,240,50121.39,46647.19,0.0,4,2,47,7
56.0,200,9038.83,10623.44,0.8891498422,3,4,21,58
81.0,360,249144.15,213796.55,0.0,5,2,16,24
24.98,222,26684.74,6153.34,0.0,3,2,24,19
24.98,222,26646.88,5889.13,0.0,3,2,24,19
24.98,50,15120.36,36253.48,0.0,5,2,16,17
24.98,180,0.0,97410.39,1.0,1,2,12,4
33.0,240,10526.76,11689.95,0.0995034196,3,2,35,19
1.0,360,102571.19,86237.14,0.0,5,2,25,17
34.0,300,38723.96,38996.48,0.006988323,4,2,11,1
4.0,240,73421.89,72538.13,0.0,5,2,44,1
94.0,240,75321.19,77574.16,0.0,4,2,45,2
5.0,240,0.0,107899.68,1.0,5,2,13,11
4.0,100,18858.32,20716.61,0.0897004867,5,2,27,7
52.0,234,13509.21,14125.48,0.9600764009,3,2,14,60
2.0,360,0.0,86468.7,1.0,5,2,10,2
9.0,300,77420.81,76685.22,0.0,4,2,14,1
1.0,300,0.0,54982.27,1.0,5,2,24,9
56.0,232,15191.99,18051.11,0.9239176981,3,2,24,59
24.98,300,0.0,63102.16,1.0,4,2,8,3
1.0,120,0.0,36962.32,1.0,5,2,64,2
1.0,224,14923.81,17926.37,0.9400715259,3,2,17,55
24.98,360,0.0,171897.4,1.0,5,2,8,6
0.0,240,16104.24,18789.26,0.9428806669,3,2,33,52
2.0,204,0.0,53196.72,0.7860672653,4,3,14,2
1.0,236,21260.47,10892.05,0.9449479207,3,2,38,30
1.0,240,0.0,80674.29,1.0,4,2,13,1
94.0,234,14828.44,16030.23,0.9782897688,3,2,20,60
6.0,360,0.0,118352.44,1.0,5,2,22,5
50.0,180,146244.15,155147.9,0.0573887884,5,2,23,2
64.0,230,10496.84,11652.85,0.9412847501,3,4,38,46
0.0,300,0.0,48107.42,1.0,5,2,11,2
2.0,300,0.0,58728.76,1.0,4,2,14,1
2.0,300,0.0,40365.35,1.0,4,2,21,7
60.0,300,59057.28,58465.45,0.0,4,2,8,2
11.0,240,21166.64,29113.17,0.8850575186,3,4,16,40
7.0,300,37833.28,37240.04,0.0,4,2,31,3
19.0,300,0.0,67974.86,1.0,4,2,18,1
55.0,240,56551.44,65801.28,0.1405723414,5,2,67,10
0.0,230,10496.9,11698.44,0.9286836535,3,4,38,46
0.0,300,44360.69,42808.3,0.0,4,2,7,6
5.0,222,11444.87,4342.46,0.8893967935,3,2,13,52
24.98,360,128371.35,132621.62,0.0,4,2,17,18
76.0,300,64028.76,63270.82,0.0,4,2,7,4
1.0,300,84066.24,81318.35,0.0,4,2,9,5
2.0,180,0.0,98468.13,1.0,5,2,59,6
4.0,240,0.0,58125.29,0.7004800895,5,2,25,11
5.0,240,0.0,42560.84,1.0,4,2,31,4
9.0,240,0.0,44388.49,1.0,4,2,41,12
24.98,240,80438.56,50284.43,0.8532092507,4,2,14,48
18.0,300,0.0,93757.79,1.0,4,2,22,3
0.0,360,118301.52,104541.49,0.0,5,2,7,12
0.0,180,0.0,172584.94,1.0,5,2,34,7
38.0,300,0.0,67716.41,0.8078000813,4,2,29,2
96.0,320,0.0,94864.76,1.0,5,2,23,4
2.0,160,112430.64,109152.12,0.0,5,2,9,2
1.0,300,0.0,67534.27,1.0,4,2,15,2
24.98,120,8098.34,10976.87,0.0528577672,4,2,57,9
24.98,360,0.0,282691.02,1.0,5,2,10,2
1.0,222,11455.23,4285.36,0.9239270446,3,2,13,52
2.0,300,0.0,34849.69,1.0,4,2,21,0
24.98,300,0.0,61929.05,0.6966822111,5,2,17,21
0.0,240,85284.75,74493.11,0.0,5,2,7,13
43.0,222,13542.93,12717.01,0.9510238649,3,4,30,53
24.98,240,88395.6,77252.38,0.0,5,2,7,13
24.98,222,7645.83,5537.84,0.9276577149,3,2,17,55
24.98,360,238221.08,233428.14,0.0,5,2,8,2
1.0,240,26319.94,26889.46,0.021180046,3,4,44,17
29.0,300,0.0,22239.81,0.0,4,2,7,24
94.0,240,29080.84,54212.74,0.7562437061,4,2,29,64
24.98,60,61037.26,66291.91,0.0,1,2,12,3
89.0,180,13709.39,14059.93,0.0,4,2,48,1
1.0,300,0.0,55622.34,1.0,4,2,15,3
1.0,240,129904.58,128125.8,0.0,5,2,20,1
0.0,300,23713.74,22821.92,0.0,4,2,10,6
24.98,300,0.0,66500.84,1.0,4,2,7,6
4.0,229,15158.35,18022.92,0.8571058408,3,2,51,32
24.98,300,73244.3,73389.62,0.0019801165,5,2,15,0
1.0,180,0.0,39176.33,0.6983901472,5,2,22,10
0.0,72,263856.24,156529.19,1.0,5,2,32,28
1.0,360,0.0,287316.0,1.0,5,2,8,18
1.0,240,10578.63,11817.99,0.0,3,2,37,18
5.0,120,151437.38,147689.15,0.0,1,2,11,1
30.0,360,0.0,121805.64,1.0,5,2,15,7
94.0,240,49463.3,54309.72,0.0,5,2,26,10
24.98,360,0.0,118465.0,1.0,5,2,9,1
56.0,240,0.0,77575.91,1.0,4,2,42,4
24.98,360,0.0,153516.41,1.0,5,2,12,2
28.0,240,0.0,82809.72,1.0,5,2,34,1
24.98,240,61562.16,59577.37,0.0,5,2,14,3
41.0,300,0.0,25206.23,0.8641352532,4,2,17,5
24.98,240,112854.25,106662.5,0.0,5,2,22,5
24.98,180,23410.22,29423.35,0.0,2,2,42,14
0.0,360,370108.98,402198.6,0.079785509,5,2,15,3
1.0,240,103643.74,68819.07,1.0,5,2,13,34
93.0,240,0.0,33825.4,1.0,4,2,42,2
56.0,240,19205.15,19904.65,0.967972308,3,2,19,42
37.0,230,13652.97,15965.84,0.8977335361,3,2,23,53
0.0,240,63166.47,49733.85,0.9157810371,5,2,30,31
94.0,240,114103.01,111697.19,0.0,5,2,19,4
0.0,240,159639.16,128667.0,0.7969740727,5,2,8,25
47.0,253,0.0,112323.07,1.0,5,2,18,2
3.0,300,0.0,61816.68,1.0,4,2,19,2
56.0,224,14377.68,17905.29,0.831856954,3,2,47,29
5.0,240,19709.24,22287.54,0.9311521146,3,2,15,42
92.0,325,103196.02,104593.12,0.0,5,2,11,2
2.0,240,0.0,128983.58,1.0,5,2,24,5
3.0,234,14892.43,14600.02,0.9805239993,3,2,50,30
24.98,204,15920.45,14943.34,0.0,4,3,24,7
1.0,223,12657.19,7860.87,1.0,3,2,39,30
5.0,300,0.0,61002.86,1.0,4,2,7,2
94.0,240,19697.48,22213.95,0.9027178867,3,2,17,40
24.98,132,154821.03,137099.81,0.0,5,2,26,10
91.0,300,32432.81,31967.86,0.0,4,2,12,3
1.0,360,141628.15,135341.59,0.0,5,2,10,5
1.0,222,7640.47,5546.63,0.9241431284,3,2,17,55
70.0,236,9493.28,9536.64,0.9743211446,3,2,27,59
24.98,240,75236.41,73310.36,0.0,1,2,19,2
1.0,240,8286.19,10072.59,0.9707274892,3,2,26,38
9.0,300,0.0,87822.58,1.0,4,2,13,2
1.0,234,14892.43,14737.78,0.9832953131,3,2,32,48
1.0,240,94827.84,88357.36,0.0,5,2,34,3
4.0,216,0.0,54482.35,1.0,4,2,20,1
1.0,240,23878.72,27661.56,0.1367543985,4,2,61,15
72.0,240,215551.16,199031.72,0.0,5,2,14,9
24.98,236,10037.33,7447.11,0.9742423571,3,2,15,29
94.0,240,35749.33,41531.86,0.0,5,2,25,12
94.0,360,0.0,170790.88,1.0,5,2,11,2
14.0,88,163415.13,190810.68,0.1435745106,5,2,17,1
0.0,236,21260.47,10749.67,1.0,3,2,43,25
96.0,216,10461.95,13961.63,0.8886970934,3,4,20,34
1.0,234,14892.43,14913.11,1.0,3,2,50,30
0.0,358,96721.94,93023.74,0.0,5,2,12,8
24.98,240,37459.42,35568.55,0.0,4,2,22,6
24.98,240,159415.72,187397.99,0.0,1,2,43,6
0.0,180,0.0,6169.98,0.824809922,1,3,97,32
24.98,204,38891.93,40535.92,0.0,4,2,12,7
1.0,240,26318.38,26429.82,0.9953325448,3,4,33,31
77.0,180,0.0,84961.53,0.6315302973,5,2,34,5
70.0,300,57437.7,55596.6,0.0,4,2,27,6
91.0,240,28561.87,15940.15,0.9626954577,3,2,34,29
0.0,240,0.0,129635.14,1.0,5,2,16,28
24.98,60,7919.5,14394.09,0.4498089146,5,2,34,6
24.98,240,17825.25,15336.36,0.0,5,2,35,11
2.0,300,0.0,90561.87,1.0,4,2,17,4
5.0,300,0.0,49446.79,1.0,4,2,31,4
2.0,240,34112.72,35052.89,0.0,4,2,37,2
96.0,350,0.0,106328.34,1.0,5,2,11,4
24.98,239,112352.07,113689.44,0.0,5,2,53,6
1.0,236,21249.77,9913.64,0.9771990914,3,2,28,40
1.0,222,7641.54,5528.24,0.9284455812,3,2,17,55
1.0,325,0.0,90409.34,1.0,5,2,16,2
95.0,180,0.0,127979.46,1.0,5,2,21,0
2.0,115,35488.65,35311.41,0.0,1,2,104,3
11.0,360,0.0,106138.43,1.0,5,2,28,6
94.0,224,14956.45,17852.06,0.890134808,3,2,17,55
6.0,240,123206.21,122990.83,0.0,5,2,17,2
1.0,229,15065.75,17990.82,0.9678024681,3,2,23,60
1.0,300,59032.1,56355.79,0.0,4,2,20,8
24.98,240,120938.11,119862.51,0.0,5,2,12,1
29.0,240,64833.42,97505.13,0.7524107956,5,2,14,26
34.0,360,0.0,106707.05,0.7347040333,5,2,20,14
1.0,240,26316.66,26507.66,0.0072054644,3,4,33,22
2.0,300,0.0,52953.53,1.0,4,2,31,1
4.0,300,0.0,60610.23,1.0,4,2,27,4
24.98,228,28714.41,26849.48,0.0,3,4,41,18
18.0,300,0.0,53166.78,1.0,4,2,19,0
93.0,236,18396.86,17154.56,0.9315429833,3,2,24,41
10.0,204,42534.43,43506.48,0.0,4,2,15,6
89.0,240,34324.41,33121.02,0.0,5,2,26,3
3.0,240,0.0,119763.15,0.7344030279,5,2,25,7
24.98,300,77976.86,74202.08,0.0,4,2,10,9
94.0,240,36354.85,39473.66,0.0,4,2,22,2
0.0,240,0.0,30084.24,0.8974592206,4,2,27,1
1.0,300,76226.73,73953.65,0.0,4,2,12,5
24.98,240,58555.93,56100.85,0.0,5,2,25,10
1.0,300,74012.72,67906.54,0.0,4,2,9,13
14.0,300,0.0,18325.11,1.0,4,2,26,2
2.0,360,0.0,96478.36,1.0,5,2,25,5
0.0,144,28639.07,27442.26,0.0,1,2,80,5
1.0,240,0.0,20258.09,0.8346409164,4,2,18,1
24.98,180,22808.64,15997.7,1.0,5,2,27,26
90.0,221,23615.85,20171.85,0.925876407,3,4,31,33
96.0,240,29103.79,29281.76,0.0,4,2,22,2
1.0,230,24475.12,23229.06,1.0,3,4,23,52
24.98,180,37768.68,49923.76,0.0,2,2,88,15
56.0,240,0.0,97173.11,1.0,4,2,42,2
1.0,240,98081.57,97655.04,0.0,5,2,16,3
2.0,300,0.0,71895.03,1.0,4,2,13,2
0.0,236,19371.79,15734.91,0.965912738,3,2,11,49
2.0,240,19262.59,19856.95,0.0299320893,4,2,41,6
89.0,225,19560.93,14602.83,0.9423755532,3,4,22,26
61.0,300,0.0,52999.07,1.0,4,2,17,2
40.0,240,113087.43,89994.93,0.0,5,2,10,22
1.0,222,11449.99,4291.3,0.9236128912,3,2,14,51
77.0,300,76934.45,76503.87,0.0,4,2,21,1
52.0,300,0.0,51549.85,1.0,4,2,14,1
2.0,228,15103.58,17298.3,0.1268748952,3,4,60,11
24.98,360,86732.5,84491.85,0.0,5,2,7,3
94.0,240,42640.17,48561.46,0.0,4,2,33,20
24.98,180,41888.57,49175.53,0.0,5,2,19,16
3.0,300,0.0,36341.19,1.0,4,2,8,22
8.0,225,11346.01,11617.49,0.0,3,2,46,22
24.98,236,10050.01,7470.14,0.9677516084,3,2,15,29
24.98,240,119595.01,122590.55,0.0,5,2,16,10
91.0,240,28545.48,27507.06,0.0,3,2,55,8
70.0,235,13119.93,13298.44,0.9498490048,3,2,16,65
1.0,360,0.0,167718.12,1.0,5,2,11,2
56.0,300,0.0,74423.0,1.0,4,2,26,1
24.98,240,138617.46,134153.46,0.0,5,2,15,3
5.0,240,26316.65,26509.5,0.9724464815,3,4,22,33
0.0,305,152565.57,143446.13,0.0,5,2,9,5
90.0,240,10862.71,11232.16,0.0,4,2,30,1
16.0,240,0.0,74381.68,1.0,5,2,9,2
4.0,240,0.0,220020.65,1.0,5,2,10,1
2.0,300,0.0,86897.07,1.0,4,2,27,3
94.0,204,10269.98,10484.54,0.0,4,3,47,1
5.0,360,0.0,153462.43,1.0,5,2,30,2
1.0,270,0.0,118240.56,1.0,5,2,23,5
68.0,218,33472.69,17827.17,0.9033570668,3,4,24,40
24.98,240,36774.92,35733.43,0.0,4,2,25,4
5.0,360,0.0,119553.03,1.0,5,2,11,1
4.0,360,0.0,58967.72,1.0,5,2,20,5
2.0,360,0.0,78306.67,1.0,5,2,43,1
1.0,240,0.0,94433.3,0.7414360177,5,2,46,1
17.0,180,0.0,505019.61,1.0,1,2,10,2
24.98,204,62912.99,59984.12,0.0,5,2,27,4
1.0,300,57911.91,54738.15,0.0,4,2,8,9
4.0,200,10292.63,10630.64,0.8802311056,3,4,21,58
83.0,240,93198.23,88789.94,0.0,5,2,12,6
24.98,232,15424.12,12529.44,0.9764570484,3,2,31,32
1.0,236,21249.77,10881.76,0.9399793783,3,2,38,30
8.0,300,0.0,42112.68,1.0,4,2,20,3
1.0,360,62157.22,52555.64,0.0,5,2,8,17
4.0,240,10509.93,9023.77,0.0,3,4,35,18
1.0,360,0.0,79146.2,1.0,5,2,11,2
1.0,360,273647.41,274870.6,0.0044500576,5,2,9,10
26.0,240,0.0,101444.7,1.0,5,2,27,8
24.98,180,155841.78,148353.88,0.0,5,2,25,4
4.0,300,0.0,56389.45,1.0,4,2,23,1
1.0,240,0.0,17190.21,1.0,5,2,15,11
2.0,236,9493.28,9569.59,0.9765831138,3,2,58,28
96.0,360,41.63,35.08,0.0,5,2,48,5
96.0,300,0.0,93892.76,1.0,5,2,15,5
1.0,222,12698.85,7672.67,0.9842558066,3,2,39,30
1.0,300,0.0,31118.01,1.0,4,2,18,6
24.98,240,130400.34,140105.73,0.0692718992,5,2,36,8
8.0,240,0.0,115121.76,1.0,5,2,39,1
24.98,60,125929.44,148179.14,0.0,1,2,17,12
24.98,240,89750.39,102698.87,0.0,5,2,25,21
3.0,360,0.0,104818.28,1.0,5,2,14,2
3.0,240,109470.49,95604.39,0.0,5,2,22,23
1.0,210,0.0,60209.4,0.6725403591,4,2,49,15
2.0,300,0.0,59324.35,1.0,4,2,25,2
1.0,222,11449.99,4293.09,0.9145720216,3,2,13,52
24.98,240,71359.22,71301.43,0.0,5,2,19,4
94.0,222,13549.34,12653.85,0.9648786733,3,4,30,53
24.98,300,0.0,68458.6,1.0,4,2,9,8
8.0,229,15327.07,17910.77,0.9712547255,3,2,23,58
3.0,312,162587.04,163952.52,0.0,5,2,18,20
24.98,96,6539.24,17822.72,0.0,2,2,73,11
13.0,218,33488.26,17708.46,0.9303637922,3,4,24,40
24.98,321,153646.37,146523.36,0.0,5,2,11,1
0.0,228,13215.18,12040.11,0.96652107,3,2,34,28
0.0,300,57596.12,51972.93,0.0,4,2,19,17
19.0,300,0.0,98804.41,1.0,5,2,20,7
94.0,240,19808.83,10146.68,0.0,3,4,15,21
24.98,222,26707.31,6084.09,0.9625153474,3,2,18,25
2.0,240,0.0,34130.12,0.7104348295,5,2,13,3
10.0,240,96629.41,98640.98,0.0,5,2,32,3
4.0,300,0.0,37409.11,1.0,4,2,29,1
1.0,236,21249.77,10857.38,1.0,3,2,42,26
2.0,300,48633.04,49421.0,0.0159438295,4,2,7,19
24.98,240,38797.55,37918.79,0.0,4,2,25,3
7.0,240,19221.72,19912.16,0.9705923416,3,2,19,42
2.0,240,0.0,84067.77,0.7837204705,5,2,24,5
53.0,360,0.0,102865.74,1.0,5,2,30,2
94.0,244,0.0,35283.33,1.0,4,2,20,3
1.0,235,13119.93,13223.94,1.0,3,2,41,40
5.0,240,71443.12,69105.47,0.0,4,2,41,6
87.0,240,69182.11,67212.22,0.0,5,2,34,16
77.0,240,0.0,228564.85,1.0,5,2,25,6
24.98,120,39458.17,37600.04,0.0,5,2,36,4
2.0,240,27709.07,40214.25,0.7256644692,1,2,75,62
7.0,240,124757.14,97273.48,0.7937735397,5,2,18,28
68.0,120,47983.07,53491.01,0.0,5,2,15,5
40.0,240,33432.46,33783.43,0.0103888208,4,2,19,1
1.0,236,17272.23,21612.93,0.2008381094,3,4,47,19
3.0,360,0.0,66540.24,1.0,5,2,25,3
1.0,236,21260.47,9851.59,0.9753745335,3,2,28,40
1.0,240,30492.61,35250.17,0.1349655902,5,2,53,13
1.0,236,12883.58,13712.47,0.9948995331,3,4,36,26
92.0,72,0.0,1680.94,0.4588234507,4,1,20,52
1.0,300,0.0,82421.34,1.0,5,2,20,4
2.0,240,0.0,48041.16,1.0,4,2,25,2
24.98,300,0.0,71494.51,1.0,4,2,9,3
94.0,120,19216.09,16313.59,0.0,5,2,29,18
11.0,300,0.0,61845.92,1.0,4,2,20,2
9.0,300,0.0,90212.47,1.0,4,2,14,2
1.0,240,130247.26,122012.08,0.0,5,2,11,6
94.0,240,11036.37,11630.31,0.0,3,2,31,24
1.0,240,0.0,19881.91,0.860179156,4,2,14,2
96.0,300,0.0,22091.4,1.0,4,2,20,0
1.0,360,55293.48,77110.51,0.2829319894,5,2,27,10
1.0,240,64812.86,73432.92,0.0,5,2,26,19
37.0,360,175464.69,182314.48,0.0,5,2,12,21
71.0,180,2345.34,2814.53,0.0,5,2,38,12
1.0,360,0.0,119031.45,1.0,5,2,12,2
1.0,228,16662.71,18654.17,0.9682837671,3,4,38,33
2.0,360,0.0,114839.87,1.0,5,2,7,11
5.0,300,0.0,137138.11,1.0,5,2,28,5
6.0,300,0.0,49030.42,1.0,4,2,24,1
0.0,240,0.0,146824.77,1.0,5,2,41,2
1.0,235,13081.03,13303.49,0.953191982,3,2,13,62
94.0,240,27692.64,27454.55,0.0,4,2,18,2
1.0,300,0.0,51947.79,1.0,4,2,9,11
24.98,120,55931.99,68632.49,0.1850508411,5,2,35,1
10.0,234,11786.75,12842.65,0.0822182338,3,2,64,10
0.0,360,0.0,169220.19,1.0,5,2,9,10
1.0,360,0.0,88918.27,1.0,5,2,26,12
2.0,240,0.0,29129.15,1.0,4,2,51,5
56.0,228,13207.54,12121.42,0.0,3,2,40,22
8.0,180,33316.63,53533.33,0.185664022,5,2,24,15
2.0,230,7419.43,11424.55,0.9210262111,3,4,19,61
13.0,240,10527.25,11831.37,0.1102256121,3,2,33,21
24.98,180,254007.67,251854.51,0.0,5,2,15,8
24.98,180,69645.81,117483.6,0.0720083248,5,2,20,24
12.0,240,19221.73,19820.99,0.9699752636,3,2,21,40
53.0,230,26085.11,4857.25,0.8385856194,3,4,7,64
52.0,180,36624.85,42792.5,0.0,5,2,32,24
1.0,120,66490.23,49879.95,0.0,5,2,33,21
1.0,228,10421.87,11307.09,0.9835050398,3,4,26,34
24.98,204,62977.63,59413.29,0.0,4,2,12,8
1.0,240,49670.81,42637.05,0.0,4,2,17,20
2.0,240,79985.58,78187.93,0.0,4,2,30,11
24.98,232,36.21,18071.38,0.914312576,3,2,24,41
68.0,218,33427.04,17708.46,0.9303637922,3,4,24,40
3.0,240,21456.05,23261.17,0.0,4,2,24,14
30.0,240,0.0,68252.45,1.0,4,2,25,2
45.0,240,56127.62,67126.71,0.7149720316,5,2,29,39
70.0,225,16828.9,19384.43,0.9082093206,3,2,28,52
2.0,240,0.0,21002.37,0.7887411416,4,2,37,2
94.0,228,15349.88,18287.57,0.8459992224,3,2,50,27
18.0,232,15421.74,12548.89,0.9728900325,3,2,31,32
90.0,300,34655.7,34538.7,0.0,4,2,19,4
24.98,300,45232.22,41191.18,0.0,4,2,8,12
1.0,240,20497.62,22717.26,0.0977072059,4,2,70,4
5.0,239,0.0,45389.54,1.0,1,2,82,10
2.0,225,11346.01,11560.31,0.0185375652,3,2,46,22
1.0,240,19707.61,21994.03,0.1039563918,3,2,39,18
96.0,240,97218.61,86041.55,0.0,5,2,37,11
94.0,224,14956.45,17840.36,0.8907589309,3,2,17,55
24.98,360,106233.23,114446.36,0.0717640124,5,2,7,4
24.98,120,21158.87,19669.07,0.0,5,2,15,5
2.0,240,0.0,52231.93,1.0,5,2,65,11
75.0,218,33419.54,17708.46,0.9303637922,3,4,24,40
1.0,222,7641.54,5537.83,0.9322875567,3,2,17,55
1.0,240,0.0,63413.02,1.0,5,2,46,2
24.98,300,83354.47,80170.81,0.0,4,2,8,6
1.0,300,0.0,51873.98,1.0,4,2,9,9
24.98,240,6056.54,53368.0,0.6633867453,1,2,23,36
1.0,300,0.0,64075.39,1.0,4,2,10,1
0.0,180,0.0,98204.49,1.0,5,2,36,9
93.0,360,60834.78,68187.42,0.1078298607,5,2,23,8
24.98,300,0.0,80965.69,1.0,4,2,9,7
0.0,224,14961.6,17840.36,0.9169893433,3,2,17,55
64.0,240,19221.73,19757.14,0.0,3,2,37,24
1.0,240,18935.26,19080.36,0.0,4,2,20,1
0.0,120,89690.88,109822.92,0.1833136471,1,2,12,1
1.0,236,21262.15,10883.72,0.9514917694,3,2,38,30
2.0,236,21056.83,19226.13,0.9588887623,3,2,16,55
1.0,360,0.0,115535.19,1.0,5,2,10,12
18.0,240,28595.5,31395.27,0.0891780832,4,2,42,4
1.0,240,9112.56,8107.7,1.0,3,4,19,34
94.0,224,15053.73,17840.36,0.8911372865,3,2,17,55
90.0,240,44210.23,43844.06,0.0,5,2,12,2
24.98,180,21605.92,28191.81,0.0,1,2,50,18
4.0,240,0.0,84594.56,1.0,4,2,10,3
34.0,240,0.0,57270.12,0.7555494228,5,2,18,2
1.0,360,0.0,172016.78,1.0,5,2,32,1
4.0,360,0.0,195806.4,1.0,5,2,15,1
24.98,240,26301.03,28346.48,0.0721588712,4,2,26,5
24.98,240,98783.3,92480.25,0.0,5,2,35,6
1.0,240,86485.73,34660.52,1.0,1,2,34,59
3.0,320,0.0,207959.2,1.0,5,2,23,2
1.0,240,0.0,51626.03,1.0,5,2,44,15
1.0,240,0.0,61985.92,1.0,5,2,42,11
24.98,72,0.0,1640.92,0.4699924801,4,1,20,52
65.0,240,0.0,91078.16,1.0,5,2,22,3
24.98,180,60161.39,62335.02,0.0,5,2,31,10
0.0,222,13455.71,4872.86,0.9734734837,3,2,27,40
4.0,220,12530.64,11441.53,0.9373475401,3,4,18,61
54.0,180,29664.6,29031.37,0.0,1,2,54,4
4.0,360,0.0,92182.25,1.0,5,2,23,1
20.0,150,57599.58,63521.42,0.0,5,2,11,24
24.98,236,10020.87,8884.93,0.0,3,2,24,20
24.98,72,38704.67,51595.01,0.059902389,5,2,11,8
24.98,240,26188.51,26451.29,0.9839951095,3,4,22,33
26.0,300,0.0,68941.33,1.0,4,2,14,8
1.0,360,96088.87,93586.23,0.0,4,2,28,3
1.0,240,0.0,80759.08,1.0,5,2,51,2
1.0,234,17643.02,17542.11,0.9908922017,3,4,27,53
53.0,240,0.0,74699.07,1.0,4,2,23,3
94.0,300,0.0,33505.64,1.0,4,2,36,4
94.0,232,15234.37,18143.08,0.9104314152,3,2,24,59
0.0,360,0.0,132933.66,1.0,5,2,22,7
91.0,240,82576.26,83873.53,0.0,1,2,70,3
1.0,180,45385.4,41197.39,0.0,5,2,50,8
4.0,300,0.0,25333.5,0.0,4,2,15,17
0.0,240,0.0,56380.98,0.7444095671,5,2,26,19
1.0,236,21260.47,10883.64,0.9472299709,3,2,38,30
24.98,240,9240.72,10642.12,0.0,4,2,32,15
1.0,240,27260.3,30029.42,0.0922135692,5,2,48,3
1.0,180,22250.3,27043.17,0.1772303321,5,2,36,10
65.0,300,0.0,53818.68,1.0,4,2,14,1
24.98,240,62992.6,61034.52,0.0,5,2,32,2
2.0,240,0.0,13692.64,1.0,4,2,69,1
68.0,218,32658.71,15680.96,0.920327582,3,4,22,43
1.0,360,0.0,121472.3,1.0,5,2,17,7
24.98,180,71945.92,67413.7,0.0,4,2,33,7
91.0,240,69483.13,70293.12,0.0115230338,5,2,33,1
24.98,240,68403.51,74333.12,0.0797707671,4,2,23,5
93.0,218,28245.8,24367.12,0.0,3,4,39,17
24.98,360,228019.55,211102.35,0.0,5,2,9,7
0.0,48,0.0,7425.56,1.0,5,2,21,11
53.0,180,0.0,206573.55,1.0,1,2,76,5
52.0,300,0.0,24618.5,1.0,4,2,22,7
24.98,240,52836.04,55136.34,0.0,5,2,44,13
9.0,360,0.0,45277.96,1.0,5,2,25,1
0.0,300,36361.88,32858.48,0.0,4,2,16,15
0.0,240,154417.95,131886.61,0.0,5,2,18,21
1.0,180,12521.46,15355.73,0.1845740971,5,2,53,13
16.0,300,0.0,69509.12,1.0,4,2,11,1
2.0,180,68698.78,66737.92,0.0,5,2,16,11
1.0,240,0.0,129010.83,1.0,5,2,17,1
94.0,240,34012.87,43758.07,1.0,5,2,11,33
13.0,240,20754.74,20964.63,0.0100116243,3,4,53,9
18.0,240,0.0,261226.2,1.0,5,2,24,1
0.0,240,0.0,36054.25,1.0,4,2,19,3
8.0,240,0.0,92325.63,0.7039784228,5,2,36,1
1.0,240,10239.8,11022.82,0.0710362684,3,2,42,13
96.0,240,13489.58,25430.72,0.0,5,2,26,20
60.0,300,0.0,60769.86,1.0,4,2,34,1
22.0,240,0.0,173574.93,1.0,5,2,31,1
90.0,240,13488.31,13734.67,0.0,4,2,34,2
2.0,240,82060.01,80966.02,0.0,5,2,19,3
24.98,240,65680.77,66722.72,0.0,4,2,32,12
24.98,204,67070.82,75107.13,0.7294336514,4,3,21,29
0.0,240,141551.79,97212.74,0.9425164179,5,2,25,30
2.0,300,0.0,37834.42,1.0,4,2,24,12
1.0,240,26238.24,26367.78,0.9956264805,3,4,28,31
1.0,228,13213.6,12073.21,0.0,3,2,42,20
24.98,360,110962.0,104844.27,0.0,4,2,19,21
1.0,150,0.0,72335.95,1.0,5,2,16,9
10.0,240,56559.56,56720.92,0.0,5,2,22,2
24.98,240,126646.38,99455.39,0.0,5,2,12,23
1.0,360,132274.36,132556.0,0.0,5,2,9,3
90.0,218,28329.3,24263.81,0.0,3,4,39,17
94.0,240,11057.12,11482.46,0.0,3,2,31,24
1.0,240,9121.65,8039.42,1.0,3,4,19,34
1.0,240,121154.52,119646.35,0.0,5,2,28,15
44.0,240,0.0,51471.84,0.7876234692,4,2,19,8
93.0,218,28246.72,24429.11,0.0,3,4,39,17
13.0,300,0.0,52525.88,1.0,4,2,25,1
1.0,236,3846.78,5405.53,0.0,3,4,57,19
4.0,240,10514.86,10076.54,0.0,3,4,44,9
93.0,120,175543.32,160842.35,0.0,1,2,13,2
4.0,240,10220.42,11456.14,0.1078653019,3,2,32,22
1.0,240,123380.22,127875.2,0.0,5,2,23,20
89.0,144,19017.15,21318.0,0.81990437,1,2,35,55
0.0,240,0.0,59611.84,0.8863682648,5,2,31,1
14.0,360,0.0,177301.95,1.0,5,2,19,1
1.0,240,26236.33,26567.91,0.9875808824,3,4,21,38
19.0,120,132042.31,129421.04,0.0,5,2,29,1
24.98,360,52326.65,48020.91,0.0,5,2,11,8
4.0,240,0.0,24122.71,1.0,4,2,58,1
24.98,240,71299.46,75825.1,0.7258406326,5,2,12,41
94.0,204,18105.27,18879.67,0.0,4,3,23,3
93.0,240,57599.08,86369.49,0.8124400717,5,2,41,27
1.0,300,39871.37,42887.02,0.0703161469,4,2,19,9
24.98,240,108260.07,108943.69,0.7346054603,5,2,21,27
1.0,240,26149.45,27682.73,0.0553876009,4,2,37,4
5.0,222,12698.85,7672.67,0.9493839824,3,2,39,30
92.0,240,0.0,46899.86,1.0,4,2,12,1
2.0,300,30742.57,29843.57,0.0,4,2,19,6
40.0,240,0.0,109921.37,0.7178528782,5,2,26,2
1.0,240,9112.56,8130.59,1.0,3,4,19,34
3.0,360,140423.93,135224.65,0.0,5,2,23,4
39.0,120,0.0,32219.05,1.0,1,2,13,3
0.0,240,0.0,35856.55,0.7845711696,4,2,33,3
1.0,300,0.0,66823.42,1.0,4,2,7,11
55.0,236,14260.36,14409.39,0.9636611959,3,2,24,59
1.0,240,10532.35,11754.21,0.9952280927,3,2,30,26
24.98,240,109576.81,104733.65,0.0,5,2,13,4
25.0,360,310178.06,329678.9,0.0591510103,5,2,16,7
86.0,240,35994.94,42666.52,0.7656254677,4,2,19,28
94.0,240,21321.39,20994.99,0.0,4,2,18,4
56.0,232,15190.65,18060.11,0.9158305237,3,2,24,59
49.0,240,59478.53,55060.32,0.0,4,2,20,8
20.0,360,0.0,194940.76,1.0,5,2,13,4
24.98,240,35598.58,35576.07,0.0,3,4,39,1
0.0,240,66847.0,78024.77,0.1432592496,5,2,53,12
32.0,240,8309.96,9291.9,0.9567989324,3,2,38,26
24.98,240,74279.11,68267.58,0.0,5,2,12,8
56.0,240,0.0,51435.02,1.0,4,2,36,1
1.0,218,28572.13,28995.31,0.0145947741,3,2,58,17
1.0,240,117327.16,71556.3,1.0,5,2,17,40
4.0,300,0.0,53634.93,1.0,4,2,8,12
46.0,360,376174.65,341905.2,0.0,5,2,10,10
3.0,240,109458.98,112240.42,0.0,5,2,24,13
1.0,240,10527.25,11647.16,1.0,3,2,29,25
40.0,204,10930.39,11810.9,0.0,4,3,52,17
24.98,360,0.0,198030.19,1.0,5,2,7,4
64.0,240,103217.05,103207.27,0.0,5,2,22,1
56.0,300,35357.48,35926.88,0.0,4,2,21,1
24.98,164,106076.37,123801.16,0.1431714372,5,2,29,1
1.0,132,0.0,26915.08,1.0,5,2,20,24
52.0,360,59641.91,58865.37,0.0,5,2,13,7
64.0,300,0.0,63273.23,0.8149456041,4,2,7,6
56.0,360,0.0,210946.75,1.0,5,2,31,1
3.0,240,0.0,57159.24,1.0,4,2,18,9
0.0,240,0.0,124025.2,0.7115789311,5,2,23,20
64.0,240,19219.75,19805.09,0.9663349169,3,2,22,39
1.0,236,0.0,29698.75,1.0,5,2,35,9
3.0,347,0.0,129497.28,1.0,5,2,37,7
94.0,240,137380.41,132966.71,0.0,5,2,16,4
4.0,240,75854.03,79028.23,0.0,5,2,33,1
1.0,236,8165.47,11974.68,0.8998186173,3,4,24,42
6.0,120,0.0,215538.86,1.0,1,2,11,3
24.98,240,55738.61,53197.39,0.0,5,2,22,3
94.0,240,26222.61,25373.02,0.9665116726,3,4,13,45
1.0,240,20754.74,18071.29,0.9863933344,3,4,24,38
2.0,240,0.0,98430.91,1.0,5,2,53,1
24.98,232,15399.0,12509.38,0.9382655255,3,2,31,32
34.0,240,46596.25,45595.1,0.0,5,2,23,7
24.98,240,82546.96,80970.82,0.0,5,2,10,2
2.0,300,0.0,57951.2,0.7504589237,4,2,21,8
3.0,240,0.0,72838.01,1.0,4,2,44,3
24.98,218,14774.87,9484.36,0.934427837,3,4,17,32
24.98,240,30860.33,36605.53,0.0,4,2,16,21
14.0,300,0.0,32309.69,1.0,4,2,11,6
24.98,240,108689.31,103507.96,0.0,4,2,22,5
0.0,240,0.0,45082.37,1.0,4,2,25,9
4.0,240,10532.35,11190.8,0.0588385102,3,2,50,6
2.0,240,17880.91,20200.14,0.1148125706,4,2,28,13
90.0,221,26182.16,20270.79,0.9059903437,3,4,31,33
24.98,231,14325.99,13733.14,0.0,4,2,51,6
24.98,180,116551.43,86234.51,0.7252557315,1,2,33,25
4.0,234,11789.62,14553.12,0.9442250184,3,2,31,43
24.98,240,227575.38,223180.8,0.0,5,2,13,1
3.0,240,0.0,44725.79,1.0,4,2,10,5
92.0,240,235114.5,215182.2,0.0,5,2,8,7
2.0,218,28572.14,28945.61,0.0129024747,3,2,64,11
67.0,240,129120.49,134088.16,0.0370477901,5,2,47,3
81.0,234,19201.97,23153.04,0.9549026823,3,4,27,39
75.0,218,33290.3,17827.17,0.9033570668,3,4,24,40
5.0,180,0.0,122362.71,0.6316827785,5,2,23,4
82.0,240,179466.08,180600.62,0.0,5,2,33,14
24.98,300,0.0,81153.6,1.0,4,2,7,3
34.0,230,284855.66,258604.37,0.0,5,2,12,10
13.0,216,7858.02,8919.98,0.1190540786,3,4,34,19
0.0,240,26234.42,26584.97,1.0,3,4,21,38
91.0,300,0.0,69752.68,1.0,4,2,19,1
49.0,360,50169.07,53277.94,0.0583519183,5,2,11,4
4.0,225,11346.02,11559.48,0.0,3,2,46,22
4.0,300,0.0,76831.23,1.0,4,2,25,9
0.0,300,77309.84,75399.6,0.0,5,2,33,12
1.0,240,25042.79,22350.77,0.0,5,2,39,9
56.0,240,29272.28,29546.73,0.0,4,2,22,8
5.0,320,153954.66,146183.55,0.0,5,2,17,6
1.0,228,13215.18,12049.76,0.9998049754,3,2,23,39
8.0,360,0.0,206175.57,1.0,5,2,20,1
24.98,300,49255.74,48459.98,0.0,4,2,16,3
64.0,240,0.0,71224.43,1.0,4,2,48,6
1.0,300,60372.13,59449.53,0.0,4,2,17,1
14.0,240,0.0,62042.07,1.0,4,2,18,9
1.0,240,95122.56,97444.63,0.0238296354,5,2,19,9
68.0,218,33361.58,17785.62,0.912742429,3,4,24,40
1.0,240,20533.15,14552.21,0.9380911903,3,4,20,37
96.0,234,19894.57,23097.17,0.9193351393,3,4,33,26
24.98,300,0.0,92031.05,1.0,4,2,8,2
24.98,240,116488.3,116724.01,0.0,5,2,23,10
1.0,300,0.0,53650.93,1.0,4,2,19,4
1.0,300,0.0,63544.22,1.0,4,2,21,4
5.0,360,0.0,153199.43,1.0,5,2,25,0
8.0,240,0.0,58764.69,0.7286046587,5,2,13,2
89.0,192,2700.65,4097.27,0.0,2,2,90,12
1.0,300,45731.6,38205.26,1.0,4,2,14,28
3.0,240,19221.72,19904.65,0.967972308,3,2,19,42
1.0,240,0.0,63483.93,1.0,5,2,35,3
8.0,360,0.0,170681.91,1.0,5,2,23,4
1.0,240,11681.31,11578.49,1.0,3,4,24,31
1.0,222,12698.85,7672.65,1.0,3,2,39,30
24.98,360,63563.08,57574.54,0.0,4,2,25,11
3.0,300,0.0,163603.79,1.0,5,2,9,4
2.0,300,0.0,64199.25,1.0,4,2,25,3
1.0,360,0.0,192069.32,1.0,5,2,18,4
86.0,240,0.0,67807.79,1.0,4,2,46,1
24.98,240,35630.66,44826.52,0.990221119,5,2,10,37
1.0,240,0.0,18052.73,1.0,4,2,33,13
94.0,180,30820.35,33791.85,0.0,5,2,34,17
58.0,300,41967.88,41764.02,0.0,4,2,18,2
54.0,360,255243.83,252273.23,0.0,5,2,18,2
24.98,240,102639.08,84080.24,0.0,4,2,18,16
1.0,240,103151.93,96329.55,0.0,5,2,17,7
68.0,218,33388.03,17708.46,0.9303637922,3,4,24,40
24.98,240,52458.31,54927.62,0.0,5,2,20,11
4.0,228,0.0,39018.67,0.7827791551,4,2,32,30
2.0,120,0.0,1592.54,1.0,1,2,106,1
1.0,300,0.0,90224.74,1.0,4,2,17,3
30.0,230,8256.85,9612.49,0.9170058955,3,2,28,52
4.0,300,0.0,48053.27,1.0,4,2,39,2
38.0,230,26085.14,4857.25,0.7464450049,3,4,7,64
0.0,300,48538.05,37031.79,1.0,4,2,11,37
0.0,180,32106.74,29608.54,0.0,5,2,59,6
24.98,240,68121.54,66892.18,0.0,5,2,34,5
24.98,240,81858.55,103032.23,0.0,1,2,32,21
24.98,218,14776.56,9679.71,0.8840595431,3,4,17,32
45.0,360,65269.71,64014.52,0.0,5,2,21,3
2.0,300,0.0,44361.25,1.0,4,2,20,1
0.0,240,35018.82,30909.72,0.8137432154,4,2,28,28
1.0,236,15921.35,19889.46,0.9599295305,3,2,27,42
1.0,223,10497.59,7672.68,1.0,3,2,39,30
94.0,236,16396.77,15042.12,0.9246416064,3,2,24,41
89.0,287,65215.94,68281.99,0.0449027628,5,2,15,2
8.0,240,56187.54,57019.67,0.0145937358,5,2,62,4
0.0,240,0.0,108920.73,0.6604403769,5,2,25,15
1.0,240,0.0,10127.72,0.8836931471,4,2,42,32
13.0,218,33273.35,17827.17,0.9033570668,3,4,24,40
24.98,180,54748.12,55743.99,0.6909621165,1,2,17,30
1.0,240,110948.39,106772.64,0.0,5,2,11,14
1.0,236,21260.47,10799.37,0.9601458233,3,2,38,30
9.0,240,0.0,174761.5,1.0,5,2,45,2
1.0,300,0.0,81433.56,1.0,4,2,18,3
1.0,228,13257.91,17236.37,0.0,3,4,53,18
1.0,300,16078.33,16059.14,0.0,4,2,32,2
70.0,360,0.0,299265.56,1.0,5,2,10,1
24.98,180,67861.88,76700.06,0.6943089049,1,2,33,28
24.98,180,27630.56,22353.19,0.0,1,2,50,14
0.0,360,103775.72,92340.34,0.0,5,2,10,12
1.0,180,0.0,128874.38,0.9231809886,5,2,17,1
24.98,169,96894.71,93431.43,0.0,5,2,26,3
1.0,300,0.0,115585.3,1.0,5,2,18,5
24.98,180,54309.33,52479.2,0.0,5,2,15,4
1.0,240,0.0,40408.99,0.7976809177,4,2,26,2
24.98,240,41916.07,41719.44,0.0,4,2,22,0
11.0,300,0.0,66813.22,1.0,4,2,24,3
1.0,360,85189.98,86387.04,0.0138569397,5,2,36,4
24.98,240,51917.37,57430.32,0.0112157274,5,2,20,5
24.98,240,80478.59,74644.3,1.0,5,2,16,28
1.0,300,17679.01,15975.99,0.0,4,2,32,17
16.0,180,59504.2,68001.17,0.0,5,2,26,5
44.0,240,39078.28,41155.65,0.0,4,2,38,2
0.0,233,20871.8,23675.3,0.1184145502,3,4,36,24
1.0,180,53274.63,68120.49,0.2179353085,5,2,30,22
24.98,300,0.0,59607.19,1.0,4,2,12,3
24.98,240,74558.13,82073.26,0.0915661203,5,2,22,6
1.0,222,11449.99,4291.33,0.9236134252,3,2,14,51
40.0,360,87321.56,93526.82,0.0663473857,5,2,9,1
15.0,300,0.0,33065.28,1.0,5,2,13,3
59.0,240,21680.39,24458.53,0.1135857306,5,2,39,3
1.0,300,0.0,22317.61,1.0,4,2,15,13
0.0,300,90059.73,77129.81,0.0,5,2,11,16
56.0,240,35772.24,36264.52,0.0,5,2,42,1
17.0,180,0.0,30912.66,0.627036003,1,2,41,2
30.0,300,0.0,60295.28,1.0,4,2,16,17
94.0,232,15250.14,18060.11,0.9161156826,3,2,24,59
94.0,180,7797.43,10008.64,0.86501163,3,2,31,40
1.0,229,15057.22,18017.68,0.9508060971,3,2,25,58
1.0,240,9125.68,8008.82,1.0,3,4,19,34
33.0,300,0.0,54989.14,1.0,4,2,19,1
0.0,180,0.0,43469.35,1.0,4,2,56,1
17.0,360,0.0,126444.94,1.0,5,2,12,8
68.0,218,32451.18,15792.89,0.891283356,3,4,22,43
24.98,240,33438.88,38634.37,0.0,5,2,40,19
0.0,240,59794.27,47678.87,0.0,4,2,7,22
7.0,240,0.0,18952.48,0.7815080748,4,2,40,4
0.0,300,50113.36,50412.55,0.0059348317,4,2,12,1
1.0,300,0.0,73798.9,1.0,4,2,17,6
4.0,240,10109.43,10952.43,0.0769692205,3,2,46,10
24.98,228,28695.15,27013.94,0.0,3,4,41,18
24.98,360,144894.45,140417.31,0.0,5,2,11,3
1.0,300,0.0,49178.75,1.0,4,2,20,13
94.0,204,11355.6,11301.25,0.0,4,2,44,2
1.0,228,11796.14,15917.79,0.258933558,3,4,61,12
1.0,300,0.0,90165.09,1.0,4,2,11,1
1.0,240,60461.18,49041.0,0.0,5,2,42,18
16.0,240,76700.51,76824.46,0.0,4,2,34,4
16.0,360,91025.19,82306.69,0.7631696921,5,2,9,31
0.0,240,62072.97,55302.62,0.0,5,2,49,10
64.0,230,7492.24,11475.62,0.8956378827,3,4,19,61
0.0,96,21907.55,23123.44,1.0,1,2,43,41
40.0,120,0.0,14540.65,0.5837857545,5,2,22,7
1.0,240,0.0,95754.45,0.7007601217,5,2,17,1
1.0,220,11226.65,11382.38,0.9523851778,3,4,18,61
1.0,218,33712.17,17724.5,0.9266659144,3,4,24,40
24.98,240,87158.29,98081.83,0.0,5,2,24,18
0.0,240,10481.31,11383.34,0.079241242,3,2,41,12
1.0,248,0.0,59609.31,1.0,4,2,12,3
24.98,120,11024.45,18052.87,0.0586870943,2,2,89,8
2.0,360,0.0,72674.03,1.0,5,2,22,1
0.0,360,0.0,125106.49,1.0,5,2,22,2
24.98,240,35570.23,42834.69,0.7202863512,5,2,11,30
1.0,230,13653.02,16185.46,0.8752330796,3,2,23,53
34.0,240,58008.69,60224.74,0.0367963398,4,2,31,2
1.0,240,44472.76,42068.43,0.0,4,2,23,10
1.0,222,12707.61,7672.68,1.0,3,2,39,30
40.0,240,227374.07,202286.4,0.0,5,2,13,11
2.0,240,0.0,18136.33,1.0,4,2,36,10
1.0,240,13675.38,12868.5,0.9678579477,3,4,17,35
0.0,240,45534.22,44285.24,0.0,4,2,21,5
30.0,226,182.27,21819.86,0.9112153796,4,2,47,29
1.0,300,0.0,138504.16,1.0,5,2,11,14
5.0,240,0.0,194046.01,1.0,5,2,27,3
94.0,180,18936.42,18723.25,0.0,5,2,36,1
24.98,228,28719.18,26809.01,0.0,3,4,41,18
26.0,360,121426.1,125686.85,0.0338997278,5,2,20,0
1.0,240,94394.42,66930.61,1.0,5,2,22,29
24.98,204,48466.13,53279.84,0.0,5,2,27,3
0.0,240,25292.18,27005.11,0.0,4,2,29,19
23.0,229,15163.5,18006.31,0.9270489067,3,2,26,57
14.0,230,26084.55,4756.73,0.7890294383,3,4,7,64
1.0,240,123019.17,98028.34,0.0,5,2,11,21
0.0,240,308134.19,232648.47,0.0,5,2,11,23
24.98,153,27633.31,30423.82,0.0,1,2,44,23
1.0,216,8326.69,10581.71,0.915192346,3,4,15,49
1.0,216,6682.66,8245.99,0.9286441046,3,4,19,34
24.98,204,2969.66,2915.14,0.0,4,3,58,1
44.0,360,0.0,258206.86,1.0,5,2,22,5
8.0,225,11345.95,11567.66,0.0,3,2,46,22
10.0,240,35629.03,43536.13,0.9787246138,1,2,17,32
24.98,240,27451.42,27628.48,0.0,4,2,26,10
24.98,240,2152.54,2444.14,0.0,5,2,34,8
1.0,180,0.0,51459.51,1.0,5,2,36,4
94.0,236,15969.04,19288.61,0.91419081,3,2,14,65
0.0,300,0.0,45735.39,1.0,4,2,20,4
5.0,240,0.0,24329.23,1.0,5,2,16,5
68.0,218,33398.12,17708.46,0.9303637922,3,4,24,40
52.0,240,0.0,80177.58,1.0,4,2,28,8
94.0,225,17930.86,13795.03,0.886479406,3,4,22,26
8.0,300,74198.36,69776.6,0.0,4,2,16,10
94.0,240,69459.77,81847.74,0.0,4,2,35,21
94.0,240,16957.78,17202.81,0.0,4,2,30,2
24.98,236,10042.38,7452.42,0.9723646815,3,2,15,29
0.0,240,0.0,61415.06,1.0,5,2,17,8
1.0,300,69132.99,65379.34,0.0,4,2,7,9
13.0,222,13542.93,12717.01,0.9577762383,3,4,30,53
52.0,240,100157.3,95987.69,0.0,5,2,9,9
1.0,240,0.0,74700.5,1.0,5,2,32,8
0.0,360,141331.35,122467.96,0.0,5,2,14,12
24.98,204,17859.24,20067.8,0.0,4,3,29,8
24.98,120,166669.27,163068.34,0.0,1,2,11,4
0.0,240,0.0,75413.79,1.0,5,2,53,3
24.98,360,0.0,75023.04,1.0,5,2,11,5
24.98,204,41910.57,55076.8,0.0,4,3,42,24
19.0,300,59525.12,59743.14,0.0036492893,4,2,11,3
2.0,300,0.0,53540.37,1.0,4,2,18,5
24.98,204,49603.12,62447.93,0.2056883231,5,2,37,21
24.98,240,26238.23,26499.32,0.0098527057,3,4,43,15
0.0,300,0.0,80551.7,1.0,4,2,12,2
10.0,300,17444.56,16423.0,0.0,4,2,14,6
24.98,180,40890.68,49040.57,0.1661866899,1,2,20,10
0.0,360,0.0,127287.7,0.659030044,5,2,16,2
0.0,300,29290.32,27552.65,0.0,4,2,14,10
24.98,355,161871.0,156178.09,0.0,5,2,11,4
2.0,240,0.0,39468.46,1.0,4,2,11,17
44.0,300,51450.69,51320.07,0.0,4,2,19,4
5.0,300,61001.27,58840.18,0.0,4,2,11,7
9.0,240,0.0,55141.37,1.0,4,2,52,4
6.0,240,0.0,65455.61,0.7353937146,5,2,21,22
4.0,120,29502.71,27179.71,0.0,1,2,14,4
5.0,360,0.0,84058.09,1.0,5,2,16,6
2.0,240,0.0,42023.34,0.7561035243,4,2,32,1
95.0,48,82018.04,102685.61,0.201270363,5,2,7,0
24.98,204,46385.72,41427.96,0.0,5,2,18,12
94.0,230,11483.38,13803.38,0.9038083426,3,4,33,29
1.0,240,0.0,50070.92,0.690337588,5,2,29,15
1.0,120,10681.42,16693.74,0.3601541656,5,2,63,14
17.0,300,0.0,67275.18,1.0,4,2,24,3
60.0,240,99513.4,112799.51,0.6299934876,5,2,22,44
1.0,300,86647.8,80402.19,0.0,4,2,11,12
1.0,204,30401.39,33207.0,0.0,5,2,16,20
24.98,240,67626.99,60656.65,0.0,5,2,29,10
70.0,360,167265.8,165697.18,0.0,5,2,10,17
4.0,180,74826.51,98928.18,0.7407653971,5,2,13,36
3.0,240,32827.97,32823.37,0.0,4,2,9,3
1.0,300,0.0,60830.99,1.0,4,2,8,3
1.0,240,33613.65,37455.61,0.1025736866,4,2,24,9
1.0,300,75748.29,72048.29,0.0,4,2,15,8
0.0,240,10525.53,11659.3,1.0,3,2,29,25
24.98,350,359830.98,336769.69,0.0,5,2,8,6
1.0,240,70064.65,63699.14,0.0,5,2,24,14
24.98,120,6952.38,46514.93,0.7050601156,4,2,12,13
13.0,300,75571.21,71838.59,0.0,4,2,17,9
10.0,240,0.0,30693.99,1.0,4,2,28,6
24.98,240,46022.68,44334.59,0.0,5,2,38,4
1.0,240,26316.66,26468.24,0.9890600962,3,4,22,33
24.98,300,30109.84,41670.36,0.0691556543,5,2,11,16
1.0,240,20752.31,21021.78,0.01281861,3,4,47,15
77.0,230,11483.4,13826.8,0.9100486013,3,4,33,29
7.0,360,0.0,341451.92,1.0,5,2,16,3
1.0,360,67257.08,72490.37,0.0721928996,4,2,34,8
64.0,236,21302.95,13292.58,0.9125745341,3,2,7,66
91.0,240,145774.45,163155.25,0.0,5,2,33,3
1.0,300,62311.71,59812.64,0.0,4,2,16,6
1.0,240,32319.35,31534.75,0.0,4,2,18,4
24.98,120,119695.67,111127.31,0.0,5,2,15,14
21.0,240,31887.02,31552.04,0.0,5,2,17,2
24.98,180,69268.28,77202.9,0.102776191,1,2,65,5
56.0,240,35110.68,43965.41,0.7543693197,5,2,11,34
68.0,218,33471.84,17724.5,0.9266659144,3,4,24,40
94.0,240,19809.44,10098.8,0.0,3,4,15,21
2.0,240,10527.25,11446.29,0.080291518,3,2,43,11
64.0,360,0.0,84282.82,1.0,5,2,51,1
2.0,240,0.0,92020.23,1.0,5,2,21,2
25.0,240,114582.23,113309.66,0.0,5,2,28,2
57.0,360,0.0,167208.8,1.0,5,2,33,1
7.0,240,0.0,25105.19,1.0,4,2,23,6
31.0,240,26127.47,25526.8,0.0,4,2,21,18
1.0,360,143438.59,126634.47,0.0,5,2,11,14
24.98,240,77791.34,74185.4,0.0,4,2,38,5
24.98,300,0.0,72138.11,1.0,4,2,14,2
13.0,230,10496.9,11646.56,0.9345806831,3,4,38,46
18.0,180,215665.7,518112.17,0.0,5,2,18,21
1.0,224,14435.24,17049.19,0.9070741777,3,2,47,29
5.0,218,33427.1,17708.46,0.9303637922,3,4,24,40
13.0,240,0.0,183612.1,1.0,5,2,20,5
2.0,360,0.0,72984.32,1.0,5,2,10,3
1.0,360,96817.2,90406.43,0.0,5,2,8,7
24.98,222,8447.0,7469.56,1.0,3,2,37,30
24.98,300,0.0,69347.56,1.0,4,2,13,5
27.0,240,51396.1,50647.9,0.0,5,2,14,3
96.0,360,55217.54,56270.89,0.0,5,2,17,3
24.0,180,0.0,53504.38,1.0,1,2,72,4
1.0,240,41701.71,37542.33,0.0,4,2,49,13
24.98,180,13197.7,21048.09,0.6493787802,1,2,77,39
52.0,300,0.0,85086.22,1.0,4,2,12,1
1.0,236,21249.9,9862.08,0.0,3,2,47,21
2.0,360,68587.79,74247.81,0.076231474,5,2,12,1
18.0,339,0.0,178297.67,1.0,5,2,23,5
53.0,300,0.0,46861.27,1.0,4,2,25,6
22.0,240,11051.22,11524.44,0.0410622989,3,2,31,24
1.0,180,0.0,87375.04,1.0,5,2,61,2
0.0,300,0.0,45323.61,1.0,4,2,16,18
32.0,360,0.0,149117.31,1.0,5,2,13,1
8.0,360,138830.25,151763.17,0.0852177771,5,2,29,5
1.0,300,0.0,60197.08,1.0,4,2,16,4
0.0,360,0.0,164165.07,1.0,5,2,17,3
24.98,240,126549.88,103794.8,0.99079207,5,2,19,28
10.0,240,8286.19,8976.78,0.0769307034,3,2,54,10
2.0,360,80871.78,82883.6,0.0242728356,5,2,36,0
93.0,230,8256.85,9612.49,0.9107005573,3,2,28,52
1.0,240,0.0,100944.13,0.7568307697,4,2,11,5
1.0,240,0.0,34604.35,0.6634499228,5,2,17,12
91.0,222,13549.34,12653.85,0.9519134493,3,4,30,53
2.0,180,90068.15,126237.97,0.6398646594,5,2,34,33
1.0,234,13511.29,14117.12,0.9617089038,3,2,14,60
1.0,180,75879.88,66650.84,0.6481811381,5,2,21,25
1.0,240,26316.66,26480.79,1.0,3,4,22,33
90.0,240,23623.43,25855.3,0.0863215666,4,2,55,17
94.0,229,15137.15,17867.94,0.9252538345,3,2,26,57
24.98,240,84930.9,84454.82,0.0,4,2,22,0
24.98,240,19945.74,19898.12,0.0,4,2,20,6
14.0,300,0.0,53627.07,1.0,4,2,32,1
1.0,300,0.0,36306.48,1.0,4,2,18,1
1.0,240,10902.7,11930.72,0.0861657972,3,2,40,15
0.0,252,0.0,48502.08,0.0,4,2,14,20
96.0,240,46011.33,50311.49,0.0854707344,4,2,49,4
13.0,360,116041.73,113993.02,0.0,5,2,16,13
10.0,360,0.0,51353.72,0.7857399338,5,2,20,1
24.98,240,84687.21,81731.19,0.0,5,2,22,3
1.0,240,51790.42,44418.25,0.0,5,2,8,14
7.0,240,0.0,76503.29,1.0,4,2,25,1
0.0,240,19117.88,16745.17,0.0,4,2,7,19
1.0,240,0.0,41014.3,0.0,5,2,34,17
1.0,120,16851.56,16324.8,0.0,5,2,10,3
4.0,240,19221.74,19926.32,0.963988333,3,2,19,42
24.98,204,8832.83,9847.77,0.0074613901,4,3,60,6
18.0,194,20060.18,21700.27,0.0,4,3,27,16
1.0,240,247331.37,233997.81,0.0,5,2,32,5
1.0,222,13550.35,12643.91,0.9635951221,3,4,30,53
2.0,240,43467.1,41632.57,0.0,5,2,42,4
70.0,204,58517.55,59637.69,0.0,4,3,46,2
24.98,240,0.0,80217.1,1.0,4,2,9,10
1.0,240,0.0,56643.86,1.0,4,2,35,8
5.0,300,0.0,44375.5,1.0,4,2,27,6
24.0,240,0.0,42174.77,1.0,4,2,51,2
1.0,306,0.0,74168.32,1.0,5,2,10,5
24.98,300,0.0,48786.21,1.0,4,2,9,8
94.0,225,19560.93,14579.56,0.9483948761,3,4,22,26
1.0,360,0.0,104140.16,1.0,5,2,14,17
94.0,240,11057.87,11477.15,0.0,3,2,31,24
89.0,300,0.0,32437.76,1.0,4,2,13,3
94.0,240,84957.28,71963.86,0.0,5,2,11,22
1.0,180,0.0,118598.82,1.0,5,2,23,3
10.0,300,57114.44,56828.5,0.0,4,2,7,5
12.0,300,78801.06,77386.03,0.0,4,2,18,3
1.0,236,21260.47,10913.28,0.0,3,2,45,23
25.0,240,17241.18,20877.2,0.7839982371,4,2,37,30
60.0,300,0.0,43617.88,1.0,4,2,24,4
1.0,240,13818.67,12661.13,0.0,4,2,54,11
1.0,300,0.0,16040.72,1.0,4,2,32,6
91.0,240,164796.35,158149.17,0.0,5,2,17,8
96.0,360,0.0,148520.89,1.0,5,2,38,5
2.0,360,0.0,121872.13,1.0,5,2,15,10
96.0,120,59579.82,57456.52,0.0,5,2,21,3
10.0,120,177841.33,212191.55,0.1618830722,1,2,12,1
26.0,240,0.0,85150.1,1.0,4,2,15,4
1.0,300,0.0,57169.16,1.0,4,2,12,1
26.0,360,84684.3,86399.96,0.0198571851,5,2,21,1
94.0,232,15189.29,18071.38,0.9180018349,3,2,24,59
1.0,240,0.0,46348.28,0.7155795463,4,2,26,22
1.0,240,72554.26,67184.45,0.0,4,2,29,8
1.0,240,132864.75,131051.23,0.0,5,2,24,3
1.0,180,40332.4,38952.29,0.0,1,2,89,1
94.0,224,14961.61,17840.36,0.9014229533,3,2,17,55
94.0,180,32631.44,33645.62,0.0,5,2,33,3
94.0,228,54513.56,70950.02,0.7022634201,4,2,34,42
0.0,300,0.0,74048.99,1.0,4,2,13,14
0.0,360,89347.09,72314.38,0.0,5,2,20,19
91.0,180,57404.5,57631.14,0.0,4,2,10,1
0.0,300,67783.45,65350.16,0.0,4,2,11,6
13.0,300,88093.9,88093.1,0.0,4,2,10,2
0.0,240,152627.49,114456.48,0.0,5,2,20,23
26.0,240,10239.8,11556.87,0.1139642481,3,2,34,21
91.0,204,47376.03,61826.21,0.7434446881,4,3,49,44
24.98,240,29648.85,33223.59,0.0258851297,5,2,34,1
8.0,240,0.0,50475.4,1.0,4,2,13,1
34.0,300,0.0,52010.55,0.8923026445,4,2,11,8
91.0,300,26050.67,26091.04,0.0015472745,4,2,22,0
13.0,240,52266.58,53653.21,0.0,4,2,24,1
24.98,360,0.0,166431.34,1.0,5,2,12,2
94.0,234,11788.54,13047.56,0.0,3,2,54,20
24.98,240,327092.06,265682.31,0.0,1,2,20,15
24.98,180,43218.64,38984.61,0.0,1,2,37,6
24.98,300,0.0,78649.62,1.0,4,2,11,5
1.0,240,10157.67,11043.85,0.0802419446,3,2,38,16
9.0,360,0.0,150672.56,1.0,5,2,22,5
56.0,240,0.0,243594.56,1.0,5,2,26,1
1.0,120,76461.92,82036.24,0.0679494818,5,2,26,7
4.0,230,8256.86,9612.49,0.9064404748,3,2,28,52
30.0,230,10496.9,11653.71,0.9339669513,3,4,38,46
1.0,222,11446.87,4339.82,0.8721767262,3,2,12,53
64.0,300,0.0,64987.45,1.0,4,2,12,1
1.0,240,135100.18,135174.82,0.0,5,2,7,2
24.98,204,80973.41,74569.24,0.0,4,3,53,8
1.0,231,7856.3,9027.41,0.1297282388,3,2,57,21
68.0,218,33390.38,17724.5,0.9266659144,3,4,24,40
1.0,240,10157.13,12015.56,0.8670349114,3,2,22,32
1.0,236,17410.11,21821.0,0.8870752944,3,4,19,45
1.0,240,60703.4,55276.55,0.0,5,2,46,16
24.98,240,85025.05,81628.28,0.0,5,2,24,4
1.0,300,0.0,71233.8,1.0,4,2,11,8
1.0,236,21260.47,10910.87,1.0,3,2,43,25
1.0,234,14892.43,15231.22,0.0222431296,3,2,61,19
94.0,236,3485.42,5660.88,0.8830552847,3,4,18,64
1.0,240,0.0,59854.77,0.6934148966,5,2,30,15
0.0,240,215341.29,181611.06,0.0,5,2,8,17
0.0,240,0.0,66406.27,1.0,5,2,10,18
24.98,360,0.0,52590.59,1.0,5,2,12,1
1.0,300,0.0,44010.46,1.0,4,2,14,16
93.0,240,16423.79,18661.49,0.9382385865,3,2,20,35
24.98,240,75981.32,72213.14,0.0,5,2,22,5
95.0,240,61884.52,61870.32,0.0,4,2,7,0
24.98,200,0.0,11306.0,0.9533265523,3,4,20,11
1.0,240,0.0,53897.38,0.7922922652,5,2,42,14
4.0,220,10223.84,11390.42,0.9508657275,3,4,18,61
8.0,119,0.0,99973.78,1.0,5,2,30,1
24.98,300,67529.66,65498.14,0.0,4,2,11,6
94.0,220,10518.21,11390.42,0.9293625696,3,4,18,61
1.0,180,55362.51,47637.07,0.0,5,2,38,12
2.0,240,0.0,35056.57,1.0,5,2,30,2
47.0,180,31772.54,38102.31,0.0,5,2,47,11
24.98,240,96279.99,88200.47,0.0,1,2,15,6
96.0,234,14450.06,17259.43,0.9302010553,3,4,24,34
24.98,300,0.0,91420.11,1.0,4,2,7,2
17.0,240,0.0,38051.45,0.7256946266,5,2,13,55
61.0,300,0.0,42417.75,1.0,4,2,10,7
94.0,218,21845.84,37692.1,0.7295223359,5,2,22,34
1.0,236,14260.37,14379.57,0.9612512752,3,2,30,53
1.0,144,0.0,4795.31,0.5484463947,4,3,95,7
24.98,180,5483.87,6473.89,0.0102210643,5,2,46,3
1.0,235,13081.03,13390.81,0.9455843224,3,2,21,54
94.0,228,11797.43,17935.74,0.8558303142,3,4,32,41
4.0,228,13868.17,16678.17,0.1684837125,3,4,67,4
32.0,240,0.0,48329.21,1.0,4,2,28,5
24.98,360,0.0,203769.95,1.0,5,2,13,4
1.0,360,0.0,165694.37,0.8694039007,5,2,10,8
1.0,240,10249.71,12125.1,0.9590642551,3,2,21,34
92.0,180,76309.28,81738.34,0.0,5,2,18,6
23.0,240,0.0,78635.81,1.0,5,2,22,4
65.0,120,0.0,47339.06,1.0,1,2,15,3
1.0,360,67932.83,63531.11,0.0,5,2,10,6
1.0,313,0.0,113511.3,1.0,4,2,34,5
2.0,240,0.0,60592.61,1.0,5,2,39,24
45.0,360,0.0,147775.85,1.0,5,2,23,3
0.0,240,70008.63,58772.74,0.0,5,2,20,15
1.0,300,0.0,75969.3,1.0,4,2,12,9
38.0,240,10009.05,10522.2,0.0487683184,3,2,56,2
24.98,240,135286.51,142186.72,0.0485292157,5,2,17,5
3.0,240,16832.22,21912.3,0.6613816866,1,2,65,34
94.0,230,7419.47,11425.6,0.894296142,3,4,19,61
17.0,240,0.0,65305.82,1.0,4,2,16,2
1.0,240,133755.94,157631.84,0.1514662266,5,2,28,15
24.98,228,24151.86,14117.0,0.8870801162,3,4,14,60
54.0,180,15554.25,17038.24,0.087097611,1,2,80,1
8.0,240,31506.75,36791.2,0.7457137771,4,2,25,39
1.0,360,0.0,176222.6,1.0,5,2,10,16
24.98,240,44183.36,36998.86,0.0,5,2,13,16
1.0,236,18396.85,17154.71,0.9562831432,3,2,24,41
94.0,240,37934.08,36322.07,0.0,4,2,25,8
1.0,240,91350.39,86610.61,0.0,5,2,28,5
2.0,225,11346.01,11552.56,0.0,3,2,49,19
0.0,240,10238.93,11381.12,1.0,3,2,30,25
1.0,228,24464.19,14198.0,0.8520157769,3,4,14,60
37.0,204,0.0,20590.82,1.0,4,3,72,3
1.0,360,50237.37,52468.36,0.0425206734,5,2,16,8
1.0,216,11014.63,11623.32,1.0,3,4,23,36
5.0,240,10239.8,10993.28,0.0685400536,3,2,48,7
24.98,180,57585.96,53911.75,0.0,5,2,32,14
24.98,240,54891.12,56458.23,0.0,4,2,56,4
1.0,295,122057.03,113727.97,0.0,5,2,9,6
24.98,222,26660.71,6247.0,0.0,3,2,26,17
1.0,300,0.0,41280.02,1.0,4,2,18,9
3.0,240,0.0,87487.51,1.0,5,2,34,1
70.0,300,0.0,93107.29,1.0,4,2,28,4
52.0,214,51975.4,50698.06,0.0,5,2,25,11
0.0,240,0.0,177138.68,1.0,5,2,21,3
91.0,240,28560.58,15955.18,0.9585582864,3,2,34,29
2.0,300,0.0,43711.28,1.0,4,2,43,2
1.0,240,70389.83,71105.17,0.0,5,2,12,5
96.0,240,27136.35,30248.51,0.1028863901,5,2,50,1
24.98,120,27109.53,25528.0,0.0,1,2,50,4
70.0,236,5128.29,6401.01,0.884299509,3,4,31,51
1.0,240,54759.35,64693.68,0.1535595131,5,2,35,13
1.0,239,0.0,194413.98,1.0,5,2,14,1
7.0,236,15858.36,17726.06,0.9359011534,3,2,19,52
0.0,240,112408.55,77066.19,1.0,5,2,8,55
94.0,240,130728.04,130199.42,0.0,1,2,56,1
5.0,240,10249.66,10981.4,0.0,3,2,39,16
0.0,300,0.0,50214.9,1.0,4,2,18,4
4.0,240,0.0,32435.91,1.0,5,2,56,7
1.0,240,17435.49,20313.88,1.0,3,2,33,29
44.0,220,3982.09,6485.87,0.8396082561,3,4,17,65
1.0,215,0.0,115168.08,0.6777779256,5,2,32,1
0.0,240,0.0,75695.76,1.0,5,2,19,18
2.0,240,64715.0,69720.67,0.0,4,2,46,17
26.0,230,7788.13,8790.29,0.1140076152,3,2,51,16
24.98,300,343692.32,334508.57,0.0,5,2,15,3
1.0,231,7861.28,8863.81,0.9765676385,3,2,52,26
1.0,240,0.0,81841.43,1.0,5,2,26,12
1.0,300,0.0,90424.6,1.0,4,2,25,2
0.0,240,0.0,66868.03,1.0,4,2,20,28
90.0,218,28329.09,24276.11,0.0,3,4,39,17
94.0,200,3035.59,5839.1,0.8422102721,3,4,18,64
64.0,236,14258.85,14394.42,0.9493894162,3,2,29,54
4.0,236,16103.56,19714.99,0.920132346,3,2,14,60
5.0,240,19484.56,19255.68,0.0,5,2,22,4
24.98,180,149908.15,146773.96,0.0,5,2,28,1
1.0,300,0.0,53382.83,1.0,4,2,27,8
24.98,240,27683.7,29117.32,0.0,1,2,42,12
24.98,240,66975.17,66203.88,0.0,5,2,33,1
0.0,240,343163.4,317080.41,0.0,5,2,16,7
24.98,240,0.0,54332.47,0.8466227855,4,2,9,2
16.0,300,0.0,89212.87,1.0,4,2,15,6
0.0,240,0.0,125746.55,0.8417453476,5,2,10,1
13.0,218,33805.8,17777.81,0.9145417799,3,4,24,40
94.0,240,11051.22,11524.55,0.0,3,2,31,24
4.0,240,10512.65,9019.61,0.0,3,4,35,18
24.98,175,6424.58,135997.15,0.9521863274,5,2,13,9
5.0,300,0.0,70646.72,1.0,4,2,14,2
0.0,300,71835.47,63004.87,0.0,4,2,8,20
24.98,240,58320.28,59851.68,0.0,1,2,31,10
1.0,360,118881.75,119527.82,0.0054051852,5,2,31,15
1.0,240,0.0,48128.84,0.7741989634,4,2,18,24
24.98,300,52837.32,55999.36,0.0564656453,4,2,14,3
1.0,360,252221.1,252382.66,0.0006401391,5,2,26,0
24.98,240,2231.02,13512.71,0.7711324108,4,2,32,28
2.0,315,0.0,81725.6,1.0,5,2,14,15
56.0,300,63322.74,63400.34,0.0012239682,4,2,13,1
77.0,240,0.0,49105.71,1.0,4,2,52,1
1.0,240,0.0,65937.24,1.0,5,2,36,1
52.0,240,98530.66,96221.23,0.0,5,2,27,3
74.0,300,42717.04,43715.89,0.0228486713,4,2,8,1
24.98,228,19648.24,20315.25,0.0,3,2,25,11
0.0,300,0.0,45905.12,1.0,4,2,26,11
47.0,232,15895.08,18948.36,0.9208939454,3,2,24,59
2.0,240,64652.88,78187.52,0.7524831197,4,2,17,30
24.98,240,27519.22,32084.56,0.0,5,2,24,18
94.0,240,16267.54,17777.1,0.0,4,2,37,19
56.0,240,76387.85,69269.73,0.0,4,2,42,14
93.0,240,0.0,38035.7,0.0,5,2,22,15
0.0,240,0.0,61644.43,0.9643713686,5,2,25,29
2.0,240,69633.26,68898.92,0.0,5,2,38,8
24.98,240,46379.14,49803.71,0.0,4,2,30,20
2.0,300,70377.6,68000.93,0.0,4,2,9,6
1.0,300,0.0,72290.86,1.0,4,2,21,12
24.98,300,0.0,78454.49,1.0,4,2,17,5
24.98,240,50431.93,56339.25,0.0,5,2,27,7
17.0,240,0.0,48092.4,1.0,5,2,51,1
1.0,224,21311.48,15422.23,0.9429440489,3,2,18,40
1.0,240,0.0,62825.72,0.7274452525,5,2,25,6
8.0,120,0.0,52500.21,1.0,5,2,14,2
1.0,300,0.0,69170.34,1.0,4,2,25,3
94.0,180,76134.76,81507.66,0.0,5,2,8,2
24.98,240,76880.47,65980.39,0.0,5,2,21,15
70.0,360,137126.13,150638.68,0.0897017287,5,2,13,5
1.0,180,82169.23,106541.19,0.6194780298,5,2,34,25
38.0,300,0.0,60340.52,1.0,4,2,33,1
65.0,240,30525.09,32068.36,0.0,5,2,23,3
1.0,275,80447.47,77711.9,0.0,4,2,19,7
1.0,240,0.0,64175.47,1.0,5,2,39,8
94.0,240,108059.2,111087.99,0.0,5,2,11,1
94.0,240,52116.01,54822.56,0.0,5,2,34,4
1.0,303,0.0,50465.86,0.7754938349,5,2,22,22
68.0,180,156957.68,179842.36,0.0,5,2,38,21
1.0,240,94965.01,43630.18,1.0,1,2,24,55
24.98,218,14775.38,9545.99,0.9269745726,3,4,17,32
96.0,360,0.0,109675.49,1.0,5,2,12,1
1.0,360,0.0,135043.72,1.0,5,2,12,3
4.0,180,96744.6,94096.06,0.0,4,2,49,3
79.0,240,101031.83,102445.5,0.0,5,2,22,2
94.0,300,0.0,19492.11,1.0,4,2,30,4
1.0,228,16095.37,18278.35,0.1194298172,3,2,52,19
26.0,300,0.0,65969.02,1.0,4,2,20,3
65.0,300,0.0,43014.03,1.0,4,2,25,3
24.98,60,9893.93,24797.37,0.0551298266,1,2,39,9
37.0,240,20748.79,20935.45,0.0089159774,3,4,58,4
1.0,360,0.0,102520.18,1.0,4,2,19,0
24.98,300,79153.05,76820.1,0.0,4,2,9,5
24.98,96,63195.64,109824.31,0.5976093868,5,2,9,35
1.0,236,21262.15,9851.58,0.9839660237,3,2,28,40
94.0,240,15475.24,15662.11,0.0,4,2,40,3
1.0,300,0.0,76413.68,1.0,4,2,16,14
70.0,180,171788.81,201647.96,0.0,5,2,33,5
1.0,234,14892.42,15970.04,0.9888860642,3,2,22,58
13.0,360,41826.97,38106.09,0.0,5,2,10,8
22.0,240,0.0,23041.55,1.0,4,2,22,5
1.0,231,7849.39,9233.37,1.0,3,2,53,25
93.0,240,37536.02,37225.89,0.0,4,2,15,2
24.98,240,115060.23,100468.52,0.0,1,2,56,16
61.0,360,0.0,65147.44,1.0,5,2,23,1
24.98,240,248482.66,244593.65,0.0,4,2,32,2
0.0,180,88660.88,89998.4,0.7471102177,5,2,7,40
95.0,180,0.0,104370.96,1.0,5,2,70,2
24.98,300,89415.86,87538.65,0.0,4,2,10,4
1.0,240,249817.4,277086.6,0.0984139976,5,2,24,4
1.0,226,8926.43,10226.05,0.0,4,2,60,19
1.0,300,40362.63,35042.28,0.0,4,2,23,19
1.0,240,28502.98,26600.12,0.0,4,2,36,9
1.0,360,0.0,178736.03,1.0,5,2,20,6
1.0,300,148121.83,139658.4,0.0,5,2,8,6
18.0,300,0.0,72353.11,1.0,4,2,8,8
83.0,240,121050.5,123411.8,0.0,5,2,20,1
88.0,236,18471.22,17238.14,0.9356479295,3,2,24,41
1.0,300,0.0,53552.81,1.0,4,2,15,25
24.98,240,10294.18,9782.74,0.0,4,2,51,5
24.98,180,26943.46,26170.87,0.0,5,2,47,2
58.0,204,28241.59,28170.94,0.0,4,2,24,6
3.0,240,0.0,126702.53,1.0,5,2,31,1
3.0,240,10139.33,11080.73,0.0849583015,3,2,47,7
1.0,300,37386.48,52878.13,0.2929689458,4,2,30,6
24.98,156,9805.24,10456.58,0.0622899648,1,2,115,7
1.0,120,48687.93,44520.59,0.0,4,2,30,8
4.0,240,10516.45,5265.32,0.0,3,4,35,18
1.0,360,0.0,99704.71,1.0,5,2,7,8
24.98,240,76505.47,67647.32,0.0,5,2,13,11
7.0,180,79857.22,79244.58,0.0,5,2,24,2
7.0,192,36330.78,69240.55,0.6590568418,5,2,20,42
1.0,236,21262.15,9851.6,0.9841599334,3,2,28,40
0.0,246,0.0,60872.53,1.0,4,2,32,16
2.0,240,0.0,64359.75,1.0,4,2,8,15
24.98,240,33409.88,37553.03,0.0,5,2,19,10
18.0,240,11109.48,11445.97,0.9407179994,3,2,25,29
95.0,240,0.0,62100.64,1.0,4,2,46,1
0.0,300,0.0,49033.13,1.0,4,2,15,6
1.0,236,21262.15,9851.6,0.9799626457,3,2,28,40
94.0,234,13493.09,14307.84,0.9249963656,3,2,14,60
1.0,300,18241.05,16642.9,0.8376838677,4,2,18,31
90.0,221,26178.94,20171.85,0.9232648468,3,4,31,33
52.0,240,0.0,37822.6,1.0,5,2,29,26
1.0,360,79846.18,89042.31,0.1032782056,5,2,14,13
24.98,240,95787.98,85689.65,0.0,4,2,16,9
24.98,240,105713.55,92748.04,0.0,5,2,10,11
1.0,360,0.0,63769.17,1.0,5,2,15,5
1.0,240,0.0,77586.78,1.0,4,2,13,7
0.0,240,0.0,82350.23,1.0,4,2,29,25
10.0,236,21308.33,13213.84,0.9300400186,3,2,7,66
24.98,300,82180.56,78236.19,0.0,4,2,9,8
93.0,216,15160.55,15390.84,0.0149627961,5,2,37,5
47.0,240,116280.11,128983.0,0.0,5,2,13,17
70.0,240,19707.55,22291.33,0.9073397594,3,2,15,42
0.0,300,55860.15,48465.29,0.0,4,2,15,22
1.0,236,21260.47,9757.69,0.9754460328,3,2,28,40
92.0,240,44993.0,53183.13,0.0,1,2,105,12
1.0,240,38769.85,28224.29,1.0,4,2,27,38
1.0,300,59006.15,57186.53,0.0,4,2,7,5
90.0,240,19221.85,19711.64,0.951114164,3,2,27,34
29.0,300,0.0,52236.28,1.0,4,2,25,6
1.0,360,140364.77,138802.99,0.0,5,2,15,3
24.98,240,31383.82,35604.08,0.0,4,2,21,19
89.0,204,33174.8,40306.42,0.6767331494,1,2,42,33
0.0,360,0.0,140072.37,1.0,5,2,11,9
1.0,120,16331.95,9385.86,0.9047950854,3,4,18,52
71.0,300,0.0,69732.67,1.0,4,2,19,1
24.98,218,33187.42,15725.63,0.9208203423,3,4,22,43
24.98,204,89069.18,97940.83,0.0,5,2,26,6
5.0,360,0.0,186292.19,1.0,5,2,21,2
21.0,300,0.0,68258.86,1.0,4,2,21,1
8.0,240,43590.46,42195.04,0.0,4,2,26,5
56.0,360,146631.43,152566.32,0.0389003943,5,2,15,3
10.0,240,69017.41,77709.76,0.792998317,5,2,18,32
24.98,240,70650.92,70186.84,0.0,4,2,17,1
1.0,300,60133.59,56939.44,0.0,4,2,9,9
1.0,204,21236.59,16951.5,0.0,4,3,66,19
1.0,300,61773.1,53090.33,0.0,4,2,18,23
93.0,230,13655.23,16053.32,0.9167013428,3,2,23,53
0.0,300,0.0,35744.72,1.0,4,2,14,7
22.0,360,46441.0,49448.22,0.0608155359,5,2,29,6
61.0,236,3545.72,5938.93,0.8942115836,3,4,27,55
68.0,218,33729.98,18075.86,0.8479458239,3,4,24,40
1.0,300,0.0,102792.56,1.0,4,2,17,2
24.98,180,77091.91,57768.24,0.0,5,2,27,22
71.0,240,34675.45,34816.01,0.0040372231,4,2,23,7
91.0,180,24496.9,23841.42,0.0,4,2,35,11
41.0,300,0.0,70703.77,1.0,4,2,23,4
90.0,240,34043.56,35062.45,0.0290592928,4,2,44,4
2.0,240,44592.45,45460.88,0.0,5,2,11,1
24.98,236,10041.01,7449.14,0.9732183849,3,2,15,29
0.0,240,168929.69,144615.35,0.0,5,2,7,14
1.0,235,13119.93,13306.41,1.0,3,2,16,65
77.0,360,0.0,128659.96,1.0,5,2,29,2
2.0,240,0.0,110274.37,1.0,5,2,18,6
24.98,240,30634.71,29366.73,0.0,4,2,35,10
24.98,158,63510.65,40148.83,0.9631052478,5,2,24,32
0.0,360,124687.36,124207.95,0.0,5,2,26,7
5.0,240,0.0,54655.79,1.0,4,2,27,3
90.0,221,26178.95,20171.85,0.9232648468,3,4,31,33
24.98,240,114921.17,112151.57,0.0,4,2,21,2
1.0,300,0.0,70746.89,1.0,4,2,24,4
1.0,236,20595.49,21627.0,1.0,3,4,22,42
7.0,240,41719.64,44069.8,0.0,4,2,16,5
24.98,224,62943.97,62272.96,0.0,5,2,27,1
0.0,120,147922.23,134465.36,0.0,5,2,14,21
24.98,180,32982.9,36844.52,0.0,1,2,32,21
34.0,240,0.0,33514.09,0.6499155712,1,2,97,38
0.0,360,0.0,129637.71,1.0,5,2,15,2
52.0,204,47672.7,52223.72,0.0,4,3,35,19
24.98,240,75414.64,67330.95,0.0,5,2,21,11
2.0,300,0.0,43569.12,1.0,4,2,13,10
42.0,360,0.0,153647.54,1.0,5,2,9,3
0.0,240,61509.56,64472.24,0.0459528008,5,2,59,2
4.0,360,147346.23,153315.98,0.0,5,2,18,1
1.0,300,0.0,26476.77,0.8400754298,4,2,7,24
1.0,222,7641.54,5537.82,0.9322874344,3,2,17,55
4.0,240,43781.0,48512.21,0.0,4,2,26,18
70.0,240,43283.03,50789.15,0.1477898331,4,2,61,7
30.0,120,128122.04,110366.2,0.0,1,2,11,5
30.0,240,0.0,78885.14,1.0,5,2,29,1
4.0,240,10509.93,9030.17,0.0,3,4,35,18
17.0,240,19221.72,19904.65,0.967972308,3,2,19,42
1.0,240,32165.39,30703.51,0.0,5,2,17,22
1.0,240,20754.97,22496.8,0.0774256783,3,2,45,11
24.98,240,145343.64,138774.31,0.0,5,2,13,14
1.0,236,21262.15,9851.6,0.9827611758,3,2,28,40
1.0,240,0.0,43934.81,1.0,5,2,53,4
93.0,240,36660.43,35918.33,0.0,4,2,20,9
24.98,300,62739.32,60330.74,0.0,4,2,8,4
1.0,236,21260.47,10914.74,0.9432721256,3,2,41,27
5.0,240,0.0,66906.56,0.8029627355,4,2,14,1
24.98,240,101052.56,118866.92,0.0,1,2,40,7
96.0,230,20374.92,22027.0,0.8985762927,3,2,28,31
0.0,218,28572.13,16761.77,0.9273853537,3,2,29,46
93.0,240,77831.25,76882.54,0.0,4,2,22,1
24.98,300,0.0,86100.49,1.0,4,2,12,1
13.0,232,15421.74,9528.41,0.9626947203,3,2,27,36
24.98,240,69795.8,68130.19,0.0,4,2,17,3
1.0,225,93738.06,96417.46,0.0277895726,5,2,26,1
1.0,300,61761.5,55119.91,0.0,4,2,7,17
94.0,236,13141.11,14253.17,0.9391482737,3,2,11,57
2.0,120,10500.59,28734.07,1.0,1,2,43,44
4.0,240,10516.15,8971.61,0.0,3,4,35,18
1.0,72,23834.75,17746.24,0.0,5,2,33,18
90.0,218,28329.51,24262.14,0.0,3,4,39,17
1.0,300,0.0,47676.76,1.0,4,2,18,8
1.0,228,13214.58,12062.69,0.976310425,3,2,23,39
1.0,360,0.0,347333.17,1.0,5,2,16,4
4.0,240,10514.86,8995.64,0.0,3,4,35,18
1.0,240,68514.53,56540.72,0.9225681076,4,2,8,31
94.0,240,10481.31,12150.21,0.8824234314,3,2,23,30
2.0,300,0.0,64118.3,1.0,4,2,40,2
13.0,234,19894.61,23217.55,0.9515517356,3,4,21,38
1.0,350,0.0,107289.05,1.0,5,2,13,2
60.0,300,0.0,68690.33,1.0,4,2,28,4
1.0,240,83116.05,92702.52,0.1034111047,5,2,28,4
24.98,240,19221.72,19713.74,0.9328113285,3,2,35,26
24.98,300,0.0,62011.5,1.0,4,2,8,5
23.0,300,0.0,45248.8,1.0,4,2,22,1
8.0,360,0.0,218336.67,1.0,5,2,21,1
1.0,240,47608.41,48049.09,0.0,5,2,22,0
24.98,240,19937.96,18327.87,0.0,4,2,24,12
24.98,299,109951.15,120267.21,0.0857761646,5,2,7,1
24.98,360,0.0,95008.94,1.0,5,2,11,4
94.0,240,21193.82,28752.99,0.8818526352,3,4,18,36
52.0,300,0.0,45989.74,1.0,4,2,22,1
86.0,120,0.0,40592.43,1.0,5,2,38,21
65.0,240,0.0,82598.36,1.0,5,2,33,3
2.0,360,267050.07,267764.27,0.0026672715,5,2,9,8
38.0,360,0.0,82477.62,1.0,5,2,24,0
9.0,218,32642.34,15691.5,0.9175419813,3,4,22,43
94.0,240,49207.19,59757.98,0.7064226548,5,2,17,27
0.0,240,54739.75,47783.18,0.0,5,2,22,22
2.0,216,17895.12,16333.65,0.9562694193,3,4,26,29
4.0,232,15180.72,18143.08,0.9149058484,3,2,24,59
5.0,240,0.0,96467.61,1.0,5,2,21,2
24.98,222,26706.62,6200.36,0.947157907,3,2,16,27
1.0,240,24926.05,20567.29,0.0,4,2,45,23
0.0,204,40225.33,42243.79,0.0477812242,5,2,30,2
94.0,234,19199.08,23076.84,0.9541237015,3,4,30,36
0.0,300,0.0,62410.58,1.0,4,2,18,6
91.0,236,16072.78,19301.88,0.9199311155,3,2,14,65
0.0,300,0.0,64054.77,1.0,4,2,20,3
24.98,360,0.0,101602.43,1.0,5,2,11,6
1.0,240,26236.34,11975.23,0.9640775167,3,4,7,55
0.0,360,374386.0,347896.85,0.0,5,2,8,7
24.98,240,25107.44,23386.88,0.0,4,2,24,23
10.0,300,0.0,76721.44,1.0,4,2,19,3
40.0,204,45502.9,50419.96,0.0975220924,4,3,32,15
24.98,231,7863.74,8754.89,0.1017888289,3,2,65,13
94.0,234,7453.02,9279.88,0.8797204274,3,2,39,46
1.0,240,0.0,103707.73,1.0,5,2,29,2
11.0,300,0.0,43367.86,1.0,4,2,33,3
24.98,180,56227.47,55612.5,0.0,5,2,19,1
3.0,300,0.0,51906.94,1.0,4,2,25,3
25.0,240,144256.84,140022.29,0.0,1,2,61,3
89.0,120,0.0,43893.81,0.6753493456,5,2,17,2
0.0,300,42422.43,43205.25,0.0181186314,4,2,23,1
1.0,240,25633.48,25513.81,0.0,4,2,44,2
1.0,180,84210.01,91730.43,0.0,1,2,24,7
1.0,236,11009.49,11547.54,0.9955046703,3,4,30,32
1.0,224,14435.24,16588.25,0.1297912679,3,2,56,20
1.0,236,16103.56,19656.72,0.9570559076,3,2,14,60
24.98,180,66417.85,63922.04,0.0,5,2,38,4
0.0,360,109319.82,121597.73,0.1009715395,5,2,20,10
67.0,300,0.0,68060.5,1.0,4,2,24,5
0.0,120,0.0,24926.04,1.0,5,2,14,11
1.0,300,72591.4,62587.31,0.0,4,2,8,22
94.0,129,118821.31,74538.7,0.0,5,2,17,6
2.0,360,0.0,178779.93,1.0,5,2,21,1
24.98,144,46584.87,46463.12,0.0,5,2,21,3
53.0,360,0.0,150451.39,1.0,5,2,25,4
1.0,240,26316.66,26329.15,0.9742752804,3,4,22,33
1.0,236,21262.15,9791.56,0.9898218466,3,2,28,40
24.98,240,69918.22,81654.33,0.1437291813,1,2,65,2
70.0,300,0.0,83141.21,1.0,4,2,20,1
96.0,240,0.0,41752.57,0.8068860408,4,2,28,7
41.0,300,71605.18,69566.32,0.0,4,2,9,6
1.0,300,0.0,52495.82,1.0,4,2,8,11
2.0,360,0.0,244441.33,1.0,5,2,16,1
1.0,240,49727.25,36228.68,0.0,5,2,12,24
9.0,360,0.0,134115.98,0.0,5,2,25,15
70.0,230,20375.0,22268.3,0.9100964151,3,2,28,31
24.98,180,199870.32,186604.47,0.0,5,2,18,5
24.98,240,71258.58,70936.23,0.0,5,2,18,0
1.0,300,69984.82,63881.13,0.0,4,2,12,15
1.0,240,180542.11,122426.62,1.0,5,2,26,30
89.0,240,125684.48,108943.87,0.0,5,2,37,12
94.0,240,18123.49,22053.26,0.0,4,2,52,24
77.0,360,32759.44,35937.85,0.0884418517,5,2,32,5
1.0,300,0.0,99586.27,1.0,5,2,11,17
9.0,300,75708.1,72772.7,0.0,4,2,19,7
2.0,230,7419.49,11425.59,0.9503334182,3,4,19,61
1.0,360,0.0,62775.23,1.0,5,2,16,11
1.0,300,96432.21,81699.1,0.0,4,2,17,16
87.0,218,33672.13,18075.86,0.8479458239,3,4,24,40
24.98,240,35298.39,35575.02,0.0077759619,3,4,39,1
3.0,360,0.0,73360.39,1.0,5,2,19,7
24.98,240,45427.35,53952.02,0.0,5,2,28,19
24.98,240,45226.0,49601.12,0.7777053652,4,2,16,26
10.0,360,0.0,126066.72,1.0,5,2,15,4
1.0,230,13653.02,15965.83,0.9238636513,3,2,23,53
1.0,300,0.0,75962.87,1.0,4,2,20,8
24.98,300,70580.59,74306.88,0.050147308,4,2,11,2
24.98,234,13511.87,14117.12,0.9617089038,3,2,14,60
96.0,360,0.0,218031.08,1.0,5,2,17,3
24.98,180,94554.58,104998.07,0.0,5,2,11,11
93.0,240,31221.5,29199.56,0.0,3,2,40,3
86.0,204,9539.22,12408.19,0.7493329363,4,3,40,39
1.0,180,0.0,79081.24,0.7010563535,5,2,23,5
24.98,90,35700.64,34906.08,0.0,1,2,43,1
1.0,240,10115.67,12109.02,0.9907300508,3,2,19,37
0.0,96,0.0,31400.94,0.503857201,5,2,18,1
7.0,300,0.0,79569.14,1.0,4,2,13,4
4.0,240,10515.66,8975.49,0.0,3,4,35,18
24.98,230,4785.02,13821.73,0.9501632574,3,4,33,29
24.98,222,26449.18,4357.63,0.9581561537,3,2,7,36
38.0,300,0.0,54549.37,1.0,4,2,25,1
2.0,300,0.0,67291.3,1.0,4,2,21,7
1.0,240,0.0,79488.98,1.0,4,2,33,14
1.0,240,125193.83,115805.1,0.0,5,2,38,7
0.0,300,63916.0,58248.37,0.0,4,2,18,18
1.0,180,69317.07,83309.35,0.0,5,2,36,19
1.0,300,0.0,43698.11,1.0,4,2,13,9
18.0,240,97736.88,99159.32,0.0,5,2,44,0
1.0,240,0.0,200659.08,1.0,5,2,23,6
0.0,240,79183.65,65677.09,0.7502650998,5,2,27,27
24.98,240,69638.53,77750.83,0.0,5,2,19,19
24.98,240,43013.81,42768.59,0.0,4,2,38,1
45.0,240,0.0,69527.41,1.0,4,2,46,2
94.0,180,14161.97,19663.67,0.8466044233,3,2,31,43
1.0,236,21260.47,10852.5,0.9433715734,3,2,35,33
0.0,300,0.0,147582.63,1.0,5,2,19,4
4.0,230,11484.08,13832.76,0.9190602598,3,4,33,29
8.0,240,18504.56,18190.07,0.0,4,2,34,3
5.0,239,129750.78,128382.17,0.0,5,2,20,6
24.98,72,11465.71,17902.11,0.0357964672,4,3,54,4
1.0,360,0.0,81276.31,1.0,5,2,35,2
24.98,240,43699.49,54553.64,0.0,1,2,53,17
1.0,216,10369.01,12710.07,0.1841893868,3,4,38,16
24.98,300,0.0,45374.49,1.0,4,2,13,1
24.98,204,8664.8,37503.97,0.6432180048,5,2,44,8
24.98,300,0.0,89536.97,1.0,4,2,13,1
13.0,230,7788.07,9411.48,0.8500161505,3,2,34,33
3.0,240,36899.11,36812.98,0.0,4,2,28,1
39.0,240,0.0,120187.0,0.0,5,2,26,20
9.0,240,0.0,16774.99,0.7238447172,4,2,38,17
5.0,240,12716.07,14047.89,0.761417579,4,2,29,29
9.0,240,76310.38,80109.15,0.7059648728,4,2,33,44
1.0,236,14260.36,14418.98,0.9957098214,3,2,26,57
3.0,240,0.0,46891.98,1.0,1,2,127,3
93.0,360,0.0,90298.28,1.0,5,2,16,4
1.0,236,17837.94,16562.72,0.9528730788,3,2,24,41
2.0,240,0.0,61693.32,1.0,4,2,30,13
2.0,218,28572.13,20765.3,0.9771705682,3,2,42,33
1.0,360,0.0,92679.0,1.0,5,2,43,12
0.0,360,0.0,141171.76,1.0,5,2,16,9
1.0,240,0.0,37178.45,1.0,4,2,34,4
55.0,300,0.0,22292.91,0.7980286375,4,2,23,6
2.0,300,0.0,47246.07,1.0,4,2,12,3
0.0,360,184098.24,142260.11,0.0,5,2,14,22
24.98,240,26319.93,25855.08,0.9623489852,3,4,24,37
4.0,240,10239.47,11046.39,0.073048299,3,2,47,8
1.0,240,0.0,19558.16,0.900757751,4,2,17,3
1.0,240,0.0,54604.03,1.0,4,2,19,3
2.0,240,0.0,163131.09,1.0,5,2,41,4
53.0,265,0.0,181405.48,1.0,5,2,28,0
94.0,236,10177.55,14070.43,0.8910843521,3,4,24,39
24.98,240,43115.98,35201.85,0.0,5,2,26,20
1.0,222,13550.35,12643.91,0.9709298785,3,4,30,53
24.0,240,0.0,71196.42,0.6939479018,1,2,31,37
44.0,240,35108.21,36670.94,0.0,4,2,26,1
1.0,240,58667.3,58802.0,0.0022907384,4,2,20,0
93.0,236,18396.86,17154.48,0.9316732422,3,2,24,41
24.98,240,61605.03,58432.77,0.0,5,2,14,4
9.0,300,0.0,66521.49,1.0,4,2,17,1
1.0,235,13119.93,13319.5,1.0,3,2,35,46
7.0,180,75598.77,74231.69,0.0,1,2,35,1
1.0,300,0.0,52642.25,1.0,4,2,13,4
26.0,295,0.0,92668.59,0.7607670633,5,2,19,33
24.98,240,769105.7,754916.33,0.0,1,2,25,1
24.98,180,114626.15,114180.82,0.0,5,2,27,14
0.0,240,0.0,169282.7,1.0,5,2,13,14
1.0,240,20755.33,20945.56,0.0090821157,3,4,39,23
47.0,240,10481.31,11346.01,0.0762118137,3,2,37,16
96.0,180,49745.33,51666.25,0.0371793966,5,2,12,2
94.0,240,58528.13,65380.35,0.0,5,2,35,2
2.0,120,0.0,39232.92,1.0,5,2,58,1
24.98,300,0.0,51621.36,1.0,4,2,7,6
1.0,240,10532.19,11486.29,0.0,3,2,40,16
30.0,300,30014.19,30596.49,0.0190315948,4,2,17,2
3.0,236,21303.04,13201.44,0.9327997552,3,2,7,66
52.0,353,124557.41,124091.95,0.0,5,2,18,14
0.0,240,23726.54,23360.42,0.0,4,2,26,8
1.0,235,13119.93,13298.44,0.9567054482,3,2,16,65
3.0,240,69296.11,63436.11,0.0,4,2,10,8
1.0,360,127542.16,114781.87,0.0,5,2,25,9
90.0,240,58431.87,52224.51,0.0,5,2,17,14
1.0,300,0.0,52740.88,1.0,4,2,10,2
44.0,180,0.0,56704.91,0.5275615667,1,2,105,4
24.98,300,30979.81,30881.43,0.0,4,2,12,13
24.98,120,42521.28,53759.24,0.0,5,2,37,10
6.0,192,57186.04,65396.57,0.692767705,5,2,16,33
1.0,222,13455.71,4880.64,0.9717619001,3,2,27,40
96.0,240,18863.5,23188.01,0.9141064714,3,4,19,36
94.0,240,11109.41,11445.97,0.929680927,3,2,25,29
1.0,300,0.0,56648.17,1.0,4,2,19,2
24.98,240,49439.12,52909.24,0.0655862757,4,2,31,1
91.0,240,28561.57,27330.49,0.0,3,2,55,8
24.98,204,109940.28,107709.06,0.0,5,2,19,2
96.0,240,18410.57,45650.57,0.7576092847,4,2,31,56
70.0,240,103839.34,107968.15,0.0,5,2,19,4
1.0,300,78761.85,76187.83,0.0,4,2,7,5
44.0,300,0.0,32907.53,1.0,4,2,26,2
34.0,240,76138.43,76326.56,0.0024648039,4,2,16,2
24.98,240,189029.84,178167.26,0.0,5,2,14,5
5.0,360,0.0,124369.45,1.0,5,2,20,2
1.0,300,56351.65,55147.36,0.0,4,2,7,4
24.98,240,35332.06,35654.14,0.0090334531,3,4,39,1
56.0,240,19411.09,19806.81,0.0,4,2,18,0
8.0,240,0.0,16513.34,0.822688628,4,2,36,45
15.0,300,0.0,84742.2,0.0,4,2,22,12
1.0,300,0.0,36888.47,1.0,4,2,23,6
24.98,222,7645.83,5602.94,0.8980874327,3,2,17,55
1.0,240,189238.09,161290.26,0.7989390914,5,2,10,33
32.0,236,21249.77,15700.61,0.0,3,2,58,10
13.0,234,9861.55,11456.24,0.0,3,2,58,23
1.0,240,10527.25,11833.21,0.1103639672,3,2,33,21
96.0,234,19894.65,23057.15,0.9343184218,3,4,30,29
96.0,234,19894.65,23134.94,0.0,3,4,35,24
13.0,300,0.0,77195.44,1.0,4,2,10,11
31.0,204,0.0,47144.93,0.6935554138,5,2,45,4
5.0,240,46709.58,45417.11,0.0,4,2,38,6
1.0,240,10009.05,11452.35,1.0,3,2,33,25
8.0,300,59206.15,55219.37,0.0,4,2,7,12
13.0,240,0.0,136552.66,0.6968723541,5,2,42,1
94.0,236,4102.72,6297.1,0.903606422,3,4,18,64
24.98,240,0.0,69730.14,1.0,4,2,11,6
0.0,360,0.0,126611.08,1.0,5,2,13,8
94.0,230,13177.45,16036.78,0.9119929312,3,2,23,53
38.0,240,0.0,61554.53,0.6788654786,5,2,22,10
24.98,232,88566.9,103239.49,0.0,5,2,24,13
1.0,240,68784.36,76349.07,0.0990805782,5,2,20,5
4.0,360,122839.78,121363.56,0.0,5,2,14,3
24.98,120,47704.83,71089.92,0.5991377407,5,2,16,33
24.98,203,71605.2,65933.75,0.0,4,3,24,7
24.98,240,61500.93,59690.51,0.0,1,2,90,18
5.0,240,26318.38,26527.85,0.0078962298,3,4,42,22
1.0,360,87544.93,90351.18,0.0,5,2,20,2
70.0,300,0.0,51565.04,1.0,4,2,13,1
90.0,230,26092.76,4857.25,0.7939389572,3,4,7,64
24.98,240,166266.99,164454.28,0.0,5,2,18,11
5.0,222,13116.06,7303.76,0.8456178735,3,2,41,30
5.0,240,0.0,76506.94,1.0,5,2,45,2
24.98,236,21247.53,13201.44,0.9384059618,3,2,7,66
2.0,240,0.0,58959.21,1.0,4,2,40,2
1.0,216,15162.83,20409.64,0.9059826631,3,4,10,44
1.0,231,7862.07,8940.68,0.1206407119,3,2,61,17
28.0,360,169397.63,184083.02,0.0797759076,5,2,15,3
42.0,300,0.0,73197.96,1.0,4,2,10,6
1.0,240,0.0,30140.35,0.926212124,4,2,23,27
24.98,180,92804.26,91917.63,0.0,5,2,15,0
1.0,360,0.0,59388.8,1.0,5,2,28,9
1.0,222,11450.79,4284.66,0.923142093,3,2,14,51
24.98,240,12379.91,13768.52,0.0,4,2,21,13
24.98,240,108597.5,103121.7,0.0,4,2,18,6
24.98,120,18857.72,17679.86,0.0,1,2,110,8
1.0,240,9119.95,8051.64,1.0,3,4,19,34
24.98,240,48208.48,54689.7,0.1185089697,4,2,27,12
24.98,228,12704.98,12644.76,0.0,4,2,33,0
1.0,360,0.0,106115.59,1.0,5,2,26,13
26.0,240,60366.63,61600.24,0.0,5,2,44,1
1.0,240,59114.14,51551.92,0.0,4,2,14,13
18.0,204,18448.22,18391.32,0.0,4,3,46,2
0.0,240,0.0,61107.23,0.9052353529,4,2,21,38
24.98,218,33551.02,17770.15,0.9340618959,3,4,24,40
14.0,235,13081.03,13474.37,0.9375777866,3,2,30,45
3.0,360,0.0,140706.02,1.0,5,2,7,0
46.0,300,0.0,68464.56,1.0,4,2,14,3
2.0,240,19221.72,19904.65,0.967972308,3,2,19,42
24.98,240,32828.35,30692.39,0.0,5,2,29,6
24.98,120,147207.5,175817.19,0.1627240772,5,2,35,3
1.0,300,0.0,60905.94,1.0,4,2,28,2
1.0,220,14203.68,11390.42,0.9433787341,3,4,18,61
38.0,120,0.0,205729.38,1.0,1,2,17,1
24.98,300,0.0,83780.2,1.0,4,2,8,2
24.98,180,32152.89,35251.64,0.0,1,2,20,8
24.98,120,3658.59,33936.47,0.6485356333,5,2,8,9
83.0,240,172465.49,169724.21,0.0,5,2,12,5
94.0,225,16099.08,18506.89,0.9048143691,3,2,27,53
1.0,240,123983.38,117071.6,0.0,5,2,14,15
65.0,120,82260.83,80096.25,0.0,5,2,22,3
24.98,240,50769.91,50603.02,0.0,5,2,14,7
39.0,300,24826.48,24768.86,0.0,4,2,15,0
24.98,218,14775.06,9498.82,0.9341770873,3,4,17,32
24.98,240,86673.0,85733.12,0.0,4,2,19,4
25.0,360,114286.0,105490.46,0.0,5,2,21,9
1.0,360,0.0,83359.42,1.0,5,2,15,9
24.98,300,0.0,57717.98,1.0,4,2,7,4
24.98,180,46181.2,43420.2,0.9398138319,5,2,29,33
1.0,300,0.0,68161.93,1.0,4,2,22,3
5.0,240,0.0,87575.41,1.0,5,2,27,1
1.0,240,76188.22,72866.96,0.0,5,2,64,4
0.0,180,140188.73,131995.07,0.0,5,2,21,6
1.0,240,10009.05,11806.14,0.9533573209,3,2,26,32
1.0,240,0.0,40430.11,1.0,5,2,54,15
1.0,240,92892.62,96628.28,0.0,5,2,15,0
3.0,300,0.0,61882.55,1.0,4,2,19,1
3.0,360,0.0,53052.33,1.0,5,2,24,3
1.0,360,0.0,208278.99,1.0,5,2,23,11
24.98,240,96651.58,94702.18,0.0,5,2,15,2
24.98,240,40686.6,40431.55,0.0,5,2,20,3
1.0,180,0.0,49061.71,1.0,4,2,20,8
7.0,240,0.0,80141.89,1.0,4,2,16,2
24.98,240,123740.74,101096.3,0.0,5,2,14,23
4.0,180,0.0,27679.7,1.0,4,2,39,5
93.0,240,172431.28,193541.66,0.0,5,2,15,3
1.0,240,52308.26,60248.76,0.1317952436,1,2,80,2
4.0,204,0.0,50877.86,0.6573207876,4,3,40,10
24.98,240,35528.98,34921.61,0.0,3,4,41,14
22.0,360,0.0,120856.26,1.0,5,2,16,6
0.0,300,0.0,69964.84,1.0,4,2,23,13
1.0,239,0.0,59411.86,0.735617594,5,2,17,15
8.0,232,15184.97,18071.38,0.9322342843,3,2,24,59
2.0,260,285307.65,242802.61,0.0,5,2,25,13
2.0,240,19221.72,19904.65,0.9699768647,3,2,19,42
11.0,300,0.0,87512.13,1.0,4,2,13,1
1.0,240,0.0,39712.57,1.0,5,2,51,5
1.0,240,26204.92,26848.45,1.0,3,4,21,38
25.0,360,0.0,63675.87,1.0,5,2,18,1
0.0,240,10902.69,11880.26,0.0822852362,3,2,35,20
24.98,240,62184.65,58580.23,0.0,5,2,18,6
24.98,300,0.0,92044.75,1.0,4,2,11,1
24.98,360,100702.65,95766.65,0.0,4,2,15,5
24.98,240,83599.36,78171.68,0.0,4,2,21,7
0.0,240,35528.98,34993.6,0.0,3,4,41,14
24.98,240,73742.36,69218.64,0.0,4,2,43,17
24.98,60,77077.62,88449.32,0.0107532609,5,2,7,3
9.0,180,34725.0,33572.89,0.0,4,2,17,20
1.0,240,0.0,40875.33,1.0,5,2,49,1
72.0,300,0.0,44070.92,1.0,4,2,19,3
24.98,236,10042.39,8889.99,0.0,3,2,24,20
2.0,300,57688.69,61719.27,0.8419363344,4,2,10,31
24.98,300,0.0,58634.03,1.0,4,2,9,6
2.0,300,0.0,52407.27,1.0,4,2,22,7
24.98,222,11975.19,5545.67,0.9436100597,3,2,22,48
0.0,300,56723.67,52923.23,0.0,5,2,19,17
24.98,232,15421.74,9580.12,0.9610954769,3,2,27,36
1.0,222,7640.47,5546.66,0.9233791146,3,2,17,55
1.0,120,0.0,20632.9,0.7002718869,4,3,37,18
24.98,360,177215.34,171531.31,0.0,4,2,7,3
1.0,300,0.0,57432.88,1.0,5,2,22,12
71.0,360,107525.06,104491.88,0.0,5,2,28,3
0.0,240,0.0,34919.48,1.0,4,2,30,32
90.0,232,15250.73,18060.11,0.9243659092,3,2,24,59
24.98,180,27040.24,25572.56,0.0,1,2,7,3
0.0,240,331221.12,303802.22,0.0,5,2,12,7
0.0,240,0.0,124272.28,0.7881064876,5,2,18,13
94.0,240,10001.35,10326.24,0.0314625653,3,2,53,4
24.98,240,0.0,81349.99,1.0,5,2,10,1
4.0,300,0.0,58169.3,1.0,4,2,13,2
1.0,240,51459.94,56736.62,0.0,4,2,32,15
1.0,360,0.0,55312.6,1.0,5,2,14,3
1.0,222,12697.03,7680.88,1.0,3,2,39,30
94.0,224,14374.85,18504.62,0.8484167738,3,2,36,40
1.0,240,0.0,83676.23,0.7265536657,5,2,13,5
24.98,204,63794.09,67931.23,0.0,4,3,48,6
24.98,150,40710.94,37969.66,0.0,2,2,76,5
1.0,300,0.0,88373.67,1.0,4,2,30,6
71.0,240,1303.23,1210.24,0.0,5,2,40,2
0.0,300,0.0,67723.54,1.0,4,2,21,11
90.0,221,26175.08,20050.9,0.9445466288,3,4,31,33
4.0,240,10902.69,11412.19,0.0446452434,3,2,52,3
67.0,300,0.0,54188.54,1.0,4,2,11,7
0.0,360,0.0,57662.59,0.7608290673,5,2,16,1
76.0,240,84988.6,91681.49,0.0730015404,5,2,33,6
4.0,360,108821.9,114837.81,0.0523861436,4,2,36,6
1.0,120,38629.94,24405.02,1.0,5,2,17,30
93.0,240,23329.52,21686.83,0.0,4,2,7,8
24.98,240,58373.41,44499.92,0.0,5,2,7,23
94.0,230,11483.44,13829.18,0.9061564026,3,4,33,29
1.0,228,13211.32,12089.68,0.0,3,2,42,20
13.0,180,74710.74,86406.15,0.0,5,2,21,10
93.0,224,14961.61,17840.36,0.8987856747,3,2,17,55
34.0,360,0.0,136729.69,1.0,5,2,16,1
11.0,300,0.0,69567.79,1.0,4,2,18,4
56.0,232,15189.29,18071.38,0.9163627792,3,2,24,59
24.98,240,18198.23,18657.35,0.9376374458,3,2,20,35
1.0,360,0.0,77193.38,1.0,5,2,25,12
13.0,218,33577.33,17708.46,0.9303637922,3,4,24,40
4.0,244,0.0,138533.4,1.0,5,2,8,2
1.0,240,13499.46,16068.15,0.1598622119,3,4,48,13
1.0,240,0.0,87174.5,1.0,5,2,27,6
53.0,300,0.0,58370.98,1.0,4,2,16,5
18.0,265,0.0,140762.56,1.0,5,2,36,1
83.0,240,33049.71,33703.99,0.0,4,2,28,4
24.98,360,0.0,79951.97,1.0,5,2,13,3
8.0,300,48372.13,48311.41,0.0,4,2,10,5
24.98,240,73001.0,77358.78,0.0,4,2,40,10
24.98,228,29876.08,28265.23,0.0,3,4,41,18
1.0,300,34921.84,34052.7,0.0,4,2,10,4
2.0,228,11887.82,17581.67,0.9239116648,3,4,33,40
3.0,240,15097.28,19247.75,0.2156340351,1,2,122,14
56.0,236,16936.36,19610.37,0.916706824,3,2,14,49
96.0,240,118465.03,124548.55,0.0,5,2,38,1
0.0,300,73427.42,76478.25,0.0398914724,4,2,13,2
2.0,180,95732.13,95757.64,0.0002664017,5,2,22,1
5.0,240,0.0,100287.24,1.0,5,2,31,7
1.0,222,11454.57,4285.35,0.9161585401,3,2,13,52
94.0,240,16104.24,18818.98,0.9039172155,3,2,33,52
0.0,300,0.0,45556.23,1.0,4,2,17,13
94.0,240,8309.96,9254.1,0.9166607234,3,2,38,26
0.0,236,16103.56,19601.27,0.9885731894,3,2,17,57
1.0,240,132668.88,142488.81,0.0689172013,5,2,17,8
46.0,240,29728.85,29300.74,0.0,5,2,11,2
1.0,240,0.0,12359.52,1.0,4,2,55,6
52.0,218,33216.25,15792.89,0.891283356,3,4,22,43
24.98,180,65748.84,65797.55,0.0007403011,5,2,13,0
3.0,180,30046.39,27104.79,0.0,5,2,22,24
0.0,360,0.0,171940.49,1.0,5,2,11,3
24.98,240,12377.85,12628.7,0.0,4,2,7,4
3.0,240,28792.58,29958.46,0.0,5,2,26,7
1.0,236,4978.98,6353.69,0.9139555125,3,4,18,64
40.0,180,68503.57,67632.54,0.0,5,2,44,3
1.0,240,0.0,65358.04,1.0,4,2,16,10
7.0,240,20753.82,18041.57,0.9747510887,3,4,25,37
24.98,204,39712.84,43591.01,0.0,4,3,27,13
56.0,300,0.0,70123.67,1.0,4,2,31,1
1.0,120,0.0,10834.88,1.0,5,2,54,3
25.0,240,0.0,46737.65,1.0,5,2,61,6
23.0,144,0.0,84348.22,1.0,5,2,36,2
1.0,230,13653.02,15975.46,0.9002244693,3,2,23,53
1.0,300,46697.74,44463.13,0.0,4,2,7,21
24.98,240,40072.5,38117.77,0.0,4,2,25,5
24.98,240,36690.33,51460.06,0.1861517791,5,2,36,3
56.0,300,0.0,56389.76,1.0,4,2,30,1
6.0,240,0.0,38086.61,0.7834015407,4,2,19,17
12.0,300,36169.65,38196.83,0.0530719434,4,2,20,13
93.0,300,0.0,63641.59,1.0,4,2,22,1
34.0,240,122322.45,116138.74,0.0,5,2,26,8
24.98,240,97119.41,86402.22,0.0,5,2,18,11
2.0,300,0.0,76077.23,1.0,4,2,10,2
0.0,240,26316.66,26614.34,1.0,3,4,22,33
1.0,360,0.0,93734.57,1.0,4,2,10,5
1.0,240,0.0,57994.2,1.0,5,2,47,12
28.0,300,0.0,65449.32,1.0,4,2,13,2
1.0,240,0.0,82996.93,1.0,5,2,16,9
65.0,240,0.0,75012.62,1.0,4,2,29,4
20.0,240,37558.07,34288.64,0.0,5,2,18,11
2.0,300,0.0,61162.89,1.0,4,2,27,1
1.0,229,15062.35,17986.06,0.9466431225,3,2,25,58
34.0,172,0.0,73077.3,1.0,5,2,22,1
1.0,230,10563.33,11653.71,0.9345650441,3,4,38,46
1.0,236,21262.15,10914.92,0.0,3,2,44,24
4.0,204,60715.79,60506.48,0.0,4,3,22,1
1.0,236,14668.91,9860.01,0.9832403821,3,2,28,40
56.0,182,0.0,15888.5,0.7260085468,5,2,18,4
90.0,300,0.0,62363.09,1.0,4,2,28,3
37.0,360,0.0,154590.3,1.0,5,2,25,1
64.0,220,5686.84,7430.94,0.8181064576,3,2,41,42
1.0,240,10717.55,11899.55,0.0993314873,3,2,36,18
24.98,228,12635.83,14890.94,0.1514417491,3,4,66,11
24.98,204,49797.1,56798.47,0.0,4,3,23,14
71.0,300,0.0,49710.56,1.0,4,2,15,2
56.0,240,51629.36,57054.06,0.0,5,2,8,8
87.0,180,8.58,26228.6,0.9996728762,5,2,21,11
2.0,224,15053.73,17852.06,0.9327971114,3,2,17,55
24.98,228,16712.07,15744.68,0.0,4,2,41,8
1.0,218,28572.15,29223.01,0.0222721752,3,2,60,15
49.0,360,136894.21,136583.19,0.0,5,2,14,0
0.0,240,0.0,42562.89,1.0,4,2,22,21
2.0,240,439845.33,427184.32,0.0,5,2,46,3
24.98,204,13730.6,15456.43,0.0,4,2,46,7
1.0,231,7862.03,8747.34,0.1012090533,3,2,60,18
24.98,240,103540.72,89500.88,0.0,5,2,27,13
24.98,240,105809.43,99453.0,0.0,5,2,12,6
24.98,240,18862.26,20814.45,0.0,3,2,27,17
1.0,240,0.0,105699.34,1.0,5,2,55,6
89.0,240,0.0,47460.03,1.0,4,2,30,4
4.0,240,10239.8,10734.3,0.0460672797,3,2,46,9
11.0,240,0.0,60902.79,0.748379483,5,2,18,1
26.0,204,76138.1,68318.53,0.0,1,2,30,8
5.0,360,0.0,30953.74,1.0,5,2,19,18
79.0,120,0.0,85594.9,1.0,5,2,23,26
1.0,360,23480.64,269689.04,0.9129343929,5,2,22,2
0.0,165,74206.78,88273.36,0.1593524932,4,2,30,10
4.0,234,19488.18,23020.46,0.9025319216,3,4,39,27
94.0,240,18211.82,18677.64,0.9251554265,3,2,20,35
1.0,360,135304.18,143007.07,0.0538637006,5,2,10,13
70.0,240,84107.87,76126.35,0.0,5,2,61,9
5.0,180,15214.24,17001.05,0.0,5,2,51,13
4.0,228,0.0,56128.53,1.0,4,2,30,2
94.0,300,0.0,39899.67,1.0,4,2,27,2
2.0,360,0.0,179402.18,1.0,5,2,22,12
23.0,300,0.0,93629.55,1.0,4,2,18,1
20.0,240,0.0,48568.03,1.0,5,2,66,1
0.0,300,0.0,77471.09,1.0,4,2,13,7
1.0,360,0.0,76039.91,1.0,5,2,10,24
94.0,229,15065.76,17917.27,0.9340943124,3,2,23,60
0.0,236,21249.77,9860.0,0.9832403651,3,2,28,40
1.0,300,0.0,63830.39,1.0,4,2,12,2
64.0,360,128269.09,127553.0,0.0,5,2,18,1
52.0,236,16936.36,19638.84,0.9110084913,3,2,15,48
7.0,300,0.0,64643.62,1.0,4,2,21,0
0.0,360,0.0,122086.53,1.0,5,2,11,8
70.0,300,0.0,27998.55,1.0,4,2,22,1
34.0,240,0.0,49973.55,1.0,5,2,36,5
2.0,240,19709.24,20136.7,0.0212279073,3,2,55,2
4.0,300,47030.22,44401.2,0.0,4,2,38,9
96.0,360,145607.51,139781.93,0.0,5,2,19,6
0.0,300,0.0,64278.38,1.0,4,2,9,5
1.0,240,17222.94,35191.88,0.7397833875,5,2,19,25
8.0,235,13057.85,13202.67,1.0,3,2,56,25
94.0,240,125932.62,124717.29,0.0,5,2,20,4
2.0,240,88115.84,79489.75,0.0,5,2,42,18
1.0,240,0.0,45283.54,0.7231166593,5,2,46,3
7.0,240,0.0,125947.39,1.0,5,2,9,5
1.0,234,14892.43,14460.81,0.9913587137,3,2,48,32
0.0,360,0.0,136540.82,1.0,5,2,37,5
1.0,300,61987.58,55518.4,0.0,4,2,7,18
52.0,300,0.0,52915.04,1.0,4,2,14,6
1.0,240,19709.25,22452.67,0.1221868045,3,2,33,24
18.0,360,0.0,76824.78,1.0,5,2,16,1
64.0,240,47582.5,46859.77,0.0,4,2,26,6
24.98,220,13126.15,11382.38,0.9742733945,3,4,18,61
2.0,239,0.0,105934.88,1.0,5,2,34,4
24.98,192,74110.21,51955.39,0.9563151061,5,2,11,26
1.0,300,0.0,73381.06,1.0,5,2,26,17
1.0,300,0.0,37721.08,1.0,4,2,14,6
1.0,236,21262.15,9851.59,0.973858027,3,2,28,40
77.0,240,79363.83,90908.77,0.7168735022,1,2,62,25
94.0,204,31502.27,36668.1,0.6521046023,4,2,31,33
9.0,360,0.0,120359.35,1.0,5,2,22,2
1.0,360,283754.38,310174.46,0.0851781285,5,2,24,3
4.0,240,8309.96,9917.42,0.9251962708,3,2,29,35
8.0,230,7788.07,8577.67,0.0920529701,3,2,56,11
1.0,240,0.0,26858.46,1.0,5,2,27,1
5.0,300,66618.07,64750.8,0.0,4,2,11,5
24.98,240,125083.0,102736.24,0.0,5,2,14,18
1.0,236,21249.77,9897.28,0.9809866953,3,2,29,39
1.0,240,0.0,31780.18,1.0,4,2,22,10
1.0,234,17060.97,17535.36,0.9954326572,3,4,38,42
83.0,240,93565.61,109150.9,0.0,5,2,24,17
1.0,300,0.0,65788.66,1.0,4,2,7,2
2.0,180,112924.62,99927.56,0.0,5,2,21,14
17.0,230,22604.56,22929.18,0.9725999796,3,4,23,52
24.98,60,2871.22,15086.14,0.3711101182,5,2,29,9
2.0,360,0.0,92781.53,1.0,5,2,21,2
2.0,360,0.0,224576.18,1.0,5,2,15,1
24.98,360,0.0,152554.13,1.0,5,2,8,3
87.0,240,60906.1,60889.41,0.0,5,2,49,2
1.0,240,0.0,72576.79,1.0,5,2,41,14
96.0,180,72952.68,72908.27,0.0,5,2,31,2
17.0,240,42884.07,46749.3,0.0,1,2,25,13
90.0,240,55562.03,55051.31,0.0,5,2,29,5
2.0,360,0.0,173060.5,1.0,5,2,9,9
0.0,240,136386.98,109199.9,0.0,5,2,28,20
1.0,360,0.0,85408.89,1.0,5,2,14,4
24.98,240,50450.52,45542.5,0.0,4,2,23,12
24.98,240,86487.9,88241.21,0.0,5,2,38,8
24.98,180,98227.48,98842.97,0.0,4,2,10,13
1.0,230,23656.48,23016.82,0.9409983655,3,4,23,52
52.0,240,25212.62,26623.33,0.9696570639,3,4,13,46
24.98,60,23498.13,30887.42,0.0,5,2,28,10
40.0,240,43671.19,44632.76,0.0,4,2,33,1
1.0,236,14260.36,14395.16,0.9957027223,3,2,26,57
4.0,360,0.0,136340.61,1.0,5,2,14,3
0.0,120,0.0,42957.94,0.4637021699,5,2,50,5
91.0,119,28203.2,28923.78,0.0,5,2,21,2
68.0,300,103933.82,100647.99,0.0,5,2,15,4
24.98,360,0.0,82483.18,1.0,4,2,8,7
56.0,240,91235.88,89705.58,0.0,5,2,14,2
24.98,240,20875.48,19587.72,0.0,4,2,9,11
24.98,240,173180.23,113782.32,0.7730957295,5,2,23,38
1.0,180,548328.5,393402.32,0.7859249804,1,2,25,41
24.98,240,21956.04,17476.01,0.0,4,2,8,18
24.98,218,14774.98,9491.74,0.92644552,3,4,17,32
24.98,360,0.0,363348.05,1.0,5,2,11,1
5.0,236,9492.58,9603.37,0.9711788674,3,2,34,52
4.0,240,114281.33,110075.4,0.0,5,2,42,2
7.0,240,71047.49,69275.38,0.0,5,2,20,3
1.0,236,16936.36,19604.02,0.9593777195,3,2,14,49
1.0,240,0.0,78678.38,0.0,4,2,35,13
4.0,180,109534.69,100518.48,0.0,5,2,27,9
77.0,300,0.0,99169.49,1.0,5,2,26,2
24.98,218,14775.35,9535.66,0.921082547,3,4,17,32
1.0,240,0.0,55797.28,1.0,4,2,15,17
24.98,180,51447.95,60420.95,0.0,5,2,16,11
24.98,240,33991.32,33766.46,0.0,1,2,82,1
1.0,220,11343.41,11441.53,0.9254077033,3,4,18,61
1.0,240,22041.4,27781.14,0.0,3,4,36,19
0.0,240,139495.92,126630.98,0.0,5,2,65,7
24.98,300,0.0,80649.64,1.0,4,2,8,4
26.0,240,0.0,35323.97,0.752076441,4,2,26,20
56.0,240,79783.66,82301.24,0.0,5,2,37,9
24.98,120,8942.59,10832.46,0.0,5,2,53,2
49.0,120,0.0,69420.07,1.0,5,2,49,1
77.0,240,62377.17,78293.4,0.7688675742,4,2,12,43
3.0,240,0.0,95189.87,1.0,5,2,61,10
24.98,240,122953.68,111115.38,0.0,5,2,11,9
1.0,222,11450.79,4272.93,0.9194276527,3,2,13,52
92.0,240,0.0,109799.19,1.0,5,2,39,1
24.98,300,0.0,75095.8,1.0,4,2,13,1
29.0,360,0.0,75823.84,1.0,5,2,21,4
1.0,300,0.0,44043.3,1.0,4,2,17,10
1.0,300,60131.48,55141.28,0.0,4,2,7,12
41.0,300,67835.36,68887.05,0.0152668753,4,2,18,2
24.98,204,54001.74,46913.59,0.0,5,2,34,12
22.0,240,0.0,60366.17,1.0,5,2,23,3
22.0,360,0.0,68272.96,1.0,5,2,20,4
24.98,240,79397.73,77141.51,0.0,5,2,22,3
94.0,228,7876.59,12201.12,0.8534191943,3,4,27,43
56.0,240,21661.46,20781.78,0.0,4,2,10,6
83.0,240,41377.52,53743.95,0.6518150119,1,2,16,44
0.0,300,0.0,69165.62,1.0,4,2,7,4
1.0,236,3617.08,5711.07,0.8866709741,3,4,18,64
56.0,230,8256.86,9612.49,0.9132264377,3,2,28,52
0.0,300,0.0,52660.8,1.0,4,2,10,3
1.0,240,0.0,48666.01,1.0,5,2,35,15
24.98,236,21260.47,9719.33,0.9755199175,3,2,29,39
2.0,240,11109.41,11445.97,0.9288719086,3,2,25,29
56.0,240,0.0,76527.26,0.6529397467,5,2,39,5
94.0,224,14956.45,17852.06,0.890134808,3,2,17,55
1.0,329,0.0,153945.9,1.0,5,2,12,12
1.0,300,0.0,58580.86,1.0,4,2,22,5
0.0,240,0.0,62744.03,1.0,4,2,23,4
93.0,360,0.0,100034.68,1.0,5,2,16,1
4.0,240,10516.15,8966.03,0.0,3,4,35,18
93.0,230,13628.42,15975.48,0.9281467599,3,2,23,53
94.0,230,20375.0,22268.3,0.8869082956,3,2,28,31
83.0,240,96631.06,94270.83,0.0,5,2,26,9
7.0,204,37060.73,36712.84,0.0,4,3,66,1
0.0,360,74581.38,63920.95,0.0,5,2,34,13
24.98,48,34393.11,32887.0,0.0,1,2,10,1
24.98,120,274210.77,212829.8,0.0,5,2,13,18
90.0,240,52873.93,60242.21,0.7569041787,5,2,19,25
45.0,300,131039.94,124277.66,0.0,5,2,8,7
25.0,204,51925.92,52659.11,0.0,5,2,50,16
24.98,228,28717.66,26818.17,0.0,3,4,41,18
1.0,180,62963.42,83250.74,0.6395467782,5,2,19,41
1.0,300,0.0,41019.1,1.0,4,2,10,6
1.0,180,0.0,94345.05,0.7752512948,5,2,21,1
5.0,360,0.0,119187.04,1.0,5,2,19,0
1.0,240,103707.73,90158.54,0.0,5,2,20,13
24.98,120,18653.92,30174.63,0.0023980726,1,2,79,10
8.0,204,0.0,13640.78,1.0,4,3,71,5
24.98,240,55011.79,114701.99,0.4236320837,5,2,29,1
24.98,240,51110.54,50097.44,0.0,5,2,28,2
56.0,300,0.0,64006.46,0.7581792775,5,2,27,2
24.98,240,148126.35,119947.06,0.0,5,2,16,22
24.98,240,18652.7,20790.14,0.7654869515,4,2,12,36
6.0,180,26498.96,27440.12,0.0,5,2,15,2
73.0,300,0.0,73881.95,1.0,4,2,25,2
4.0,240,0.0,21257.49,0.7392349729,4,2,33,5
2.0,300,50161.42,54573.18,0.0,4,2,13,11
65.0,240,26767.58,27297.11,0.0,4,2,24,1
3.0,120,6934.97,28015.39,0.6263668616,5,2,28,43
82.0,240,41137.54,44049.83,0.6884943329,5,2,35,28
93.0,204,12200.93,12130.91,0.0,4,3,31,2
1.0,236,21260.47,9859.99,0.9755202591,3,2,28,40
3.0,240,0.0,100842.8,1.0,5,2,29,12
24.98,240,143798.04,146708.54,0.0,5,2,15,4
8.0,300,0.0,46070.44,1.0,4,2,26,2
31.0,240,19221.73,19908.82,0.9694080312,3,2,19,42
1.0,216,8708.41,9979.6,0.1273788529,3,4,58,1
37.0,240,18211.82,18659.53,0.9414561889,3,2,20,35
70.0,240,68402.5,67143.06,0.0,5,2,33,2
1.0,240,78065.81,70680.61,0.0,4,2,26,11
24.98,360,82453.67,81702.2,0.0,5,2,14,1
4.0,235,13081.03,13295.76,0.9937040079,3,2,13,62
1.0,240,0.0,122644.68,1.0,5,2,14,1
4.0,240,10516.45,8974.12,0.0,3,4,35,18
24.98,240,57009.35,63352.97,0.0,5,2,28,16
10.0,360,0.0,704722.99,0.729556483,5,2,14,12
1.0,300,0.0,78589.46,1.0,4,2,11,5
77.0,360,0.0,130217.98,1.0,5,2,15,4
83.0,240,29636.91,30837.87,0.038944324,5,2,40,3
94.0,180,68745.93,67114.99,0.0,5,2,10,3
1.0,300,0.0,65569.26,1.0,4,2,20,6
17.0,240,58926.01,56918.76,0.0,1,2,52,5
1.0,222,18290.4,18831.03,1.0,3,4,38,33
1.0,236,11994.57,12006.13,1.0,3,4,20,45
24.98,180,143702.27,129162.35,0.0,1,2,31,8
24.98,120,51811.34,49505.96,0.0,5,2,12,3
2.0,360,0.0,162806.99,1.0,5,2,10,1
26.0,218,33620.78,17708.46,0.9303637922,3,4,24,40
0.0,240,43445.86,39641.23,0.0,4,2,25,10
1.0,228,13215.56,12017.8,0.9675872456,3,2,31,31
9.0,240,79630.01,80022.07,0.0,5,2,9,3
24.98,180,19688.82,22971.99,0.1429205741,5,2,26,9
67.0,300,65980.46,68134.27,0.0316112582,4,2,8,4
77.0,240,111692.26,113113.59,0.0,5,2,10,1
1.0,360,0.0,63629.56,1.0,5,2,9,4
24.98,120,58824.23,53545.16,0.0,4,2,35,9
24.98,240,40734.41,39457.66,0.0,4,2,41,3
24.98,240,81445.62,73169.38,0.0,4,2,9,11
1.0,360,0.0,40913.25,1.0,4,2,41,2
5.0,119,0.0,101254.19,1.0,5,2,14,1
32.0,360,83929.0,83422.24,0.0,5,2,18,1
94.0,234,11786.81,14365.37,0.8915454318,3,2,33,41
0.0,240,41354.77,38962.4,0.0,4,2,47,3
1.0,120,68629.94,77847.09,0.0,5,2,19,5
24.98,240,86376.2,84274.0,0.0,5,2,15,2
1.0,204,0.0,51198.63,0.8976517856,4,3,43,3
1.0,240,0.0,90564.04,1.0,5,2,8,7
1.0,360,0.0,247372.51,1.0,5,2,12,1
1.0,236,19371.79,15769.96,0.9580709146,3,2,11,49
1.0,119,66188.32,62977.41,0.0,5,2,43,1
24.98,240,38234.95,37835.15,0.0,4,2,22,0
94.0,232,15244.21,18143.08,0.9117167537,3,2,24,59
81.0,234,19199.04,23307.35,0.9541084679,3,4,19,47
17.0,300,0.0,45224.29,1.0,4,2,51,2
24.98,240,93634.26,96737.89,0.0,5,2,23,8
21.0,240,0.0,79380.24,1.0,4,2,18,1
13.0,218,32350.4,16038.48,0.8289993815,3,4,22,43
4.0,300,0.0,41081.84,1.0,4,2,17,9
94.0,225,19560.93,14579.56,0.9489943455,3,4,22,26
85.0,240,82253.02,83299.55,0.0125634532,5,2,30,1
6.0,360,0.0,102588.62,1.0,5,2,25,4
24.98,60,34193.32,98505.08,0.3898988006,1,2,17,27
18.0,300,0.0,36958.8,1.0,4,2,31,7
24.98,177,34593.07,30898.18,0.0,5,2,16,8
94.0,230,10496.9,11697.67,0.9042022899,3,4,38,46
4.0,240,10509.93,9017.23,0.0,3,4,35,18
56.0,300,54549.69,55920.49,0.0,4,2,22,6
2.0,240,0.0,195526.87,1.0,5,2,26,8
24.98,126,76476.87,43598.19,1.0,2,2,54,28
0.0,240,0.0,167271.49,1.0,5,2,34,14
26.0,240,42653.0,44733.3,0.0465045056,5,2,58,7
17.0,360,0.0,45019.57,1.0,5,2,26,2
1.0,240,0.0,134193.29,0.7600150286,5,2,31,17
90.0,218,32650.34,15745.91,0.9033869748,3,4,22,43
41.0,235,13081.03,13163.43,0.9745051252,3,2,47,28
24.98,360,81246.11,79119.03,0.0,5,2,13,3
13.0,228,12203.64,18132.19,0.8840686095,3,4,27,43
8.0,240,0.0,92934.34,0.7164005034,5,2,21,6
2.0,300,0.0,80952.22,1.0,4,2,23,6
1.0,240,0.0,98206.11,1.0,5,2,14,26
90.0,221,26175.3,20042.98,0.9444448879,3,4,31,33
4.0,300,0.0,58374.75,1.0,4,2,16,1
72.0,300,0.0,47224.87,1.0,4,2,14,4
65.0,300,0.0,74253.31,1.0,4,2,16,3
24.98,48,34748.03,34898.65,0.0,1,2,26,2
90.0,240,46038.04,105315.69,0.0,5,2,28,24
60.0,240,74432.19,76305.38,0.0245485967,5,2,27,1
1.0,300,0.0,70300.25,1.0,4,2,20,6
1.0,200,13381.14,10676.54,0.9195263634,3,4,21,58
8.0,180,37371.32,55572.54,0.7710130326,4,2,17,26
24.98,240,90456.2,79148.17,0.0,5,2,16,12
1.0,240,0.0,231890.24,1.0,5,2,15,3
40.0,360,0.0,131648.86,1.0,5,2,27,0
8.0,225,11345.84,11568.32,0.0,3,2,46,22
24.98,218,14777.0,9814.34,0.8432497753,3,4,17,32
1.0,240,0.0,17327.67,1.0,4,2,34,12
1.0,234,14892.43,14570.56,0.9632526135,3,2,32,48
1.0,300,76630.85,70889.45,0.0,4,2,10,14
24.98,300,137083.48,132858.02,0.0,5,2,11,3
4.0,240,0.0,132897.68,1.0,5,2,30,10
88.0,224,15026.83,17852.06,0.8941057783,3,2,17,55
24.98,224,117857.91,105047.76,0.0,5,2,9,8
24.98,80,28486.93,27471.85,0.0,5,2,26,2
89.0,240,0.0,53080.25,1.0,5,2,57,2
24.98,240,141486.54,116589.41,0.0,5,2,9,17
64.0,180,43875.06,50189.61,0.6625240578,5,2,17,45
1.0,222,7356.95,4284.56,0.9278899117,3,2,14,51
24.98,228,10970.66,16525.57,0.8638558307,3,4,41,36
24.98,300,0.0,78909.97,1.0,4,2,10,1
1.0,222,13549.34,12653.85,1.0,3,4,30,53
1.0,360,0.0,60796.35,1.0,5,2,9,1
1.0,300,0.0,36467.88,1.0,5,2,11,7
24.98,240,65507.8,61559.04,0.0,5,2,39,6
24.98,300,0.0,59864.62,1.0,4,2,9,3
24.98,240,26464.85,20561.58,0.6572822721,5,2,25,28
17.0,240,41607.45,45488.25,0.0,4,2,29,4
24.98,240,27176.07,26453.68,0.0,4,2,25,4
94.0,236,14981.06,18402.84,0.8973131321,3,2,14,60
24.98,200,0.0,43517.23,1.0,4,2,8,6
15.0,240,0.0,34171.88,1.0,4,2,23,8
52.0,240,19796.74,22303.1,0.9252843775,3,2,15,42
40.0,360,0.0,101160.43,1.0,5,2,21,1
24.98,228,28705.36,25298.07,0.0,3,4,41,18
19.0,360,0.0,49320.18,0.7641285236,4,2,8,42
24.98,240,13628.84,82221.23,0.7174562752,5,2,22,7
56.0,230,8256.86,9612.49,0.9094584234,3,2,28,52
1.0,234,14257.24,17264.43,0.9412781076,3,4,37,35
11.0,240,0.0,389105.92,1.0,5,2,38,4
94.0,230,20375.0,21995.84,0.8995937414,3,2,28,31
3.0,240,0.0,96600.91,1.0,5,2,43,15
24.98,119,86790.78,77304.04,0.0,5,2,8,10
40.0,240,69567.35,70281.77,0.0,4,2,22,9
92.0,200,58629.22,63486.39,0.0,5,2,7,0
2.0,240,0.0,119085.62,0.7038939241,5,2,11,24
1.0,270,0.0,42155.0,1.0,4,2,14,1
8.0,300,0.0,25521.4,1.0,4,2,19,1
38.0,300,0.0,66772.38,1.0,4,2,19,5
83.0,240,0.0,77452.31,0.0,4,2,15,21
0.0,240,0.0,97491.97,0.7584138469,5,2,37,15
0.0,240,0.0,69661.31,1.0,5,2,18,20
40.0,300,0.0,35218.37,1.0,4,2,20,4
9.0,71,3410.59,31479.58,0.6855114838,1,2,82,55
0.0,240,0.0,130796.89,1.0,5,2,24,17
24.98,240,50727.91,45338.94,0.0,5,2,10,11
96.0,234,11640.33,16963.07,0.8785526441,3,4,40,32
24.98,240,57095.85,56277.01,0.0,5,2,28,1
28.0,240,121232.01,126024.43,0.0380277062,5,2,38,1
8.0,240,25086.43,25153.78,0.0,4,2,41,2
24.98,240,46021.94,50513.98,0.0,5,2,14,4
94.0,300,0.0,20900.73,1.0,4,2,15,1
1.0,220,11464.27,11390.42,0.9415359574,3,4,18,61
40.0,204,0.0,67719.73,1.0,5,2,33,8
24.98,240,35332.44,35593.33,0.0073297441,3,4,39,1
1.0,222,13455.71,5049.6,0.9356820342,3,2,27,40
0.0,300,0.0,55025.39,1.0,4,2,22,16
1.0,300,0.0,50634.87,1.0,4,2,20,4
94.0,230,20378.28,22268.3,0.8936847447,3,2,28,31
35.0,300,0.0,59935.51,1.0,4,2,26,5
24.98,240,55535.2,53115.25,0.0,4,2,17,7
56.0,240,71306.21,84558.28,0.0,5,2,36,24
1.0,236,21260.47,9776.18,0.9763956883,3,2,28,40
0.0,240,119413.81,89331.23,0.0,5,2,38,23
24.98,240,100544.9,100326.85,0.0,5,2,29,7
1.0,236,21249.77,9912.39,0.977196216,3,2,28,40
24.98,360,281650.21,267700.6,0.0,5,2,11,5
91.0,240,45450.49,44945.27,0.0,4,2,24,1
32.0,360,0.0,168534.43,1.0,5,2,17,2
38.0,240,19221.72,19912.88,0.9664528687,3,2,19,42
1.0,300,95586.93,91244.32,0.0,4,2,7,7
1.0,222,12697.03,7680.87,1.0,3,2,39,30
58.0,240,10710.54,11235.83,0.0467513303,3,2,53,1
2.0,228,12380.82,15927.59,0.2226808952,3,4,58,12
96.0,234,19894.65,23116.22,0.0,3,4,36,23
8.0,230,7422.91,11475.62,0.8995418112,3,4,19,61
1.0,300,0.0,38364.5,1.0,4,2,11,10
94.0,240,27618.55,25104.59,0.0,5,2,34,10
1.0,180,0.0,106720.69,0.7171885238,5,2,9,1
94.0,158,4278.23,5838.13,0.8146152963,3,4,18,54
0.0,240,93842.6,109532.21,0.9213844413,4,2,13,39
1.0,240,26237.5,26405.51,1.0,3,4,24,35
44.0,240,0.0,62503.8,1.0,1,2,86,3
1.0,239,27635.66,28228.93,0.0210163828,1,2,68,0
2.0,300,0.0,43402.99,1.0,4,2,14,2
1.0,300,0.0,87801.52,1.0,4,2,25,0
2.0,240,56801.93,55994.83,0.0,5,2,69,1
1.0,240,0.0,120204.43,0.7886404867,1,2,54,6
67.0,240,0.0,166008.64,1.0,5,2,32,7
1.0,240,0.0,81447.06,1.0,4,2,15,6
81.0,240,18211.81,18660.59,0.9414225381,3,2,20,35
1.0,300,0.0,84511.83,1.0,4,2,20,2
1.0,240,0.0,199298.04,1.0,5,2,41,8
13.0,300,0.0,83834.51,1.0,4,2,13,5
96.0,300,30295.99,15256.06,0.0,4,2,7,18
24.98,240,26237.51,12003.37,0.9564497304,3,4,7,55
4.0,300,0.0,71098.92,1.0,4,2,16,2
24.98,240,1908.56,11502.74,0.2825269001,5,2,35,27
71.0,300,0.0,73276.24,1.0,4,2,17,2
24.98,240,64029.91,53467.71,0.0,5,2,36,13
1.0,228,15323.51,16554.08,0.074336357,3,2,63,14
1.0,222,11432.48,4460.22,0.8269524822,3,2,14,51
1.0,230,10496.9,11646.56,0.9414608262,3,4,38,46
17.0,300,0.0,40774.12,1.0,4,2,7,1
24.98,360,173201.19,164466.29,0.0,5,2,23,4
0.0,240,0.0,66241.69,0.7880044911,5,2,19,4
75.0,218,32352.59,15792.89,0.891283356,3,4,22,43
1.0,240,0.0,37558.3,0.7609968441,4,2,28,19
0.0,180,0.0,36304.36,0.6785591579,4,2,10,22
24.98,360,309536.08,265396.43,0.0,5,2,9,14
5.0,240,38516.9,38658.5,0.0036628426,5,2,41,9
24.98,148,0.0,20327.21,0.6826779748,4,2,8,38
11.0,300,0.0,55729.41,1.0,4,2,21,1
8.0,225,11346.02,11620.13,0.0,3,2,46,22
89.0,84,2519.08,3472.96,0.0,4,2,40,12
2.0,360,0.0,418330.54,1.0,5,2,17,1
4.0,240,0.0,108302.72,1.0,5,2,52,8
1.0,300,0.0,74135.43,1.0,4,2,17,7
1.0,240,26319.94,26438.15,1.0,3,4,32,29
1.0,220,17058.63,11441.53,0.9257389527,3,4,18,61
24.98,240,50910.21,56430.46,0.0978239412,5,2,31,3
14.0,240,0.0,64902.2,1.0,5,2,46,1
24.98,218,14775.76,9591.01,0.857201692,3,4,17,32
4.0,231,7862.07,8571.29,0.082743671,3,2,71,7
24.98,240,12516.54,14956.61,0.0,4,2,39,24
28.0,240,0.0,78751.53,1.0,5,2,25,4
24.98,120,111474.09,98066.86,0.0,5,2,34,9
1.0,300,0.0,127663.4,1.0,5,2,11,34
2.0,232,15192.87,18060.11,0.9312778272,3,2,24,59
24.98,240,97966.98,94097.25,0.0,5,2,8,3
90.0,218,32743.7,15792.89,0.891283356,3,4,22,43
1.0,230,13651.29,15976.48,0.918016359,3,2,23,53
94.0,240,95545.95,113770.41,0.7255717438,5,2,8,36
19.0,240,121843.24,120693.41,0.0,5,2,31,7
96.0,240,82359.88,86833.13,0.0,5,2,23,1
24.98,240,52426.91,49355.05,0.0,5,2,8,5
76.0,300,0.0,34067.74,0.0,4,2,24,19
24.98,240,39149.01,35164.57,0.0,5,2,21,16
0.0,300,0.0,46980.89,1.0,4,2,24,12
3.0,240,23239.46,26793.13,0.1326336266,3,4,36,18
94.0,230,11483.46,13838.37,0.9156613098,3,4,33,29
96.0,240,33243.25,34704.26,0.0420988662,4,2,27,2
89.0,60,29328.42,44512.26,0.0,1,2,50,8
1.0,236,6013.62,5928.47,1.0,3,4,23,53
1.0,300,0.0,44548.24,1.0,4,2,19,9
1.0,240,0.0,70791.05,1.0,5,2,17,12
24.98,240,11606.28,10643.24,0.0,1,2,75,7
24.98,240,159645.79,149908.16,0.0,5,2,30,5
37.0,230,20374.99,22395.49,0.8940518828,3,2,28,31
5.0,240,0.0,15681.96,1.0,5,2,16,5
60.0,240,0.0,114940.49,1.0,5,2,40,11
1.0,236,21260.47,9860.02,0.9830466875,3,2,28,40
0.0,240,0.0,47450.59,1.0,4,2,29,8
41.0,360,0.0,69630.59,0.0,5,2,10,20
18.0,360,0.0,135871.37,1.0,5,2,16,7
58.0,234,19199.04,23169.56,0.9723693501,3,4,18,48
1.0,240,0.0,531002.48,0.8049431309,5,2,9,2
85.0,240,85062.88,91549.75,0.0,5,2,20,6
24.98,240,15452.87,17453.69,0.1146359309,5,2,58,3
3.0,240,0.0,69057.76,1.0,4,2,29,1
3.0,240,0.0,74075.5,1.0,4,2,15,4
1.0,300,0.0,53966.12,1.0,4,2,16,4
85.0,180,33273.92,34861.15,0.0,5,2,30,3
0.0,180,0.0,137123.34,1.0,5,2,17,20
65.0,240,40448.67,38602.69,0.0,1,2,39,7
24.98,240,139672.1,122913.85,0.0,4,2,27,13
1.0,300,16648.62,16235.36,0.0,4,2,45,4
4.0,240,0.0,48969.85,0.792606549,4,2,30,6
1.0,236,21260.47,9860.01,0.97651118,3,2,28,40
34.0,240,147458.77,150939.01,0.02305726,5,2,13,9
24.98,236,10011.77,8883.41,0.0,3,2,24,20
5.0,240,0.0,36128.19,0.8081082298,4,2,29,16
91.0,300,0.0,33895.53,1.0,4,2,21,7
7.0,360,0.0,231556.83,1.0,5,2,25,5
94.0,230,20375.0,22001.8,0.8994018671,3,2,28,31
24.98,240,39868.81,37594.27,0.0,4,2,25,8
0.0,119,153044.37,92167.68,1.0,5,2,12,39
24.98,236,0.0,78609.48,1.0,5,2,11,0
94.0,225,19560.93,14602.83,0.9433205755,3,4,22,26
93.0,240,11057.87,11477.11,0.0,3,2,31,24
1.0,240,10002.11,10939.49,0.085687724,3,2,46,11
2.0,240,11109.73,11443.67,0.9348198611,3,2,25,29
1.0,240,0.0,70882.52,1.0,5,2,41,10
17.0,360,41318.7,45950.0,0.8141702566,5,2,7,31
24.98,236,10058.84,7490.61,0.9624329661,3,2,15,29
4.0,180,29799.25,37331.6,0.6716131153,5,2,42,25
24.98,240,35651.09,35611.52,0.0,3,4,39,1
1.0,229,15067.1,18220.84,0.9337116181,3,2,49,34
4.0,240,10516.15,8976.61,0.0,3,4,35,18
4.0,240,10516.15,9013.46,0.0,3,4,35,18
93.0,240,94865.83,97845.2,0.0,5,2,10,3
1.0,330,0.0,53141.35,1.0,5,2,16,13
24.98,240,94878.1,82840.38,0.0,4,2,15,11
1.0,239,0.0,58317.09,0.724350798,1,2,49,8
1.0,240,0.0,239285.14,1.0,5,2,23,12
24.98,240,35950.92,34715.82,0.0,4,2,16,6
34.0,240,0.0,28938.65,0.0,4,2,48,15
96.0,240,8380.46,46145.82,0.739977422,4,2,23,54
24.98,222,13455.71,7452.08,1.0,3,2,37,30
94.0,236,18395.41,17164.39,0.9258021986,3,2,24,41
1.0,240,20755.33,20948.26,0.0092098341,3,4,39,23
29.0,180,65758.33,64230.55,0.0,5,2,7,3
93.0,120,0.0,20105.4,1.0,5,2,39,2
1.0,240,20396.96,23171.85,0.1197526309,3,2,34,24
2.0,240,108316.73,104324.69,0.0,5,2,13,5
1.0,236,15705.91,19103.22,0.8998582438,3,2,15,59
1.0,300,60175.7,55140.12,0.0,4,2,7,12
1.0,360,40133.43,39885.68,0.0,5,2,15,5
24.98,204,51272.71,60881.0,0.7170922556,4,3,35,36
4.0,300,0.0,59997.47,1.0,4,2,17,1
90.0,221,26174.24,20042.98,0.9441894369,3,4,31,33
94.0,230,20374.99,22063.35,0.9065377651,3,2,28,31
4.0,240,65439.7,63672.09,0.0,5,2,30,2
24.98,360,111864.67,102041.64,0.0,5,2,13,8
96.0,221,33287.41,31081.15,0.0,3,4,44,14
4.0,360,0.0,202870.28,1.0,5,2,11,8
1.0,240,75288.89,50918.61,0.716605531,5,2,28,43
89.0,148,22796.37,22366.86,0.0,4,3,53,4
1.0,300,0.0,77531.47,1.0,4,2,15,1
1.0,180,0.0,63172.89,0.6808713011,5,2,13,1
3.0,300,67066.01,64600.25,0.0,4,2,18,6
0.0,240,990218.71,908541.31,0.0,5,2,25,6
24.98,240,38320.24,37335.47,0.0,4,2,8,4
96.0,300,0.0,59534.38,1.0,4,2,30,1
24.98,240,85044.15,82622.18,0.0,5,2,18,3
47.0,240,12718.41,15151.74,0.0,4,2,41,24
1.0,240,83570.29,78015.51,0.0,5,2,20,12
8.0,300,0.0,41133.82,1.0,4,2,23,5
3.0,300,61656.46,61797.24,0.0022780953,4,2,15,3
56.0,300,0.0,45113.99,1.0,4,2,23,2
24.98,120,71697.83,83031.99,0.0,5,2,17,4
0.0,180,0.0,43580.03,1.0,5,2,21,15
1.0,300,62117.32,63871.08,0.0274578103,4,2,12,10
56.0,180,0.0,36576.79,1.0,5,2,53,4
1.0,222,7641.54,5537.84,0.9277010531,3,2,17,55
24.98,300,0.0,73259.6,1.0,4,2,7,3
0.0,240,88214.83,69676.36,0.0,5,2,19,21
24.98,240,140394.35,129808.56,0.0,5,2,38,6
24.98,180,39893.84,46321.85,0.0,1,2,49,5
24.98,240,67251.79,62440.31,0.0,5,2,24,16
4.0,240,20643.6,23177.63,0.9278567308,3,2,16,40
24.98,360,0.0,103103.55,1.0,5,2,11,1
4.0,360,0.0,167573.95,1.0,5,2,25,10
1.0,240,107685.36,95540.93,0.0,5,2,26,11
24.98,240,0.0,80309.22,0.8797593935,5,2,19,2
0.0,240,42203.94,38407.14,0.0,5,2,25,17
24.98,240,22109.35,20558.61,0.0,5,2,30,5
30.0,240,152108.07,158032.38,0.6526408751,5,2,18,37
1.0,236,21260.47,9850.82,0.9854174576,3,2,28,40
3.0,300,0.0,86978.68,1.0,4,2,14,2
24.98,236,19918.0,19234.25,0.9418817994,3,2,16,57
24.98,120,34577.52,32928.7,0.0,1,2,54,2
1.0,296,0.0,59632.66,1.0,4,2,18,15
24.98,240,57554.84,52608.19,0.0,4,2,16,13
7.0,240,54134.75,53716.33,0.0,4,2,41,1
0.0,240,0.0,57671.08,1.0,5,2,37,7
0.0,240,0.0,66609.56,1.0,4,2,53,3
4.0,300,0.0,45885.92,1.0,4,2,30,1
18.0,175,0.0,38405.19,0.6573650268,5,2,17,16
56.0,236,21249.77,10957.72,0.9441334511,3,2,40,28
24.98,300,0.0,72367.75,1.0,4,2,7,4
0.0,240,153709.69,106049.01,1.0,5,2,9,33
0.0,300,0.0,53367.27,1.0,4,2,18,3
3.0,240,0.0,111250.04,1.0,5,2,48,5
1.0,120,72494.52,85488.7,0.1519988022,1,2,19,2
24.98,180,38668.0,36130.0,0.0,1,2,41,4
0.0,240,0.0,95621.49,1.0,5,2,26,2
28.0,120,38767.49,38755.83,0.0,1,2,51,3
2.0,240,26319.93,25950.37,0.9779417403,3,4,18,43
4.0,230,20375.0,22001.8,0.9410443691,3,2,28,31
5.0,300,0.0,80426.6,0.8064421574,5,2,24,5
24.98,360,72583.72,65508.49,0.0,5,2,19,9
24.98,240,35263.78,34271.4,0.0,4,2,32,8
11.0,300,0.0,86723.01,1.0,4,2,8,5
24.98,180,362474.64,331243.2,0.0,5,2,15,7
1.0,240,44992.35,45739.25,0.0163295201,4,2,21,1
5.0,222,13116.06,7128.66,0.9273678363,3,2,41,30
68.0,218,32686.17,15685.54,0.9191095748,3,4,22,43
4.0,216,10242.33,13629.86,0.9369193814,3,4,19,36
1.0,335,0.0,27921.95,1.0,5,2,22,9
11.0,300,0.0,37957.18,1.0,4,2,22,1
24.98,240,10836.1,12631.84,0.0,4,2,34,23
24.98,311,297169.85,268441.65,0.0,5,2,7,9
1.0,236,21260.47,10871.86,0.0,3,2,47,21
2.0,220,5686.83,7141.34,0.9128692934,3,2,18,65
0.0,240,0.0,206889.64,0.8132793245,5,2,22,1
0.0,240,209611.93,147640.07,0.6605014417,5,2,18,30
1.0,223,12698.85,7672.63,1.0,3,2,39,30
10.0,300,58855.15,57650.41,0.0,4,2,26,4
17.0,240,19682.39,21600.42,0.0887959586,3,2,47,10
24.98,360,110545.01,117925.47,0.062585801,4,2,20,6
1.0,360,0.0,99911.44,1.0,5,2,31,7
0.0,240,0.0,83135.23,0.7281384545,5,2,39,7
94.0,120,72299.35,82220.04,0.1206602429,5,2,11,4
1.0,220,13804.81,11441.53,0.9373475401,3,4,18,61
65.0,120,0.0,53399.61,1.0,5,2,41,0
17.0,240,49382.88,47969.45,0.0,5,2,21,3
1.0,240,9124.88,8014.91,1.0,3,4,19,34
11.0,360,0.0,93287.67,1.0,5,2,29,7
24.98,228,24185.31,14104.0,0.9165506239,3,4,14,60
1.0,300,0.0,59711.86,1.0,4,2,19,10
3.0,240,0.0,82423.83,1.0,5,2,42,8
19.0,300,65463.91,63059.78,0.0,4,2,17,6
44.0,180,30721.43,40993.4,0.8014654916,4,2,20,39
1.0,240,0.0,92840.2,1.0,5,2,29,1
10.0,300,0.0,65386.07,1.0,4,2,17,3
93.0,228,12186.9,16634.93,0.0,3,4,47,23
65.0,300,0.0,38986.51,1.0,4,2,26,5
24.98,240,75379.19,74615.32,0.0,4,2,20,1
1.0,240,81308.04,82142.93,0.0101638692,5,2,61,8
2.0,180,108023.67,106119.78,0.0,5,2,14,1
96.0,270,70078.35,480.13,1.0,4,2,8,26
94.0,234,19199.06,23116.55,0.9724422546,3,4,16,50
94.0,221,33287.41,26363.77,0.0,3,4,38,20
24.98,300,49436.66,47657.58,0.0,4,2,8,6
1.0,240,56504.9,57971.55,0.0,5,2,13,1
0.0,300,0.0,65317.36,1.0,4,2,14,17
58.0,300,0.0,74098.39,1.0,4,2,17,3
24.98,240,41413.79,43733.07,0.0530326364,4,2,33,3
1.0,240,0.0,99183.92,1.0,5,2,63,1
24.98,240,217371.25,214562.13,0.0,5,2,13,1
89.0,180,36077.93,34511.36,0.0,4,2,24,6
9.0,240,0.0,130337.95,1.0,5,2,28,4
24.98,204,13834.08,14807.85,0.8046275982,4,3,20,32
24.98,240,33229.57,36813.94,0.0,4,2,27,13
24.98,180,100987.32,116511.98,0.1332451822,5,2,22,6
58.0,360,111893.97,102803.97,0.0,5,2,7,15
1.0,216,7296.93,8847.91,0.9221488465,3,4,18,52
24.98,360,160184.63,153449.38,0.0,5,2,10,4
24.98,72,0.0,18443.01,1.0,5,2,18,28
0.0,360,0.0,75532.11,1.0,5,2,16,6
1.0,240,0.0,53155.91,1.0,5,2,42,5
24.98,234,21348.73,15211.13,0.9803249331,3,2,18,40
1.0,240,46819.51,43976.59,0.0,4,2,18,5
1.0,300,121071.22,116202.79,0.0,5,2,35,4
1.0,240,10598.64,11245.8,1.0,3,4,29,26
1.0,360,58599.71,64029.44,0.084800523,5,2,12,8
4.0,240,10515.66,8974.33,0.0,3,4,35,18
19.0,300,0.0,70826.93,1.0,4,2,29,5
1.0,300,38482.73,40329.11,0.0457828105,4,2,10,5
13.0,240,0.0,58475.49,1.0,5,2,24,8
1.0,240,8309.96,9508.35,0.1260355372,3,2,40,24
0.0,240,0.0,96055.71,0.7261477857,4,2,25,24
5.0,222,13116.06,7120.69,0.9317201002,3,2,41,30
11.0,360,0.0,99204.37,1.0,5,2,16,2
7.0,300,0.0,160114.77,1.0,5,2,14,3
93.0,236,14260.38,14407.29,0.9508984688,3,2,24,59
1.0,240,20755.33,18082.71,0.9877717444,3,4,23,39
24.98,240,5555.99,6404.64,0.132505496,5,2,7,0
1.0,230,12643.16,16941.72,0.0,3,4,42,19
24.98,228,26922.11,25147.87,0.0,3,4,41,18
24.98,240,133440.55,130643.31,0.0,5,2,20,2
9.0,240,124964.16,128203.88,0.0,5,2,12,1
24.98,240,196543.28,205930.09,0.0,5,2,25,24
70.0,230,10496.9,11646.56,0.918112301,3,4,38,46
1.0,230,20374.99,22027.0,0.9538598084,3,2,28,31
94.0,120,4577.51,19855.35,0.5421998626,5,2,19,48
4.0,240,0.0,50622.72,0.7529065298,5,2,14,12
24.98,230,20475.0,22019.71,0.9011072353,3,2,28,31
5.0,218,0.0,91837.21,1.0,5,2,49,6
1.0,300,156136.89,151553.81,0.0,5,2,26,3
24.98,240,127585.62,118606.03,0.0,5,2,15,22
3.0,300,0.0,67176.13,1.0,4,2,23,2
96.0,240,100647.59,101796.0,0.0,1,2,45,1
24.98,240,26975.36,25816.55,0.0,5,2,36,4
1.0,360,0.0,90528.02,1.0,5,2,14,2
24.98,300,257065.87,283044.68,0.0917834244,5,2,9,7
94.0,240,11106.05,11469.94,0.9257711897,3,2,25,29
5.0,218,33416.11,17708.46,0.9303637922,3,4,24,40
58.0,240,10220.42,11217.29,0.0,3,2,35,19
24.98,120,84959.12,83593.26,0.0,5,2,8,2
1.0,240,0.0,21856.24,0.7028409685,5,2,19,18
24.98,300,64881.73,62439.25,0.0,4,2,11,7
8.0,234,14892.43,13528.65,0.9614322198,3,2,25,55
1.0,360,607245.96,592611.25,0.0,5,2,16,5
94.0,228,13257.85,18131.61,0.8905640481,3,4,38,33
60.0,300,35336.52,35442.46,0.0029890702,4,2,14,5
56.0,300,0.0,88473.49,1.0,4,2,21,1
56.0,240,58992.8,66797.18,0.0,5,2,20,16
96.0,230,11483.44,13803.38,0.9115810765,3,4,33,29
8.0,360,0.0,158143.17,1.0,5,2,7,1
1.0,240,0.0,92459.87,1.0,5,2,23,4
65.0,360,0.0,82781.02,1.0,5,2,27,4
1.0,228,24894.61,14104.0,0.8894030062,3,4,14,60
2.0,180,26374.68,25094.69,0.0,5,2,16,10
24.98,240,23307.58,22292.15,0.0,4,2,8,7
24.98,360,166226.73,160952.51,0.0,5,2,8,2
94.0,234,13510.64,14120.13,0.9611250038,3,2,14,60
24.98,240,118747.36,125876.81,0.0,5,2,18,16
12.0,119,11818.11,16026.74,0.2626005039,5,2,43,12
1.0,300,68156.89,66374.15,0.0,4,2,10,4
1.0,240,0.0,105044.89,1.0,5,2,19,35
1.0,240,10902.69,11810.03,0.0768279166,3,2,42,13
17.0,240,19221.73,19798.29,0.9462822294,3,2,35,26
1.0,240,10009.05,11859.46,0.9622858039,3,2,24,34
94.0,216,6113.66,8661.11,0.870027052,3,4,27,38
17.0,60,130231.52,235375.15,0.0,1,2,19,19
5.0,240,111671.16,99799.11,0.0,5,2,18,10
1.0,240,20755.33,18082.72,0.9866546626,3,4,23,39
1.0,222,13549.34,12653.85,0.9598051186,3,4,30,53
1.0,240,0.0,87823.45,1.0,4,2,20,12
1.0,120,0.0,37312.57,1.0,5,2,20,16
18.0,360,90544.58,90176.76,0.0,5,2,11,4
1.0,144,61429.0,61344.8,0.0,5,2,47,13
18.0,240,47481.1,48070.48,0.0,4,2,8,6
92.0,240,199161.27,206134.05,0.0338264348,5,2,29,1
24.98,180,80017.61,76459.61,0.0,4,2,36,5
24.98,240,19162.56,18503.48,0.0,4,2,30,13
1.0,216,15877.56,20202.35,0.9380992805,3,4,10,44
5.0,180,0.0,106309.19,1.0,5,2,19,4
64.0,300,0.0,61262.66,1.0,4,2,32,0
58.0,240,46962.69,45798.8,0.0,4,2,22,5
24.98,180,39372.79,39057.39,0.0,5,2,44,8
5.0,300,37976.61,38366.9,0.0101725706,4,2,13,1
1.0,300,0.0,82151.01,1.0,4,2,12,4
23.0,300,0.0,73144.04,1.0,4,2,16,4
81.0,240,34698.7,36339.18,0.0,5,2,23,2
70.0,240,59112.51,56400.45,0.0,1,2,104,8
90.0,240,70988.4,90180.09,0.7619236236,5,2,16,32
19.0,240,57284.91,58779.76,0.0,5,2,27,3
1.0,240,0.0,87796.62,1.0,5,2,33,2
32.0,360,51564.68,53164.51,0.0300920671,5,2,23,3
7.0,300,0.0,72578.04,1.0,4,2,22,1
1.0,300,0.0,64852.36,1.0,4,2,7,4
56.0,300,0.0,46028.72,1.0,4,2,23,2
1.0,236,13513.41,13662.97,0.949638329,3,2,24,59
1.0,222,8033.53,7680.87,1.0,3,2,39,30
94.0,240,55541.01,42589.55,0.0,5,2,7,7
24.98,240,36649.51,38402.87,0.0456570043,4,2,25,1
24.98,240,158451.46,147623.82,0.0,5,2,12,7
1.0,360,133020.84,130544.31,0.0,5,2,10,2
9.0,240,29205.26,29301.7,0.0,4,2,21,4
32.0,300,0.0,55454.48,1.0,4,2,26,3
10.0,240,0.0,91099.93,1.0,5,2,44,6
24.98,300,61136.65,59361.67,0.0,4,2,17,5
24.98,138,1716.38,14902.0,0.5034731691,1,2,65,38
0.0,240,184328.24,131385.46,1.0,5,2,13,28
94.0,236,16977.21,15550.9,0.9249213872,3,2,24,41
6.0,360,0.0,120610.7,1.0,5,2,42,1
94.0,204,11593.8,12731.5,0.0,4,2,43,8
70.0,240,10116.95,11088.75,0.0,3,2,34,22
24.98,240,33478.29,32983.46,0.0,4,2,29,2
1.0,180,0.0,24480.73,0.7775621163,4,2,10,24
24.98,300,0.0,78824.42,1.0,4,2,7,3
64.0,230,7484.33,11425.59,0.9272764032,3,4,19,61
1.0,236,21262.15,10877.01,0.9502013881,3,2,38,30
83.0,240,47303.89,48590.02,0.0,4,2,22,14
5.0,180,0.0,40068.53,1.0,4,2,31,9
2.0,240,0.0,19961.82,0.807561857,4,2,41,10
4.0,240,10516.15,8970.77,0.0,3,4,35,18
24.98,240,83030.09,80325.48,0.0,4,2,24,3
0.0,300,42150.16,39406.99,0.0,4,2,7,11
24.98,240,0.0,137243.6,1.0,4,2,13,4
0.0,360,157790.13,151125.65,0.0,5,2,18,4
24.98,240,84650.57,68808.07,0.0,1,2,32,13
7.0,240,6856.84,7177.79,0.0447143201,3,5,35,5
1.0,240,57297.44,58916.38,0.0274786061,4,2,22,2
26.0,240,175817.25,191630.69,0.0,5,2,28,18
1.0,360,0.0,65756.95,1.0,5,2,17,16
13.0,300,53182.86,55785.7,0.0466578353,4,2,8,5
94.0,234,9793.75,10106.61,0.0309559783,3,2,77,4
1.0,300,0.0,83696.22,1.0,4,2,10,1
0.0,360,182992.83,158590.72,0.0,5,2,27,11
93.0,180,77844.56,78990.87,0.0,5,2,41,1
60.0,300,30049.49,30099.86,0.0,4,2,13,10
7.0,240,11744.75,12128.1,0.7902540298,4,2,53,25
24.98,240,26319.93,26508.52,0.0071143165,3,4,39,22
24.98,225,16828.9,19422.14,0.944473678,3,2,26,54
15.0,240,0.0,64655.65,1.0,4,2,18,4
94.0,230,24975.55,4857.25,0.7657007566,3,4,7,64
94.0,360,109086.56,108758.54,0.0,5,2,14,1
24.98,204,61300.76,79777.4,0.1126681439,4,3,39,11
19.0,277,0.0,127284.98,0.6860049972,5,2,15,2
8.0,300,37348.64,36250.67,0.0,4,2,12,5
1.0,240,0.0,125566.04,0.6767196403,5,2,14,20
24.98,360,0.0,175231.17,1.0,5,2,10,2
45.0,300,0.0,56227.11,0.0,4,2,9,15
6.0,240,0.0,134508.95,0.7243376607,5,2,13,15
8.0,300,53619.76,51570.52,0.0,4,2,19,1
1.0,240,11117.6,11048.88,0.0,3,2,43,13
94.0,207,25561.1,25863.84,0.0,5,2,27,1
24.98,240,26204.92,26624.06,0.9941376334,3,4,26,33
5.0,300,0.0,58895.55,1.0,4,2,24,4
1.0,222,12697.03,7664.71,1.0,3,2,39,30
24.98,204,36178.39,33386.32,0.0,4,2,24,10
90.0,236,20283.49,19199.5,0.9471189354,3,2,16,55
24.98,96,98880.19,89932.08,0.0,1,2,69,3
1.0,240,12585.68,15155.84,0.9031363488,3,2,21,39
29.0,240,93719.82,91749.13,0.0,5,2,14,5
1.0,222,13549.34,12653.85,0.9615650573,3,4,30,53
94.0,240,18211.82,18657.35,0.9300586632,3,2,20,35
24.98,240,103550.78,91796.05,0.0,5,2,9,9
18.0,300,0.0,49849.12,1.0,4,2,21,1
1.0,240,20755.33,20970.99,0.01028373,3,4,46,16
24.98,300,0.0,78785.63,1.0,4,2,12,1
5.0,234,21341.46,15231.66,0.961175604,3,2,18,40
1.0,240,122116.69,118055.04,0.0,5,2,27,5
1.0,240,0.0,25661.8,0.8956000129,4,2,35,3
59.0,300,0.0,46141.06,1.0,4,2,13,3
93.0,240,76282.31,88447.16,0.0,5,2,33,12
1.0,240,26318.38,26444.0,0.9947572228,3,4,33,31
1.0,180,46384.32,45894.76,0.822918806,4,2,8,35
24.98,240,45555.39,39527.8,0.0,4,2,24,19
8.0,240,93157.93,94651.3,0.0,5,2,25,2
12.0,300,76743.26,73845.19,0.0,4,2,9,8
25.0,180,0.0,32078.59,0.686434982,5,2,34,6
0.0,240,0.0,61112.71,1.0,4,2,17,17
1.0,220,13935.32,11390.42,0.9433787341,3,4,18,61
24.98,240,47222.53,44612.15,0.0,4,2,26,7
1.0,236,16936.36,19692.59,0.9361455248,3,2,16,47
1.0,240,0.0,45228.2,0.6804884713,5,2,28,15
69.0,72,0.0,26383.08,1.0,5,2,41,2
52.0,240,43941.36,48827.86,0.1000760631,4,2,37,8
1.0,240,0.0,31980.86,1.0,4,2,63,1
94.0,232,15190.66,18060.11,0.9393453307,3,2,24,59
1.0,300,67178.55,74457.99,0.0,4,2,19,18
0.0,300,150840.14,138717.79,0.0,5,2,10,7
2.0,300,97559.18,82813.36,0.0,5,2,10,4
1.0,236,21223.83,10957.7,0.9117980963,3,2,40,28
24.98,360,107720.51,105597.29,0.0,5,2,11,2
94.0,221,33287.84,26485.12,0.0,3,4,36,22
1.0,250,0.0,91474.38,1.0,5,2,21,14
24.98,204,15065.29,14347.94,0.0,4,3,21,6
94.0,236,3846.78,6036.74,0.8756762756,3,4,30,46
94.0,240,65463.24,68429.5,0.0,5,2,46,17
68.0,218,33469.7,17708.46,0.9303637922,3,4,24,40
32.0,360,0.0,131157.16,1.0,5,2,15,10
2.0,300,0.0,73073.86,1.0,4,2,25,2
31.0,300,0.0,66330.3,1.0,4,2,18,2
2.0,204,0.0,25899.43,1.0,4,3,41,9
24.98,350,0.0,97992.18,1.0,5,2,12,4
24.98,240,32021.27,36554.45,0.0,1,2,72,18
13.0,120,21921.69,48452.86,0.7185200639,5,2,7,38
56.0,240,9673.27,10445.9,0.0,4,2,41,12
2.0,240,39012.44,38301.94,0.0,4,2,23,4
33.0,300,0.0,58638.44,1.0,4,2,14,0
64.0,232,15902.5,19043.97,0.917833834,3,2,24,59
92.0,245,158244.72,156355.05,0.0,5,2,13,2
1.0,360,0.0,102622.41,1.0,5,2,29,7
50.0,360,56367.93,58519.62,0.0,5,2,9,1
5.0,218,33463.64,17710.24,0.9299422255,3,4,24,40
77.0,360,0.0,47572.43,1.0,5,2,44,4
1.0,240,0.0,45654.28,1.0,4,2,43,9
1.0,300,0.0,74585.94,1.0,4,2,9,13
24.98,120,0.0,39173.99,1.0,1,2,10,1
1.0,240,49577.18,48727.33,0.0,5,2,26,8
1.0,222,11449.99,4293.12,0.9199440034,3,2,13,52
24.98,240,59824.04,53438.04,0.7515654955,1,2,78,31
1.0,240,0.0,36823.99,1.0,4,2,60,8
94.0,240,16279.5,18976.1,0.9096500335,3,2,32,53
4.0,240,0.0,92989.99,1.0,5,2,52,11
94.0,236,18271.14,17154.53,0.9288864224,3,2,24,41
24.98,240,11025.43,12413.6,0.0,4,2,46,11
24.98,240,54242.71,42758.19,0.6463374895,1,2,21,45
10.0,240,19695.13,24050.94,0.8755354261,3,2,18,41
1.0,240,0.0,101613.63,1.0,5,2,17,8
24.98,240,46819.49,45107.77,0.0,5,2,10,3
2.0,360,142416.7,143160.21,0.005193552,5,2,11,5
1.0,240,20396.96,23152.85,1.0,3,2,33,25
94.0,236,18395.41,17164.13,0.9247978196,3,2,24,41
1.0,300,53581.47,50069.71,0.0,4,2,9,9
24.98,240,7108.95,33611.33,0.8412031629,5,2,20,28
3.0,360,97893.36,100142.05,0.0224550027,5,2,7,8
94.0,240,11054.51,11501.09,0.0,3,2,31,24
0.0,240,46437.45,41676.09,0.8225371459,5,2,15,25
1.0,180,20604.73,53163.66,0.7296449216,5,2,29,28
0.0,360,400933.7,339237.74,0.0,5,2,17,14
1.0,300,68915.66,67888.99,0.0,4,2,10,3
11.0,300,0.0,48993.22,1.0,4,2,12,1
2.0,300,0.0,62679.75,1.0,4,2,11,8
4.0,120,17245.59,15220.66,0.0,5,2,50,18
1.0,240,158615.09,124088.87,0.0,5,2,10,24
1.0,222,13542.93,12717.01,0.9451852283,3,4,30,53
96.0,300,0.0,46589.16,1.0,4,2,24,3
24.98,180,0.0,77840.28,1.0,4,2,13,1
0.0,360,276348.83,317573.66,0.1298118679,5,2,32,18
1.0,234,13463.83,14307.84,0.9249963656,3,2,14,60
24.98,360,85342.44,90688.54,0.0,5,2,10,4
74.0,218,33014.07,15948.35,0.8516423329,3,4,22,43
92.0,360,0.0,41413.66,1.0,5,2,30,1
1.0,360,0.0,76487.46,1.0,5,2,9,8
85.0,234,11781.51,14071.07,0.8837366313,3,2,45,29
33.0,240,0.0,54302.92,0.7312004885,5,2,35,4
0.0,300,0.0,81471.65,1.0,4,2,18,4
1.0,360,136384.25,145535.65,0.0628808131,5,2,21,3
0.0,300,78931.07,75728.47,0.0,4,2,11,7
1.0,360,0.0,120531.31,1.0,5,2,28,9
24.98,240,146014.33,118620.01,0.0,5,2,10,17
3.0,360,0.0,185256.94,1.0,5,2,27,2
96.0,240,29470.47,33623.73,0.6537635912,5,2,29,36
24.98,240,43981.05,42492.05,0.0,1,2,49,2
5.0,180,63350.88,62436.54,0.0,5,2,30,2
0.0,360,80469.88,65295.36,0.0,5,2,19,19
24.98,240,101509.8,68753.0,0.9400451445,5,2,11,33
14.0,300,0.0,32979.72,1.0,4,2,29,10
1.0,180,0.0,64926.36,1.0,5,2,36,4
4.0,240,10515.66,8979.44,0.0,3,4,35,18
24.98,119,85581.37,97141.97,0.0,5,2,14,14
24.98,240,46989.31,51521.66,0.0,5,2,23,4
34.0,240,143893.79,149112.88,0.0350009335,5,2,18,1
0.0,240,55052.26,55393.93,0.0,4,2,10,7
6.0,321,0.0,174191.28,1.0,5,2,17,2
24.98,240,54685.85,55228.17,0.0,5,2,20,9
1.0,240,10544.3,11265.37,1.0,3,4,28,27
24.98,218,14774.95,9491.44,0.9314519188,3,4,18,31
1.0,240,20638.43,22988.25,0.1022183072,3,2,39,17
24.98,204,78352.32,77795.22,0.0,4,2,14,13
61.0,240,0.0,115004.4,1.0,5,2,22,4
1.0,360,30496.38,27570.68,0.0,5,2,13,8
68.0,218,33444.43,17708.46,0.9303637922,3,4,24,40
21.0,180,25070.16,25285.09,0.0085002664,4,2,19,2
1.0,240,124094.41,94508.71,0.0,1,2,24,19
4.0,230,13653.02,15973.0,0.9068972641,3,2,23,53
1.0,222,12657.19,7860.8,1.0,3,2,39,30
24.98,180,40154.86,38611.19,0.0,5,2,40,8
4.0,240,20531.9,25488.63,0.1944682786,1,2,74,12
94.0,204,55035.63,53657.75,0.0,4,3,49,5
24.98,232,15387.01,12548.9,0.9203061623,3,2,31,32
70.0,300,0.0,31164.55,1.0,4,2,14,1
4.0,300,30315.5,33006.49,0.0815291175,4,2,48,4
0.0,360,168511.27,131186.67,0.0,5,2,10,24
4.0,300,58229.59,59541.39,0.0220317329,4,2,16,1
1.0,240,0.0,69276.83,1.0,5,2,36,1
24.98,360,102311.08,112636.65,0.0,5,2,24,11
8.0,300,0.0,34575.0,1.0,4,2,26,10
2.0,300,0.0,54010.42,1.0,4,2,21,8
1.0,110,72192.87,90410.46,0.2014986983,1,2,10,5
93.0,224,14923.81,17926.37,0.9022992385,3,2,17,55
96.0,240,0.0,25133.8,0.7655518966,4,2,30,33
1.0,300,0.0,62971.69,1.0,4,2,23,7
9.0,360,0.0,241698.51,1.0,5,2,9,7
11.0,300,54608.22,53405.6,0.0,4,2,26,4
18.0,300,0.0,33477.54,1.0,4,2,14,6
1.0,120,40114.89,31419.52,0.0,4,2,14,24
24.98,204,18234.43,14525.79,1.0,4,3,20,28
30.0,240,97899.31,93889.19,0.0,5,2,13,7
1.0,240,39838.03,40457.91,0.0153216021,4,2,9,4
1.0,240,0.0,100136.79,1.0,5,2,51,6
24.98,240,102695.02,96008.26,0.0,5,2,13,6
6.0,300,0.0,58385.04,1.0,4,2,29,1
2.0,240,0.0,40113.5,0.7385050596,4,2,28,19
1.0,300,0.0,42468.64,1.0,4,2,14,14
1.0,180,0.0,66814.89,0.7310878353,5,2,28,1
2.0,360,0.0,90415.35,1.0,5,2,17,3
3.0,240,58219.0,63766.38,0.0,4,2,11,19
14.0,300,0.0,78211.8,1.0,4,2,27,3
41.0,300,0.0,71575.33,1.0,4,2,14,1
64.0,180,0.0,28085.42,1.0,5,2,46,2
24.98,300,64413.37,62393.83,0.0,4,2,7,6
8.0,240,0.0,43463.3,1.0,4,2,27,3
4.0,234,13243.37,16828.77,0.9027017423,3,4,42,30
26.0,300,0.0,83670.08,1.0,4,2,19,1
1.0,255,0.0,138471.48,1.0,5,2,16,11
24.98,230,20375.0,22057.6,0.8970232482,3,2,28,31
1.0,240,0.0,13687.01,1.0,4,2,53,2
5.0,300,65596.1,61188.83,0.0,4,2,17,13
53.0,96,0.0,2799.03,1.0,1,2,90,6
1.0,240,0.0,127080.76,1.0,5,2,60,3
2.0,240,16246.95,18919.13,0.9242824591,3,2,33,52
1.0,240,84199.32,76810.37,0.0,5,2,45,9
24.0,119,0.0,26873.03,1.0,5,2,56,2
71.0,300,0.0,63538.04,1.0,4,2,30,6
1.0,222,11449.99,4293.12,0.9116912642,3,2,13,52
22.0,300,0.0,52863.54,1.0,4,2,8,21
1.0,300,0.0,66346.37,1.0,4,2,16,2
1.0,236,6240.72,7536.17,0.9767693669,3,4,50,33
24.98,360,39872.24,36187.0,0.0,5,2,8,9
24.98,240,20646.4,23900.54,0.882962477,3,2,26,30
24.98,96,0.0,15345.01,1.0,1,2,92,4
1.0,240,0.0,122962.78,0.8379881424,5,2,12,37
90.0,240,0.0,71735.9,1.0,1,2,69,3
24.98,240,35339.38,35582.1,0.0068214074,3,4,39,1
96.0,300,0.0,75318.37,1.0,4,2,23,1
24.98,240,71843.51,64797.87,0.0,4,2,15,10
5.0,231,7862.07,9155.67,0.0,3,2,55,23
1.0,300,35888.0,34392.5,0.0,4,2,16,7
56.0,236,21056.83,19212.31,0.9514753822,3,2,19,52
96.0,240,59262.65,61664.73,0.038953872,5,2,28,1
24.98,240,34142.73,38135.29,0.0,4,2,15,19
4.0,236,19371.79,15729.04,0.9701571107,3,2,11,49
92.0,360,0.0,92488.59,1.0,5,2,29,1
25.0,240,48004.84,48563.7,0.0115077723,4,2,30,2
1.0,240,10525.91,11739.65,0.1033880908,3,2,34,20
1.0,240,12512.49,14852.46,0.9262014508,3,2,27,33
4.0,300,0.0,16544.15,0.8098169384,4,2,21,13
24.98,300,0.0,83325.01,1.0,4,2,7,3
5.0,240,0.0,61345.52,1.0,4,2,53,9
18.0,360,68933.78,68179.45,0.0,5,2,21,1
0.0,240,0.0,70535.66,0.8487983557,5,2,34,2
24.98,236,5930.35,5711.6,0.0,3,4,18,7
24.98,360,280824.39,266900.16,0.0,5,2,8,4
5.0,300,0.0,25953.1,1.0,4,2,21,8
5.0,360,95769.8,92740.15,0.0,5,2,27,4
94.0,240,12515.43,14534.52,0.8511584834,3,2,32,28
94.0,240,88783.93,91786.74,0.0,5,2,40,1
24.98,236,10020.47,7447.11,0.9737549197,3,2,15,29
5.0,300,0.0,68219.12,1.0,4,2,19,4
1.0,236,20727.85,19772.16,0.9704255883,3,2,24,41
24.98,300,0.0,67711.68,1.0,4,2,7,1
24.98,220,16916.79,11390.42,0.935506329,3,4,18,61
0.0,240,0.0,107146.94,0.8479114494,5,2,21,7
1.0,119,0.0,65990.07,0.6764191774,5,2,15,8
1.0,300,0.0,53929.2,1.0,4,2,22,5
24.98,57,6655.4,7547.05,0.1181455006,1,2,109,3
17.0,204,13352.74,13502.6,0.0,4,2,32,1
0.0,340,205126.47,214164.16,0.0421998247,5,2,10,11
2.0,180,0.0,57251.59,1.0,5,2,29,1
1.0,240,0.0,139289.2,1.0,5,2,13,27
64.0,200,8870.19,10623.44,0.9151818996,3,4,21,58
24.98,300,0.0,70613.63,1.0,4,2,14,2
5.0,240,10481.31,11926.96,0.8960774581,3,2,27,26
24.98,240,41702.24,46684.07,0.6667728539,5,2,13,33
22.0,360,200368.95,162579.38,0.0,5,2,16,7
24.98,300,0.0,75247.75,1.0,4,2,7,6
24.98,230,10496.91,11621.78,0.9264699555,3,4,38,46
1.0,236,21260.47,10930.7,0.0,3,2,48,20
24.98,240,74697.58,70417.82,0.0,5,2,9,6
1.0,300,70217.02,68228.57,0.0,4,2,12,4
1.0,240,46162.81,55082.17,0.7657387718,4,2,26,29
11.0,300,0.0,86829.03,1.0,4,2,15,2
24.98,240,71129.65,70810.91,0.0,5,2,10,1
3.0,240,0.0,62598.73,1.0,5,2,60,2
0.0,300,59232.65,54451.11,0.0,4,2,12,13
4.0,360,0.0,223945.02,1.0,5,2,22,3
1.0,218,28572.14,20784.64,0.9808271878,3,2,42,33
14.0,300,0.0,33245.46,1.0,4,2,25,2
8.0,240,9645.05,10650.03,0.0943640534,3,4,45,10
24.98,240,91821.81,55158.49,0.9707556207,5,2,11,42
1.0,240,95350.23,80293.86,0.0,4,2,17,18
54.0,240,0.0,31444.77,1.0,5,2,35,1
4.0,240,0.0,37271.24,1.0,5,2,45,4
52.0,240,0.0,27427.08,1.0,4,2,20,9
4.0,230,7787.02,8726.83,0.1076920256,3,2,45,22
2.0,300,0.0,63915.6,1.0,4,2,12,6
24.98,120,76267.58,70331.56,0.0,5,2,35,7
1.0,120,35566.17,48053.15,0.2598576784,5,2,42,11
82.0,360,59700.87,57628.28,0.0,4,2,24,8
2.0,300,51276.41,57545.41,0.0,4,2,44,16
60.0,240,87176.95,79617.04,0.0,4,2,36,6
24.98,119,46140.93,47683.01,0.0,5,2,18,15
1.0,180,37842.07,40186.19,0.0583314815,4,2,41,1
24.98,240,111528.99,146762.08,0.0282902826,5,2,10,16
9.0,300,100427.89,92669.16,0.0,4,2,12,10
2.0,180,21231.14,51466.9,0.762522476,4,3,46,48
56.0,216,15185.85,20222.92,0.8935752107,3,4,10,44
24.98,204,91727.09,85993.1,0.0,5,2,14,5
4.0,240,0.0,47152.74,0.696298635,5,2,55,6
0.0,360,0.0,118683.79,1.0,5,2,13,2
1.0,300,0.0,88279.55,1.0,4,2,12,10
24.98,204,69940.3,67554.24,0.0,2,2,56,2
1.0,228,9112.56,8108.37,1.0,3,4,19,34
90.0,300,0.0,36068.95,1.0,4,2,22,15
64.0,230,20372.64,21995.84,0.9371985794,3,2,28,31
24.98,240,56255.82,52129.84,0.0,5,2,11,6
9.0,240,0.0,145916.88,1.0,4,2,13,4
0.0,360,248931.33,225444.7,0.0,5,2,8,9
96.0,300,0.0,93741.08,1.0,4,2,29,5
0.0,180,0.0,36655.22,0.5745134607,5,2,13,1
28.0,360,0.0,122177.59,1.0,5,2,23,2
4.0,246,0.0,58489.03,1.0,4,2,37,1
24.98,240,45715.57,64720.59,0.0,4,2,36,14
52.0,300,0.0,64938.71,1.0,4,2,12,5
6.0,300,0.0,64083.61,1.0,4,2,8,2
2.0,300,0.0,61212.61,1.0,4,2,22,6
24.98,180,85216.73,81724.12,0.0,5,2,19,6
1.0,360,0.0,112629.12,1.0,5,2,7,5
24.98,300,0.0,49806.46,1.0,4,2,14,1
1.0,240,20396.96,23103.06,0.11713167,3,2,35,23
13.0,300,27030.5,26287.2,0.0,4,2,10,13
94.0,224,14961.61,17840.36,0.891294234,3,2,17,55
24.98,360,118021.18,113794.91,0.0,5,2,10,4
2.0,236,9134.95,10534.24,0.1328325537,3,4,53,9
13.0,240,37869.44,44348.11,0.0,4,2,68,16
2.0,240,0.0,156875.22,1.0,5,2,25,1
96.0,300,0.0,60332.36,1.0,4,2,34,1
4.0,360,62537.34,61624.64,0.0,5,2,26,4
24.98,240,18211.81,18678.86,0.9715357361,3,2,20,35
18.0,240,0.0,130221.29,1.0,5,2,32,3
1.0,240,59137.24,55029.15,0.0,5,2,30,6
24.98,240,30967.59,32349.16,0.0,4,2,33,17
24.98,240,200378.21,241678.41,0.7209888627,5,2,19,37
24.98,231,33400.78,39712.94,0.0,5,2,40,21
1.0,273,129521.71,119605.04,0.0,5,2,18,11
1.0,240,0.0,18543.78,0.9452348229,4,2,36,25
24.98,240,59671.56,57877.17,0.0,5,2,9,3
0.0,240,0.0,77327.64,1.0,5,2,20,22
94.0,240,11051.22,11524.33,0.0,3,2,31,24
24.98,180,36021.55,43269.09,0.1674992472,1,2,79,3
13.0,200,9741.78,10676.54,0.8751889657,3,4,21,58
56.0,180,59791.45,65023.88,0.0804693599,5,2,47,13
24.98,240,19062.19,21308.79,0.0,3,2,21,23
0.0,240,19710.25,22284.08,0.9609178391,3,2,15,42
0.0,60,109937.74,132463.62,0.5256185206,1,2,8,31
38.0,240,79265.68,82208.96,0.0,5,2,22,4
23.0,119,20627.78,28026.16,0.0,5,2,30,22
1.0,236,11539.88,12193.02,0.9814697261,3,4,17,47
54.0,360,0.0,106450.23,1.0,5,2,19,1
53.0,240,40715.56,53932.36,0.7408013871,4,2,7,40
24.98,40,2586.01,2652.37,0.0,5,2,23,4
1.0,227,0.0,81217.36,0.837230852,5,2,31,2
4.0,240,0.0,62891.04,1.0,4,2,48,6
1.0,300,0.0,43980.13,1.0,4,2,17,3
24.98,240,30473.64,30173.1,0.0,4,2,21,0
53.0,300,53937.33,52786.0,1.0,4,2,12,26
1.0,234,21347.05,15215.04,0.9767926999,3,2,18,40
24.98,360,0.0,137222.53,1.0,5,2,9,4
24.98,180,33943.2,39440.56,0.1393834165,1,2,41,1
2.0,240,0.0,32073.79,1.0,4,2,27,0
24.98,240,39264.45,43465.44,0.0966512705,4,2,16,5
24.98,300,0.0,73732.92,1.0,4,2,7,8
93.0,232,15286.45,18060.11,0.9288348742,3,2,24,59
1.0,240,0.0,32337.82,1.0,4,2,30,5
0.0,300,0.0,109249.17,0.7700753496,5,2,8,20
26.0,240,70474.56,73666.34,0.0433275224,4,2,37,10
24.98,180,110627.14,87318.85,0.0,1,2,44,16
24.98,240,33041.84,32303.93,0.0,5,2,9,2
5.0,360,0.0,153703.84,1.0,5,2,16,11
0.0,240,132783.65,131347.15,0.0,1,2,27,0
5.0,240,0.0,65263.57,1.0,4,2,12,10
24.98,204,72771.83,95659.74,0.0,1,2,42,21
23.0,240,70686.81,64645.62,0.0,5,2,38,20
60.0,240,0.0,70769.2,1.0,5,2,46,8
24.98,300,83400.25,82825.88,0.0,4,2,9,1
71.0,312,57604.45,58251.5,0.0111078685,5,2,23,1
24.98,240,63379.11,64257.85,0.0136752163,5,2,19,3
10.0,240,19697.52,21938.22,0.1021368188,3,2,36,21
1.0,300,50384.89,49223.58,0.0,4,2,10,3
89.0,240,31891.74,32231.88,0.010552906,4,2,20,2
1.0,240,20755.33,21010.88,0.0121627462,3,4,48,14
0.0,240,0.0,169401.03,0.9314743212,5,2,24,30
71.0,300,0.0,83672.25,1.0,4,2,18,5
9.0,300,0.0,55671.13,1.0,4,2,25,2
11.0,360,0.0,119543.95,1.0,5,2,37,2
24.98,200,11698.7,13719.04,0.1472654063,3,4,57,22
1.0,120,71488.1,73066.15,0.0215975524,5,2,23,5
34.0,180,67122.32,69340.02,0.0,5,2,16,2
8.0,300,0.0,81237.58,1.0,4,2,28,5
2.0,240,0.0,27603.38,1.0,4,2,46,6
5.0,300,0.0,57322.51,1.0,4,2,18,4
1.0,240,10902.69,11870.55,0.081534554,3,2,42,13
54.0,360,0.0,58676.75,1.0,4,2,14,1
13.0,218,33299.94,18069.13,0.9077941218,3,4,24,40
24.98,240,55435.05,54809.75,0.0,5,2,56,1
2.0,300,55792.9,52975.6,0.0,4,2,24,9
9.0,240,0.0,77024.88,0.7981940284,4,2,29,1
17.0,300,0.0,79890.74,1.0,4,2,20,2
76.0,240,0.0,44511.62,1.0,5,2,44,3
73.0,240,96251.93,98347.48,0.0,1,2,19,5
24.98,240,60141.94,58402.88,0.0,1,2,19,2
0.0,240,0.0,61030.01,0.9172755342,5,2,22,2
9.0,240,37233.34,37548.7,0.0,4,2,13,12
1.0,240,20755.33,20948.27,0.0092103071,3,4,39,23
94.0,235,14445.56,18946.76,0.8651041128,3,2,22,55
1.0,300,0.0,52269.23,1.0,4,2,16,1
0.0,236,16936.36,19688.41,0.9739857104,3,2,18,45
3.0,120,114967.97,115492.85,0.0,1,2,23,2
24.98,240,8315.11,13092.07,0.9623737296,1,2,69,47
5.0,303,0.0,93824.1,1.0,5,2,8,3
45.0,300,0.0,44222.98,1.0,4,2,28,1
36.0,360,0.0,66246.64,1.0,5,2,28,8
1.0,120,14927.68,24073.01,1.0,5,2,21,29
4.0,360,0.0,77348.99,1.0,5,2,17,7
85.0,180,60599.83,59897.74,0.0,4,2,12,4
28.0,360,0.0,117835.75,1.0,5,2,34,4
3.0,300,26187.54,27905.19,0.0615530659,4,2,23,10
24.98,240,0.0,45879.89,1.0,4,2,13,1
70.0,240,19221.72,19904.65,0.9664822039,3,2,19,42
0.0,240,93370.2,94413.03,0.0,5,2,12,3
9.0,240,0.0,41832.12,1.0,5,2,75,5
1.0,240,11764.17,10741.17,0.0,4,2,55,12
0.0,300,0.0,55323.37,1.0,4,2,12,7
6.0,240,0.0,48505.14,0.7324095261,4,2,26,4
94.0,230,11483.4,13829.19,0.9103765296,3,4,33,29
8.0,300,41433.77,39289.2,0.0,4,2,14,7
2.0,300,51017.25,54122.51,0.0573746487,4,2,13,3
0.0,236,16936.36,19622.32,0.9725083476,3,2,14,49
93.0,240,102384.89,104102.0,0.0,5,2,18,1
35.0,180,51954.32,57492.73,0.0963323537,4,2,38,2
7.0,300,0.0,75967.32,1.0,4,2,22,4
24.98,204,56404.59,50397.31,0.0,4,3,23,13
8.0,300,0.0,71344.88,1.0,4,2,21,2
1.0,222,13455.71,4872.85,0.9734734293,3,2,27,40
1.0,240,0.0,65256.53,1.0,5,2,35,10
1.0,222,12706.95,7680.87,1.0,3,2,39,30
24.98,240,79794.09,75619.98,0.0,4,2,16,5
13.0,240,29457.33,33629.84,0.7822328725,5,2,8,39
3.0,300,57202.55,59740.86,0.0424886753,4,2,13,6
5.0,240,0.0,69484.23,0.6515355982,5,2,31,12
1.0,236,13141.11,14197.38,0.9506366668,3,2,11,57
1.0,300,35065.17,33234.83,0.0,4,2,26,9
1.0,360,0.0,63918.83,1.0,4,2,31,2
1.0,300,0.0,64373.23,1.0,4,2,18,3
23.0,240,19221.72,19915.49,0.9659792453,3,2,19,42
13.0,218,33273.34,17827.17,0.9033570668,3,4,24,40
38.0,240,75044.56,86280.19,0.1302225922,1,2,87,3
24.98,222,26717.67,6172.95,0.9504612867,3,2,16,27
0.0,300,271060.34,244770.71,0.0,5,2,14,9
24.98,228,23494.17,21619.36,0.0,4,2,37,10
24.98,240,28279.74,29278.76,0.0,4,2,45,14
24.98,300,97737.0,91627.38,0.0,4,2,13,9
1.0,235,13081.03,13303.49,0.9419235103,3,2,13,62
93.0,360,0.0,89174.54,1.0,5,2,22,2
19.0,360,0.0,75643.58,1.0,5,2,14,3
70.0,240,0.0,26434.44,0.0,5,2,19,15
4.0,240,55774.03,60385.47,0.0763667154,4,2,41,5
1.0,300,0.0,51373.42,1.0,4,2,20,1
1.0,360,174853.4,164781.58,0.0,5,2,29,6
2.0,240,0.0,55744.37,1.0,5,2,29,4
24.98,180,32227.53,31019.15,0.0,5,2,23,13
0.0,240,0.0,70843.93,1.0,5,2,19,14
64.0,240,10526.4,11279.08,0.0667323931,3,2,47,7
24.98,180,0.0,469096.43,1.0,1,2,12,4
64.0,360,91087.11,95310.61,0.0,4,2,9,8
0.0,240,26238.42,26583.06,1.0,3,4,20,38
96.0,300,0.0,65340.86,1.0,4,2,21,5
24.98,180,47688.25,52012.17,0.0,5,2,23,5
53.0,300,0.0,85187.69,1.0,4,2,13,6
13.0,232,15418.32,12594.35,0.967828431,3,2,31,32
8.0,240,0.0,19047.54,0.6915503213,1,2,27,25
1.0,240,0.0,62447.23,1.0,5,2,28,15
56.0,240,0.0,70014.18,0.684068245,5,2,21,6
2.0,240,0.0,123559.75,1.0,5,2,45,9
94.0,240,28411.71,28185.21,0.0,4,2,10,1
24.98,180,0.0,81408.94,1.0,5,2,19,1
94.0,240,20474.63,59853.61,0.7090178758,5,2,33,39
64.0,300,0.0,87813.99,1.0,4,2,19,4
77.0,300,0.0,97797.12,1.0,5,2,36,2
24.98,228,29937.36,28031.49,0.0,3,4,41,18
0.0,240,0.0,76998.38,1.0,5,2,32,5
9.0,120,0.0,232756.93,1.0,5,2,36,1
24.98,240,102986.67,100326.01,0.0,5,2,29,2
4.0,300,91546.88,90273.46,0.0,4,2,16,2
24.98,240,53127.03,52825.16,0.0,1,2,26,0
2.0,300,0.0,33047.22,1.0,4,2,23,1
24.98,240,121681.91,85380.94,1.0,5,2,23,30
75.0,360,0.0,149416.21,1.0,5,2,39,2
7.0,300,0.0,74511.12,1.0,4,2,31,2
7.0,240,12585.66,13403.93,0.0610470213,3,2,54,6
94.0,240,16731.33,19465.28,0.8985701721,3,2,33,52
1.0,228,13215.56,12063.42,0.0,3,2,40,22
95.0,180,94935.05,86619.47,0.0,5,2,26,13
24.98,218,13761.81,9814.34,0.8651931765,3,4,17,32
1.0,236,19248.04,21416.5,0.9057670488,3,4,24,37
1.0,236,5247.77,5770.33,1.0,3,4,45,32
26.0,360,79529.66,134221.0,0.4074723031,5,2,12,9
2.0,300,0.0,486267.34,1.0,5,2,16,2
24.98,240,30443.08,35551.16,0.0,5,2,42,10
1.0,300,0.0,28613.79,1.0,4,2,41,1
26.0,206,0.0,95673.22,0.8120236204,5,2,13,8
6.0,300,67663.51,71677.51,0.0560008293,4,2,19,1
1.0,180,0.0,140436.83,1.0,5,2,37,1
22.0,240,74010.62,93553.21,0.6476998514,1,2,16,34
29.0,360,117641.0,128978.2,0.0,5,2,15,21
2.0,300,0.0,46192.51,1.0,4,2,17,1
1.0,234,14892.43,16248.86,0.9670456881,3,2,20,60
6.0,300,52655.61,51039.25,0.0,4,2,22,6
1.0,120,29471.92,31111.67,0.0,5,2,9,3
4.0,300,57037.33,57611.14,0.0099600529,4,2,24,2
1.0,300,28649.91,26173.74,0.0,4,2,17,14
1.0,239,11177.99,10867.36,0.7982680648,4,2,23,42
1.0,360,79936.66,73408.88,0.0,5,2,10,8
1.0,300,22801.96,20769.84,0.0,4,2,26,8
90.0,180,34762.39,50358.9,0.6549612378,4,2,26,44
94.0,240,75456.64,10202.98,0.1034150902,4,2,8,27
24.98,240,68496.43,66103.85,0.0,1,2,70,3
9.0,120,18069.51,15206.38,0.0,4,2,18,2
8.0,300,0.0,47459.97,1.0,4,2,25,1
1.0,360,0.0,78177.57,1.0,5,2,18,4
94.0,224,14844.74,17926.37,0.8896552955,3,2,17,55
94.0,240,19232.43,19881.07,0.0,4,2,20,1
24.98,360,116751.81,112083.51,0.0,5,2,8,4
24.98,300,58527.76,56287.54,0.0,4,2,22,6
2.0,236,21302.92,13201.44,0.9327997552,3,2,7,66
1.0,230,20374.99,21995.84,0.9904177335,3,2,28,31
0.0,300,0.0,42323.38,1.0,4,2,18,15
2.0,240,0.0,64264.2,0.7348285762,4,2,19,1
13.0,360,0.0,222176.87,1.0,5,2,13,10
0.0,240,0.0,120475.81,1.0,5,2,39,3
0.0,300,0.0,32069.69,1.0,4,2,16,4
5.0,360,160407.94,158855.32,0.0,5,2,19,1
24.98,236,21261.73,9859.99,0.9830466359,3,2,28,40
8.0,225,11346.0,11570.3,0.0,3,2,46,22
4.0,240,19221.72,19908.83,0.9672055063,3,2,19,42
1.0,236,21260.47,10883.73,0.9472304072,3,2,38,30
4.0,240,65137.07,67065.56,0.0287552956,4,2,23,11
2.0,300,26766.08,26449.56,0.0,4,2,29,2
1.0,228,20656.76,24029.4,1.0,3,2,30,28
1.0,300,29701.95,29478.47,0.0,4,2,18,1
24.98,240,20377.58,24377.77,0.0,5,2,15,17
1.0,240,41154.73,40135.07,0.0,5,2,12,3
94.0,360,107343.21,106104.35,0.0,5,2,7,1
0.0,240,0.0,173438.68,0.7740681433,5,2,15,6
24.98,240,72041.03,74804.72,0.0,4,2,40,19
2.0,300,0.0,64013.92,1.0,4,2,7,12
1.0,240,0.0,54655.45,1.0,5,2,34,12
1.0,240,10002.11,10833.66,0.0,3,2,41,16
18.0,300,0.0,76054.95,1.0,4,2,22,0
24.98,224,40942.49,46548.8,0.0,5,2,16,8
4.0,360,0.0,42272.27,1.0,5,2,16,2
24.98,240,26319.94,25966.96,0.9705271622,3,4,18,43
1.0,180,0.0,23910.99,1.0,5,2,69,1
24.98,240,92413.18,80617.24,0.0,5,2,22,13
24.98,240,79684.48,72229.77,0.0,5,2,17,18
1.0,180,108053.99,94959.36,0.0,5,2,28,11
18.0,360,0.0,107852.38,1.0,5,2,19,2
1.0,300,28182.58,28638.17,0.0159084886,4,2,13,4
24.98,218,33115.14,15675.62,0.8897459877,3,4,22,43
7.0,360,0.0,252300.6,1.0,5,2,16,2
24.98,240,171260.4,174462.85,0.0,5,2,13,11
1.0,240,8309.96,10170.85,0.972386772,3,2,22,42
24.98,240,44497.94,46414.32,0.7984378784,4,2,18,26
0.0,240,0.0,80391.43,0.8683996427,4,2,9,5
0.0,138,12233.87,16618.33,0.2638327678,3,4,49,17
64.0,240,10148.13,11355.54,0.0,3,2,30,24
2.0,120,8787.06,17445.58,0.6119595437,5,2,20,50
94.0,240,0.0,33296.05,1.0,4,2,55,3
68.0,218,32886.21,15691.5,0.9175419813,3,4,22,43
1.0,240,0.0,52240.04,1.0,4,2,36,8
2.0,236,19371.79,15657.09,0.9742602233,3,2,20,40
2.0,240,0.0,22585.23,1.0,4,2,19,3
0.0,240,0.0,67067.57,1.0,5,2,20,4
4.0,300,0.0,49955.41,1.0,4,2,28,7
93.0,240,48994.16,47080.24,0.0,4,2,13,5
46.0,300,0.0,65730.54,1.0,4,2,26,3
96.0,240,39590.16,38635.18,0.0,5,2,20,6
1.0,300,0.0,71508.49,1.0,4,2,11,2
94.0,240,16708.94,19591.41,0.9097548364,3,2,31,54
5.0,240,62013.85,70415.95,0.1193209777,5,2,23,10
24.98,218,14774.88,9484.36,0.9285297057,3,4,17,32
33.0,240,0.0,124641.46,1.0,5,2,19,3
68.0,218,34311.5,17678.7,0.9231787405,3,4,24,40
65.0,240,0.0,60103.78,1.0,4,2,31,0
5.0,240,35528.98,34833.68,0.0,3,4,44,11
24.98,240,79559.19,85564.59,0.7746322828,5,2,8,35
2.0,240,0.0,77477.63,0.7087076378,5,2,24,36
24.98,120,88155.96,87420.05,0.7544761794,5,2,19,28
24.98,347,0.0,81041.21,1.0,5,2,13,3
70.0,240,10001.77,11816.41,0.888985741,3,2,25,32
1.0,240,71459.86,70715.08,0.0,5,2,28,5
1.0,240,16959.09,29141.26,0.0,4,2,19,17
32.0,300,0.0,62460.6,1.0,4,2,20,10
1.0,240,95060.31,92284.6,0.0,5,2,34,22
53.0,194,10083.65,11156.09,0.0,4,3,41,15
24.98,360,130713.32,126427.83,0.0,5,2,12,3
5.0,144,0.0,67269.21,1.0,5,2,25,1
78.0,360,0.0,80267.7,1.0,5,2,21,2
24.98,300,59357.3,56262.79,0.0,4,2,15,9
71.0,240,96388.42,102342.93,0.0,5,2,23,16
0.0,120,0.0,38674.49,0.5859863146,5,2,22,18
96.0,240,0.0,103120.52,0.0,5,2,26,23
7.0,240,83928.61,81763.3,0.0,5,2,9,3
0.0,360,0.0,141877.99,0.7703336297,5,2,11,2
81.0,236,18395.41,17164.39,0.9425817055,3,2,24,41
2.0,180,62659.03,67688.33,0.0,5,2,10,23
1.0,320,152269.43,137791.23,0.0,5,2,11,9
45.0,240,25819.02,25597.53,0.0,5,2,23,2
1.0,300,0.0,62585.94,1.0,4,2,18,1
4.0,240,6975.76,6597.47,0.0,4,2,49,6
26.0,300,0.0,72644.27,1.0,4,2,19,1
24.98,180,33683.27,33415.27,0.0,5,2,14,20
86.0,240,49103.22,50967.05,0.0,5,2,28,1
94.0,240,21390.92,21010.38,0.0,4,2,26,7
0.0,222,12698.85,7672.67,1.0,3,2,39,30
1.0,222,11450.79,4282.77,0.9206728356,3,2,12,53
1.0,300,0.0,36290.57,1.0,4,2,21,7
1.0,230,22386.46,22966.05,0.956825401,3,4,25,50
24.98,360,142792.82,134029.83,0.0,5,2,8,3
13.0,300,57483.4,58229.39,0.0128112281,4,2,7,18
0.0,360,0.0,114085.67,1.0,5,2,34,3
4.0,204,47107.38,45671.07,0.0,4,3,24,12
3.0,360,0.0,241513.94,1.0,5,2,7,3
0.0,360,0.0,46634.13,1.0,5,2,24,16
1.0,223,12698.85,7694.37,0.0,3,2,46,23
4.0,240,0.0,109523.61,1.0,5,2,12,1
4.0,201,0.0,127089.26,1.0,5,2,20,9
24.98,180,54594.43,60320.27,0.0,5,2,23,4
24.98,240,95356.6,73247.27,0.8146531164,5,2,17,26
8.0,300,0.0,71060.72,1.0,4,2,19,4
6.0,360,117151.91,114308.62,0.0,5,2,28,2
24.98,360,190457.48,209488.58,0.0908455248,5,2,12,9
24.98,240,72740.61,71585.6,0.0,4,2,24,2
1.0,240,0.0,48831.63,1.0,5,2,45,7
65.0,240,0.0,82924.72,1.0,5,2,22,2
24.98,204,30220.9,36925.3,0.7715924436,4,3,18,37
94.0,240,33433.61,32614.79,0.0,5,2,33,3
1.0,236,14182.55,9610.07,0.9770959004,3,2,28,40
94.0,240,16262.33,18508.94,0.8189209599,4,2,9,37
24.98,240,21759.39,21412.42,0.0,5,2,47,1
9.0,300,0.0,54468.31,1.0,4,2,16,3
1.0,240,0.0,134276.34,1.0,5,2,12,5
9.0,300,0.0,35476.8,1.0,4,2,24,2
1.0,300,0.0,39851.98,1.0,4,2,19,5
85.0,236,16601.46,24689.56,0.8525514428,3,4,21,45
1.0,222,8447.0,4872.87,0.9734735382,3,2,27,40
94.0,216,10206.95,13763.86,0.8791247513,3,4,18,37
10.0,240,60814.1,60344.47,0.0,5,2,59,1
90.0,300,40020.26,43491.12,0.0,4,2,21,18
17.0,300,0.0,305871.6,1.0,5,2,26,7
1.0,236,16072.78,19288.84,0.942039542,3,2,14,65
24.98,240,86826.07,77601.14,0.0,5,2,29,10
1.0,240,20755.33,20935.29,0.0085960118,3,4,39,23
1.0,240,20755.33,20955.53,0.0095535641,3,4,39,23
1.0,240,9126.17,8004.36,1.0,3,4,19,34
48.0,300,0.0,56652.87,1.0,4,2,27,2
90.0,180,33541.0,36262.87,0.0,5,2,14,9
94.0,181,14623.71,20094.18,0.8187699125,3,2,14,65
1.0,240,290483.31,145792.56,1.0,5,2,23,51
23.0,228,13198.45,12056.81,0.952162305,3,2,25,37
1.0,240,104197.15,108234.5,0.0,5,2,21,7
77.0,240,50874.8,61064.47,0.749821447,5,2,19,43
24.98,240,121208.54,112018.99,0.0,5,2,13,7
92.0,343,0.0,28087.32,1.0,5,2,24,3
8.0,240,98431.62,98705.16,0.0,5,2,12,3
24.98,300,71252.13,78766.26,0.0953978264,5,2,18,4
1.0,240,10526.4,11857.48,0.1122565672,3,2,31,23
24.98,300,50687.3,54277.21,0.0,4,2,9,7
2.0,360,0.0,73186.7,1.0,5,2,28,3
94.0,240,11051.22,11489.16,0.9177476856,3,2,25,30
40.0,240,15824.33,18439.28,0.9187468274,3,2,31,54
24.0,60,12704.64,12351.53,0.0,5,2,31,4
0.0,360,294421.07,298321.68,0.0130751811,5,2,22,7
70.0,300,0.0,52939.84,1.0,4,2,13,1
17.0,228,47282.36,47721.47,0.0,4,2,43,1
1.0,240,10660.12,11315.22,1.0,3,4,27,28
0.0,240,135685.46,127794.25,0.0,5,2,26,6
9.0,240,153854.99,153103.1,0.0,5,2,32,4
1.0,360,0.0,175479.71,1.0,5,2,21,19
4.0,240,0.0,64249.15,1.0,5,2,51,2
1.0,240,35528.98,34925.31,0.0,3,4,41,14
0.0,240,20755.33,18023.33,0.9914976866,3,4,26,36
57.0,240,19221.72,19750.8,0.0,3,2,37,24
5.0,240,62434.75,61761.57,0.0,4,2,9,5
1.0,218,28572.13,20974.14,0.9701961558,3,2,42,33
65.0,360,0.0,465790.82,1.0,5,2,22,6
24.98,360,0.0,52442.17,1.0,5,2,8,9
1.0,222,11450.79,4283.55,0.915658741,3,2,14,51
0.0,228,13972.52,16272.41,0.9446050093,3,4,45,25
24.98,300,0.0,109586.33,1.0,4,2,12,5
1.0,232,15189.28,18071.38,0.9351217229,3,2,24,59
1.0,240,10578.62,11760.9,0.0,3,2,36,19
90.0,221,26177.01,20060.46,0.9375622493,3,4,31,33
91.0,240,63832.35,64213.01,0.0,4,2,23,4
2.0,360,160134.66,151535.05,0.0,5,2,32,5
64.0,300,0.0,64264.1,1.0,4,2,15,2
1.0,204,11801.22,17261.0,0.7907168753,4,3,21,63
56.0,218,32659.42,15691.5,0.9175419813,3,4,22,43
24.98,123,14308.94,22691.75,0.0,1,2,72,8
81.0,360,242993.69,242561.55,0.0,5,2,20,0
1.0,225,16828.9,19428.4,0.9785551049,3,2,26,54
32.0,360,0.0,141800.14,1.0,5,2,13,2
7.0,240,24779.03,25503.36,0.0284013557,4,2,27,3
4.0,240,0.0,86371.82,1.0,5,2,32,3
0.0,360,0.0,175543.72,0.7567686372,5,2,8,20
1.0,230,13653.01,15985.01,0.9273106492,3,2,24,52
2.0,240,116105.82,126748.58,0.0,5,2,17,4
1.0,204,108667.73,66664.68,0.7574018419,4,3,29,55
45.0,229,15065.75,17891.79,0.9359220067,3,2,23,60
1.0,236,21249.77,9862.39,0.9506955211,3,2,28,40
1.0,300,0.0,45410.63,1.0,4,2,14,4
24.98,240,122177.8,120186.61,0.0,5,2,14,1
24.98,222,11455.23,4339.82,0.8847578932,3,2,12,53
24.98,180,15609.6,16385.13,0.0,1,2,46,5
52.0,180,65246.21,64998.98,0.0,5,2,33,1
31.0,204,40580.92,62572.51,0.0,4,3,41,12
1.0,240,0.0,28079.48,1.0,4,2,19,12
90.0,119,35165.97,59757.64,0.5566447126,5,2,44,25
0.0,360,24854.1,22356.73,0.0,5,2,11,9
92.0,222,13455.71,4872.85,0.9090491191,3,2,27,40
24.98,240,31947.24,31435.06,0.0,4,2,24,2
1.0,234,21348.08,15215.04,0.9796931194,3,2,18,40
13.0,236,18396.86,17154.76,0.9296889027,3,2,24,41
18.0,180,95841.12,98931.12,0.0312338524,5,2,32,1
4.0,237,0.0,36388.72,0.633168611,1,2,21,1
71.0,200,0.0,261517.52,1.0,5,2,13,3
37.0,240,37309.98,36837.26,0.0,4,2,19,3
96.0,240,16278.97,19008.36,0.9180429032,3,2,33,52
65.0,300,0.0,62342.88,1.0,4,2,23,3
18.0,240,81437.98,86586.54,0.0,5,2,30,1
4.0,240,35265.24,41099.84,0.7454335516,5,2,18,30
40.0,240,0.0,50998.53,1.0,4,2,16,1
0.0,300,0.0,57625.45,1.0,4,2,36,2
46.0,300,0.0,42097.61,1.0,4,2,17,7
24.98,240,50008.08,55288.39,0.0056297546,5,2,22,1
15.0,300,0.0,69527.21,1.0,4,2,11,2
24.98,204,18434.94,20950.19,0.0933837586,4,3,18,15
38.0,360,0.0,128433.35,1.0,5,2,23,2
24.98,240,37944.06,36168.78,0.0,4,2,40,4
24.98,300,80112.29,77622.35,0.0,4,2,7,6
24.98,222,26707.31,4360.65,0.939836093,3,2,7,36
24.98,240,39912.63,37612.1,0.0,4,2,25,8
30.0,300,0.0,62162.6,1.0,4,2,15,1
1.0,240,0.0,71997.32,1.0,5,2,19,16
1.0,240,20754.74,18100.55,0.986178873,3,4,23,39
91.0,240,0.0,103386.18,1.0,5,2,24,1
2.0,225,11346.01,11575.75,0.0,3,2,46,22
24.98,240,23858.51,110687.39,0.683166032,5,2,14,4
24.98,180,14124.65,58813.03,1.0,1,2,26,44
0.0,240,0.0,82172.89,0.7412874779,5,2,22,7
1.0,234,13679.21,18245.15,1.0,3,4,15,59
1.0,300,0.0,85182.63,1.0,4,2,19,2
70.0,300,0.0,90721.42,1.0,4,2,13,0
1.0,120,30789.12,31398.57,0.0194101196,5,2,49,3
0.0,360,117203.09,99394.65,0.0,5,2,18,15
7.0,240,83049.73,83136.77,0.0,4,2,30,16
24.98,222,11969.11,5586.13,0.9099054265,3,2,20,50
0.0,300,0.0,56551.81,1.0,4,2,22,5
24.98,228,24205.78,14178.0,0.8833834109,3,4,14,60
1.0,236,11011.47,12103.73,0.971488128,3,4,20,46
4.0,180,0.0,76681.47,1.0,5,2,28,4
1.0,240,87673.94,100023.23,0.1234642193,5,2,41,6
24.98,222,12697.29,7680.86,1.0,3,2,39,30
55.0,240,25370.66,26623.33,0.9768353546,3,4,13,46
2.0,240,0.0,33281.97,0.765040597,4,2,25,8
24.98,300,0.0,47027.83,1.0,4,2,9,6
7.0,275,0.0,426782.1,1.0,5,2,9,16
0.0,240,0.0,259818.51,1.0,5,2,28,10
1.0,300,33001.69,33095.03,0.0028203631,4,2,15,14
3.0,300,0.0,94000.06,1.0,4,2,20,5
2.0,218,32705.41,15737.39,0.9056412785,3,4,22,43
1.0,236,12979.29,14664.73,0.9336094152,3,4,19,44
1.0,240,29215.56,36643.1,0.7528657554,5,2,17,32
4.0,300,0.0,54896.75,1.0,4,2,18,1
1.0,231,7862.07,8769.67,0.1034930619,3,2,66,12
1.0,240,0.0,30776.41,0.8878069607,4,2,26,4
0.0,360,269369.62,240919.05,0.0,5,2,10,17
1.0,236,16936.36,19915.77,0.9501505591,3,2,14,49
7.0,119,0.0,16911.51,0.6069652464,5,2,28,6
1.0,360,0.0,118134.09,1.0,5,2,24,3
21.0,240,0.0,75992.44,0.7862046207,4,2,21,1
90.0,236,18498.98,17153.54,0.9306084925,3,2,24,41
1.0,222,11454.57,4283.53,0.9282204163,3,2,14,51
56.0,180,0.0,66115.06,1.0,5,2,37,4
1.0,231,7861.67,8874.83,0.11416106,3,2,63,15
0.0,360,0.0,170742.53,1.0,5,2,19,13
18.0,240,143605.23,125633.82,0.0,5,2,26,11
7.0,119,0.0,25842.06,1.0,5,2,44,13
1.0,240,0.0,89608.42,1.0,5,2,49,20
24.98,240,57660.19,65099.64,0.1142778977,5,2,36,5
61.0,240,33402.34,40196.08,0.0,5,2,47,18
90.0,204,57592.1,59403.94,0.0,4,2,25,1
1.0,240,21268.41,21895.58,0.0286436806,4,2,37,4
10.0,240,11057.34,11481.0,0.0,3,2,31,24
24.98,218,14775.07,9498.82,0.9307650845,3,4,17,32
1.0,236,21262.15,9851.61,0.9815563141,3,2,28,40
3.0,240,22324.25,22506.58,0.0,4,2,44,1
7.0,300,0.0,117313.21,1.0,5,2,11,1
1.0,300,39767.65,40618.2,0.0209401204,4,2,17,6
1.0,108,0.0,10227.65,0.2075916421,2,2,90,18
24.98,240,19221.72,20537.07,0.0640475978,3,2,52,9
1.0,240,0.0,35559.77,0.7288498688,5,2,25,2
24.98,300,67391.85,63210.63,0.0,4,2,7,11
39.0,240,49449.97,50758.07,0.0257712714,4,2,47,8
5.0,240,0.0,81771.77,1.0,4,2,12,4
94.0,234,13512.76,14117.12,0.9617089038,3,2,14,60
96.0,180,23904.84,29367.21,0.0,5,2,37,14
24.98,240,55773.22,37826.29,0.0,4,2,13,13
24.98,204,14884.25,12149.25,0.9917819174,4,3,23,25
24.98,360,148317.08,134426.28,0.0,5,2,8,8
24.98,240,35655.43,35611.54,0.0,3,4,39,1
24.98,240,369692.81,352923.2,0.0,1,2,18,3
2.0,224,14397.96,18225.93,0.8813520078,3,2,36,40
1.0,240,16105.22,18801.17,0.9758084204,3,2,31,54
94.0,230,20375.0,22001.8,0.8993895954,3,2,28,31
96.0,276,97992.46,90026.66,0.0,5,2,15,2
1.0,240,0.0,49051.04,1.0,5,2,33,2
13.0,300,0.0,54569.89,1.0,4,2,16,2
24.98,300,0.0,82036.61,1.0,4,2,11,5
11.0,240,78782.09,81359.08,0.0,5,2,15,2
24.98,300,54489.27,52362.34,0.0,4,2,18,5
24.98,240,148455.67,159642.83,0.0,5,2,13,24
24.98,60,93106.8,89672.87,0.0,1,2,35,1
18.0,360,96059.88,92868.24,0.7332758626,5,2,12,29
1.0,240,54548.25,61435.59,0.1121066795,4,2,33,16
0.0,180,455167.87,207617.96,0.8977765784,5,2,11,59
9.0,240,35468.14,37716.98,0.0,4,2,11,9
1.0,240,25882.12,27890.33,0.0720038092,3,4,35,22
0.0,240,0.0,91895.18,0.7117269885,5,2,48,28
94.0,300,0.0,47830.61,1.0,4,2,17,1
8.0,240,10249.71,11634.27,0.119007037,3,2,31,24
24.98,240,35271.56,35608.93,0.0094743088,3,4,39,1
24.98,240,26316.65,26455.32,0.985307303,3,4,22,33
1.0,240,75523.25,64267.99,0.0,4,2,30,15
94.0,236,3548.38,5645.47,0.8884893552,3,4,18,64
13.0,240,10220.42,11325.77,0.0,3,2,37,17
9.0,300,78166.76,76743.83,0.0,4,2,34,2
2.0,240,0.0,80048.36,1.0,1,2,52,13
94.0,229,15163.21,18672.26,0.8792374356,3,2,43,40
91.0,330,124142.93,126252.09,0.0,5,2,13,4
86.0,240,19221.72,19898.68,0.9671887784,3,2,19,42
93.0,228,22755.72,72239.61,0.6970028752,4,2,44,40
24.98,240,58598.88,54148.7,0.0,5,2,14,7
1.0,300,0.0,90678.31,1.0,4,2,8,6
2.0,300,0.0,51504.13,1.0,4,2,9,1
24.98,240,88220.72,82134.78,0.7485046707,5,2,22,33
94.0,224,14793.41,17970.99,0.8838249868,3,2,17,55
24.98,168,44588.83,54480.19,0.0,1,2,57,14
60.0,360,37958.91,42436.49,0.0,5,2,33,15
17.0,300,0.0,55246.28,1.0,4,2,31,1
24.98,300,82426.48,81691.34,0.0,4,2,15,2
24.98,180,56826.53,62703.37,0.0,5,2,28,18
24.98,240,112597.4,99873.66,0.0,5,2,10,12
4.0,234,13510.62,14117.12,0.9617089038,3,2,14,60
1.0,234,14892.43,16033.36,0.9831301736,3,2,20,60
1.0,180,21334.98,15672.14,0.908332876,3,2,18,40
24.98,360,0.0,220122.43,1.0,5,2,8,2
26.0,240,37712.82,40532.42,0.0,5,2,8,2
24.98,35,9931.41,10122.55,0.0,1,2,28,14
13.0,224,14956.45,17852.06,0.9162824906,3,2,17,55
5.0,300,0.0,94665.58,1.0,4,2,20,1
1.0,204,0.0,9280.79,1.0,4,3,73,15
1.0,239,29815.47,33445.95,0.0,1,2,38,13
1.0,234,13513.09,14117.12,0.9617089038,3,2,14,60
11.0,240,0.0,112946.21,0.0,5,2,29,11
4.0,240,0.0,77910.56,1.0,4,2,12,2
40.0,300,0.0,64172.64,1.0,4,2,16,2
24.98,222,26718.32,4506.85,0.9036809852,3,2,8,35
1.0,360,0.0,184078.16,1.0,5,2,12,7
24.98,222,11455.23,4283.56,0.9201015044,3,2,14,51
1.0,204,11906.16,51291.46,0.7678724684,4,3,65,7
1.0,300,0.0,74856.79,1.0,4,2,14,1
0.0,240,0.0,211491.24,1.0,5,2,22,5
1.0,240,17380.75,21106.24,0.9401418727,3,2,22,39
90.0,218,28330.28,24273.25,0.0,3,4,39,17
54.0,240,45247.56,45074.54,0.0,4,2,15,3
65.0,240,92237.0,99280.76,0.0,5,2,26,10
1.0,240,0.0,103028.67,1.0,5,2,29,3
1.0,240,26316.66,26480.8,0.9968917102,3,4,22,33
24.98,240,84254.97,76894.69,0.0,4,2,12,9
5.0,300,0.0,36256.67,1.0,4,2,27,10
1.0,240,0.0,12879.3,1.0,4,2,41,14
24.98,360,0.0,129088.55,1.0,5,2,11,4
0.0,240,0.0,57492.45,1.0,5,2,47,3
85.0,300,0.0,42104.29,1.0,4,2,29,1
1.0,300,82331.74,80641.3,0.0,4,2,8,4
87.0,360,112130.95,113965.23,0.0160950844,5,2,19,1
24.98,240,87286.51,77696.96,0.0,1,2,29,9
25.0,234,16278.05,19872.04,0.1808566207,3,4,66,2
1.0,240,10116.95,11476.74,1.0,3,2,31,25
1.0,60,199827.4,164162.41,0.292949096,1,2,11,42
96.0,240,34684.81,37302.86,0.7902542204,5,2,13,33
3.0,300,0.0,82730.49,1.0,4,2,11,9
93.0,240,35528.98,34643.25,0.0,3,4,51,4
54.0,240,0.0,70963.22,1.0,4,2,12,0
1.0,240,48710.41,48623.48,0.0,4,2,31,1
24.98,240,81001.46,74464.17,0.0,4,2,41,9
1.0,180,61514.59,60766.49,0.0,4,2,29,4
28.0,255,0.0,78498.06,1.0,5,2,17,0
24.98,300,0.0,77673.08,1.0,4,2,12,1
28.0,240,0.0,83132.22,0.7540549424,5,2,16,23
2.0,300,0.0,53007.88,1.0,4,2,16,17
22.0,360,0.0,122829.59,1.0,5,2,21,1
24.98,360,239542.04,227193.7,0.0,5,2,11,4
0.0,240,149866.23,146142.05,0.0,5,2,25,15
15.0,234,9792.86,12701.43,0.9005167135,3,2,27,54
13.0,204,13122.29,15699.29,0.7806514135,4,3,37,37
24.98,360,434931.04,429491.65,0.0,5,2,12,3
24.98,120,57574.78,45880.3,0.0,5,2,12,19
3.0,223,15166.29,16095.9,0.0577544592,3,2,69,3
2.0,225,11346.14,11552.56,0.0,3,2,49,19
13.0,239,0.0,41172.85,1.0,5,2,53,3
0.0,240,10249.71,11423.03,0.1027153041,3,2,36,19
10.0,240,10481.31,11836.24,0.8832686732,3,2,28,25
89.0,72,0.0,1727.92,0.4471656655,4,1,20,52
94.0,120,30255.63,166495.58,0.6194554146,5,2,9,26
1.0,240,20642.93,23772.03,0.9036140372,3,2,29,27
2.0,300,0.0,79552.43,1.0,4,2,28,2
94.0,240,61126.24,59784.46,0.0,5,2,21,15
76.0,240,32486.86,32646.13,0.0048786793,4,2,33,5
4.0,240,0.0,158736.54,0.8018022153,5,2,24,12
24.98,240,74211.41,73126.0,0.0,5,2,18,1
91.0,180,53007.41,52883.15,0.0,4,3,43,7
30.0,360,84049.41,77815.8,0.0,5,2,19,10
13.0,300,0.0,66194.14,1.0,4,2,12,3
5.0,240,18904.21,14560.92,0.857638803,3,4,20,37
60.0,300,0.0,63582.97,1.0,4,2,12,16
32.0,236,21260.47,15626.8,0.0,3,2,58,10
24.98,240,128395.57,126491.03,0.0,5,2,8,1
1.0,234,14892.43,14571.05,0.9717460307,3,2,40,40
24.98,240,32564.53,31660.69,0.0,4,2,34,4
89.0,240,44640.13,45628.91,0.0,4,2,11,2
8.0,360,0.0,279080.47,1.0,5,2,9,8
2.0,240,114766.3,113761.59,0.0,5,2,24,3
24.98,240,60252.59,55364.0,0.0,5,2,17,12
71.0,240,41602.14,42099.01,0.0118024153,4,2,24,1
24.98,240,20532.87,20257.62,0.0,4,2,14,2
0.0,303,0.0,61095.22,1.0,5,2,28,3
4.0,240,98199.34,107844.32,0.0894342882,4,2,25,9
67.0,360,0.0,60369.2,1.0,5,2,37,1
0.0,300,0.0,91914.59,1.0,4,2,12,16
10.0,240,0.0,33026.52,1.0,1,2,67,2
1.0,330,144294.38,142179.39,0.0,5,2,16,2
2.0,360,139982.22,137183.45,0.0,5,2,15,4
24.98,240,112824.75,110063.95,0.0,5,2,21,2
24.98,120,34951.0,43214.52,0.0,5,2,37,10
2.0,360,0.0,106861.76,1.0,5,2,9,4
1.0,300,51133.65,52251.49,0.0213934569,4,2,21,1
90.0,240,33522.92,34492.74,0.0281166414,4,2,27,3
1.0,240,26316.66,26466.03,1.0,3,4,22,33
1.0,231,7862.07,9216.87,1.0,3,2,53,25
5.0,300,0.0,65424.59,1.0,4,2,20,1
1.0,360,0.0,45604.26,0.0,5,2,10,10
9.0,240,0.0,47558.13,1.0,4,2,73,4
27.0,180,19609.22,18082.43,0.0,5,2,12,11
90.0,236,4559.33,7427.4,0.8723389073,3,4,51,32
10.0,240,22843.19,31612.76,0.7760809881,4,2,18,64
1.0,222,7641.54,5537.84,0.9282734785,3,2,17,55
24.98,218,14775.95,9652.51,0.8902813879,3,4,17,32
17.0,240,22730.86,23582.64,0.0,4,2,31,17
0.0,240,0.0,56278.62,1.0,4,2,31,5
1.0,170,109839.35,64218.42,0.9579662436,5,2,17,49
26.0,240,62533.49,61622.76,0.0,5,2,18,1
1.0,360,0.0,182665.49,1.0,5,2,11,1
32.0,360,0.0,172375.34,1.0,5,2,17,4
6.0,240,0.0,76258.36,1.0,5,2,14,1
0.0,204,0.0,24147.91,0.982793766,5,2,16,40
2.0,180,54978.26,66734.84,0.6893985846,5,2,14,42
1.0,360,0.0,102179.25,1.0,5,2,19,10
0.0,264,0.0,153027.38,1.0,5,2,30,5
5.0,240,12514.54,14268.77,0.1229419214,3,2,36,24
40.0,300,0.0,62738.33,1.0,4,2,19,1
2.0,180,0.0,85895.14,0.7535848016,5,2,7,14
1.0,240,0.0,39868.61,1.0,4,2,27,4
1.0,240,41620.99,42039.2,0.0,4,2,36,2
1.0,240,0.0,110844.2,1.0,4,2,17,9
7.0,240,19221.72,19913.89,0.9676637764,3,2,19,42
8.0,300,0.0,33028.41,1.0,4,2,13,1
5.0,180,0.0,64440.18,0.6569178141,4,3,41,8
0.0,120,0.0,41083.98,0.6241052696,5,2,26,30
1.0,236,9492.58,9650.62,0.9701749732,3,2,38,48
1.0,300,0.0,79561.75,1.0,4,2,11,6
94.0,180,51313.1,96948.06,0.3896931688,5,2,16,3
77.0,300,72659.83,70563.59,0.0,5,2,16,8
1.0,360,177565.99,161686.9,0.0,5,2,19,7
55.0,240,0.0,83205.24,1.0,5,2,13,20
1.0,115,8267.29,5777.38,0.9468548027,3,4,38,40
77.0,240,47481.15,51710.53,0.0817895311,5,2,44,2
24.98,300,57483.04,56730.51,0.0,4,2,9,2
1.0,240,0.0,14631.7,1.0,4,2,25,20
24.98,228,11871.16,15538.59,0.2360207715,3,4,56,21
4.0,240,0.0,103033.41,1.0,5,2,17,19
24.98,300,0.0,77137.36,1.0,4,2,12,2
2.0,240,0.0,56851.48,1.0,5,2,50,3
2.0,240,0.0,61255.24,1.0,4,2,47,1
65.0,240,61832.19,53960.84,0.0,5,2,34,18
24.98,240,195361.09,194824.75,0.0,5,2,8,0
37.0,224,14956.45,17840.36,0.9223681585,3,2,17,55
1.0,240,0.0,64629.32,0.6847885393,5,2,20,6
4.0,204,0.0,59436.8,1.0,1,2,73,2
24.98,238,27903.57,34248.4,0.7287501441,4,2,17,32
1.0,60,0.0,36492.95,1.0,5,2,30,6
31.0,300,72193.58,68797.46,0.0,4,2,15,9
2.0,240,0.0,39939.16,1.0,4,2,26,6
8.0,300,62553.32,62019.84,0.0,4,2,22,1
0.0,60,0.0,38565.55,0.5649226172,1,2,15,2
4.0,300,0.0,75685.24,1.0,4,2,12,3
24.98,239,28546.71,38615.0,0.6998009255,1,2,47,37
24.98,144,56610.36,55286.51,0.0,5,2,18,20
5.0,180,0.0,49656.97,1.0,5,2,45,1
94.0,230,11483.44,13838.13,0.9087766916,3,4,33,29
96.0,300,0.0,71504.88,1.0,4,2,14,5
65.0,240,51037.63,54386.48,0.0,5,2,33,8
2.0,300,0.0,46264.46,1.0,4,2,21,21
31.0,240,90916.73,90453.91,0.0,5,2,17,19
94.0,230,20374.99,21995.84,0.8995791932,3,2,28,31
1.0,120,15328.35,14506.84,0.0,5,2,36,9
49.0,240,62275.0,67676.01,0.0,5,2,13,21
1.0,222,11450.79,4285.37,0.9170246676,3,2,13,52
1.0,240,0.0,44074.37,1.0,5,2,43,10
1.0,240,10902.69,11825.8,0.0780589897,3,2,43,12
0.0,120,0.0,14659.96,0.8797311846,4,2,8,2
29.0,300,0.0,85655.23,1.0,5,2,34,6
0.0,300,0.0,85987.14,1.0,4,2,14,5
24.98,222,26700.42,6378.81,0.810721749,3,2,17,26
24.98,240,60705.92,60607.52,0.0,1,2,103,13
52.0,236,18499.0,17154.76,0.9446561771,3,2,24,41
1.0,236,14668.91,9859.99,0.9830466359,3,2,28,40
1.0,240,97556.77,59338.0,1.0,5,2,36,35
1.0,360,0.0,103301.38,1.0,5,2,7,7
1.0,261,0.0,24668.49,0.7475812288,4,2,24,15
3.0,218,32715.49,15675.62,0.9217109116,3,4,22,43
18.0,300,0.0,55909.96,1.0,4,2,19,2
5.0,240,60635.55,60876.24,0.0039537593,5,2,47,7
94.0,180,38115.94,38273.85,0.0,4,2,8,1
67.0,240,155586.79,148229.61,0.0,5,2,21,13
16.0,240,49248.35,50556.76,0.0,4,2,24,1
94.0,225,19560.93,14602.83,0.9455413779,3,4,22,26
16.0,204,45589.16,46930.82,0.0,5,2,38,3
4.0,240,0.0,86978.4,0.7737772026,5,2,13,15
24.98,240,69923.49,63292.05,0.0,5,2,12,8
34.0,240,62084.66,63175.83,0.0,5,2,26,1
1.0,133,29564.9,14890.0,0.552534587,3,4,14,60
94.0,224,14961.61,17826.38,0.8888276812,3,2,19,53
1.0,222,11956.52,5594.26,0.9181428822,3,2,21,49
92.0,60,0.0,17052.41,0.0,5,2,37,23
4.0,240,91843.27,85797.8,0.0,5,2,40,7
3.0,204,0.0,41048.65,0.7705587637,5,2,16,21
68.0,218,33661.57,17724.5,0.9266659144,3,4,24,40
1.0,240,53547.82,54109.59,0.0,5,2,25,15
1.0,360,103862.08,114481.07,0.0927576061,5,2,19,12
27.0,240,10220.42,10629.0,0.0384401167,3,2,53,1
8.0,300,0.0,72834.79,1.0,4,2,14,3
1.0,236,21262.15,9851.59,0.9771407458,3,2,28,40
1.0,225,15207.03,17786.47,0.959893672,3,2,51,29
1.0,240,0.0,79055.67,0.7660946541,4,2,46,9
24.98,240,61694.54,44690.04,1.0,4,2,32,30
2.0,360,0.0,95978.75,1.0,5,2,33,1
1.0,240,0.0,71381.43,1.0,5,2,23,9
3.0,233,19068.38,21726.58,0.1223478339,3,4,59,1
53.0,249,106808.3,108624.91,0.0167236962,5,2,15,1
11.0,240,99640.72,102568.56,0.0285451994,5,2,17,1
2.0,300,81414.03,77434.79,0.0,4,2,8,5
24.98,198,79076.33,96327.72,0.0,5,2,14,21
24.98,228,28712.3,26869.74,0.0,3,4,41,18
56.0,360,0.0,82937.89,1.0,5,2,13,0
0.0,360,0.0,136836.39,1.0,5,2,10,4
24.98,240,81177.29,81082.4,0.0,5,2,13,0
34.0,180,0.0,31420.47,1.0,4,2,30,1
1.0,72,66345.56,68261.8,0.0,5,2,19,2
52.0,218,33745.23,17827.17,0.9033570668,3,4,24,40
3.0,240,80303.57,73696.04,0.0,5,2,50,8
1.0,300,0.0,44870.36,1.0,4,2,7,9
94.0,240,0.0,45190.62,1.0,4,2,40,2
4.0,240,68779.2,71380.39,0.0,5,2,9,3
1.0,230,11625.47,13832.76,0.9194932898,3,4,33,29
26.0,236,4603.99,7674.4,0.8953442614,3,4,44,39
91.0,300,34923.39,34983.6,0.0,4,2,18,1
24.98,4,15116.2,11835.51,0.0,5,2,20,10
2.0,240,10526.4,11618.79,0.0940192567,3,2,30,24
9.0,204,8364.85,26473.28,0.8175543879,4,2,41,37
24.98,240,92245.3,79292.94,0.69493191,5,2,24,28
91.0,240,0.0,83634.81,0.0,5,2,39,15
1.0,300,0.0,62350.66,1.0,4,2,24,14
94.0,224,14961.61,17840.36,0.908587607,3,2,17,55
24.98,230,10496.9,11646.56,0.943433941,3,4,38,46
24.98,360,0.0,128437.96,1.0,5,2,8,4
24.98,240,83280.71,95493.31,0.0,5,2,16,16
1.0,223,12685.39,7733.45,1.0,3,2,39,30
24.98,240,73243.5,82371.57,0.1108157827,5,2,31,8
0.0,240,0.0,104399.6,0.6805688309,5,2,13,6
65.0,300,0.0,32887.67,1.0,4,2,15,1
90.0,218,28329.78,24258.46,0.0,3,4,39,17
24.98,240,170002.74,183940.06,0.8788443803,5,2,18,34
94.0,240,18211.81,18570.09,0.920408571,3,2,22,33
24.98,240,40056.69,55140.38,0.1272452871,5,2,18,10
56.0,240,48994.16,47188.92,0.0,4,2,13,5
2.0,225,11346.02,11568.31,0.0192154256,3,2,46,22
2.0,234,13511.26,14077.01,0.9634006085,3,2,14,60
1.0,239,14661.55,9913.63,0.9771990684,3,2,28,40
1.0,230,10562.83,11649.77,0.9405653502,3,4,38,46
24.98,180,121324.13,96240.69,0.8710725095,5,2,8,35
38.0,360,0.0,128824.72,1.0,5,2,16,1
35.0,300,0.0,45694.34,1.0,4,2,21,4
0.0,300,0.0,37260.48,1.0,4,2,16,3
0.0,360,192541.89,175417.61,0.0,5,2,11,8
18.0,360,131452.45,135744.86,0.0316211605,5,2,11,0
1.0,222,11444.87,4342.46,0.8885424391,3,2,13,52
1.0,360,143868.66,132858.36,0.0,4,2,24,8
8.0,300,0.0,73652.63,1.0,4,2,11,3
24.98,360,109948.38,105906.19,0.0,5,2,10,3
90.0,240,0.0,371422.02,1.0,5,2,33,1
2.0,360,110715.28,123215.47,0.1014498423,5,2,33,7
94.0,230,11483.46,13966.59,0.9105658575,3,4,33,29
1.0,360,0.0,67841.87,1.0,5,2,28,14
24.98,204,14956.24,12474.0,0.0,4,3,17,20
44.0,204,36845.46,32118.11,0.0,1,2,48,15
24.98,240,79939.21,72535.85,0.0,5,2,15,9
93.0,234,14449.82,17226.49,0.922846732,3,4,27,31
0.0,300,0.0,57591.53,1.0,4,2,11,12
2.0,360,0.0,498726.89,1.0,5,2,13,1
1.0,120,206.83,32485.26,0.9936331124,5,2,28,14
24.98,60,1370.15,1489.11,0.0,1,2,22,12
26.0,240,86418.56,102800.78,0.0,5,2,29,21
41.0,240,76176.07,109364.99,0.7812487514,5,2,16,36
24.98,300,77909.55,74414.81,0.0,4,2,8,8
1.0,240,29557.8,28335.27,0.0,4,2,43,7
1.0,230,20374.99,22027.0,0.9293562446,3,2,28,31
24.98,180,26402.25,33507.32,0.68541915,5,2,10,28
1.0,360,0.0,89956.94,1.0,5,2,34,1
7.0,240,0.0,39774.27,0.7456460186,5,2,21,18
1.0,234,15668.08,21314.15,0.0,3,4,50,18
24.98,360,130873.92,128672.76,0.0,5,2,7,1
24.98,240,35347.4,34956.66,0.0,3,4,41,14
1.0,300,0.0,55698.47,1.0,4,2,12,12
64.0,230,10496.9,11646.56,0.943563593,3,4,38,46
24.98,240,60100.05,56022.15,0.0,5,2,26,6
14.0,300,28064.74,27695.76,0.0,4,2,22,2
94.0,230,11483.38,13830.43,0.9103932416,3,4,33,29
0.0,360,0.0,374784.39,1.0,5,2,7,21
91.0,60,631.6,18228.97,0.271117818,5,2,11,35
24.98,240,28331.45,64086.77,0.3098643339,5,2,25,21
4.0,240,10516.15,8973.56,0.0,3,4,35,18
4.0,240,0.0,31598.18,0.7924366848,4,2,33,3
94.0,240,0.0,41406.93,1.0,4,2,18,4
9.0,360,0.0,142553.19,1.0,5,2,11,10
70.0,230,13479.37,15961.69,0.9128049724,3,2,23,53
1.0,228,13214.94,12055.28,0.0,3,2,38,24
1.0,300,0.0,57532.75,1.0,4,2,29,12
1.0,240,10220.42,12019.38,0.9583273014,3,2,20,34
24.98,300,51042.78,46695.14,0.0,4,2,8,15
1.0,240,0.0,38104.97,1.0,5,2,13,1
13.0,204,8180.13,11106.81,0.2635032021,3,4,38,22
56.0,300,83027.21,75803.08,0.0,4,2,12,7
24.98,300,0.0,57929.93,1.0,4,2,10,3
1.0,360,0.0,199886.2,1.0,5,2,12,2
1.0,180,61449.12,32281.55,0.9421249463,5,2,13,46
24.98,300,0.0,62730.41,1.0,4,2,7,3
24.98,240,80248.31,72262.98,0.0,5,2,21,13
65.0,300,0.0,45967.75,1.0,4,2,31,1
14.0,240,0.0,62600.7,1.0,4,2,16,10
1.0,224,14956.45,17852.06,0.9146569079,3,2,17,55
94.0,300,0.0,45182.41,1.0,4,2,30,3
31.0,240,59654.97,61312.99,0.0,5,2,35,0
60.0,36,0.0,6365.41,1.0,5,2,27,9
24.0,360,0.0,123222.12,1.0,5,2,13,1
1.0,360,198920.19,210711.89,0.9057259523,5,2,8,29
1.0,300,0.0,63924.95,1.0,4,2,18,1
24.98,326,142950.26,119983.64,0.0,5,2,14,14
1.0,240,0.0,136373.1,1.0,5,2,18,19
1.0,236,21249.77,10945.6,0.9255362886,3,2,38,30
24.98,240,77649.66,77195.49,0.0,4,2,40,0
1.0,240,19220.07,14495.09,0.9014066142,3,4,20,37
2.0,240,0.0,39286.18,1.0,1,2,75,2
94.0,230,13531.67,16169.16,0.9048571478,3,2,23,53
93.0,240,31221.5,29134.09,0.0,3,2,39,4
20.0,300,0.0,59069.36,1.0,4,2,20,7
1.0,236,9492.58,9551.64,0.9757109774,3,2,48,38
2.0,240,0.0,96460.4,0.8070900312,5,2,16,49
0.0,240,0.0,58533.96,1.0,5,2,17,11
1.0,228,13213.6,12063.14,1.0,3,2,24,38
24.98,180,57449.01,55106.63,0.0,5,2,30,4
0.0,180,0.0,107233.56,0.0,5,2,24,11
1.0,240,39608.91,45246.05,0.0,4,2,42,22
4.0,240,72327.69,73435.04,0.0,5,2,15,3
3.0,300,59859.29,59304.51,0.0,4,2,15,1
1.0,80,11755.52,11259.97,0.0,5,2,37,3
4.0,215,0.0,49331.27,0.6834618466,1,2,61,1
95.0,240,0.0,162706.77,1.0,5,2,39,4
3.0,180,0.0,56810.21,1.0,5,2,32,4
96.0,240,102279.56,119007.57,0.7387478209,5,2,7,37
70.0,300,0.0,68892.51,1.0,4,2,19,1
89.0,360,139302.39,135542.49,0.0,5,2,17,2
1.0,222,11455.23,4282.76,0.9164043747,3,2,12,53
0.0,236,15921.35,19615.43,0.9357388546,3,2,12,57
1.0,300,77831.22,73831.61,0.0,4,2,13,8
1.0,222,11968.16,5547.25,0.9309207265,3,2,19,51
77.0,240,214274.26,216600.99,0.0,5,2,7,1
5.0,120,0.0,67791.91,0.6203335611,5,2,24,7
38.0,300,0.0,87208.67,1.0,4,2,34,4
1.0,180,35844.44,28461.38,1.0,4,2,55,26
16.0,236,18399.22,17157.06,0.9346531399,3,2,24,41
2.0,300,0.0,70461.97,1.0,4,2,9,3
90.0,240,83048.15,86870.37,0.0439991219,4,2,27,4
4.0,240,10496.05,9175.92,0.0,3,4,35,18
24.98,228,24462.22,14104.0,0.9121440726,3,4,14,60
12.0,180,83702.99,75121.1,0.0,1,2,52,15
13.0,200,10036.34,10630.64,0.8879963953,3,4,21,58
26.0,300,34871.8,34618.13,0.0,4,2,7,12
24.98,240,36309.22,38679.4,0.0,4,2,12,5
24.98,360,136163.5,133725.62,0.0,5,2,9,1
53.0,240,73800.0,73681.53,0.0,5,2,14,2
1.0,234,14892.43,14627.74,0.9705470565,3,2,32,48
89.0,120,18123.06,18030.54,0.0,1,2,61,1
4.0,300,0.0,90613.36,1.0,4,2,17,3
24.98,222,13455.71,7503.82,1.0,3,2,37,30
24.98,240,66105.44,54330.26,0.0,1,2,23,13
70.0,220,49583.95,46818.91,0.0,4,2,46,4
24.98,180,99318.28,99406.35,0.0,5,2,24,2
1.0,235,13081.03,13234.15,0.9617187352,3,2,26,49
1.0,240,0.0,17919.51,1.0,4,2,54,1
2.0,240,0.0,35298.02,0.7665443327,4,2,30,2
1.0,240,0.0,57597.47,0.7508725386,5,2,12,1
24.98,240,71658.62,72461.98,0.0,5,2,56,4
70.0,236,18498.98,17154.58,0.929687582,3,2,24,41
0.0,240,57971.2,51055.62,0.0,4,2,21,16
1.0,300,0.0,59749.53,1.0,4,2,11,11
1.0,228,16095.37,18834.01,0.8889625736,3,2,38,33
24.98,240,115833.79,110484.7,0.0,5,2,13,7
68.0,218,33200.22,17768.84,0.9165786849,3,4,24,40
94.0,230,11483.42,13830.43,0.915507327,3,4,33,29
90.0,240,40340.24,42013.56,0.0,4,2,39,13
0.0,240,110437.98,88003.92,0.0,5,2,24,18
24.98,240,64104.57,63347.35,0.0,5,2,44,1
0.0,360,259603.61,240040.81,0.7639960258,5,2,9,26
1.0,240,0.0,88400.49,0.0,1,2,20,14
0.0,96,0.0,13148.72,0.7527629227,5,2,41,3
24.98,120,34160.2,48155.1,0.0,5,2,24,19
1.0,240,0.0,35624.29,0.8364597543,4,2,36,10
24.98,300,40963.68,38703.78,0.0,4,2,12,10
24.98,180,92307.86,73832.12,0.0,5,2,38,19
11.0,180,85907.1,101050.48,0.0,5,2,34,9
56.0,240,0.0,89049.38,1.0,4,2,25,1
52.0,240,0.0,113972.25,1.0,5,2,31,2
4.0,300,0.0,19892.24,1.0,4,2,37,4
73.0,204,153602.25,151247.3,0.0,5,2,23,2
1.0,300,0.0,74196.55,1.0,4,2,10,5
94.0,221,33287.42,27611.55,0.0,3,4,42,16
1.0,240,52573.6,41014.99,0.0,5,2,20,21
1.0,204,8234.05,11497.01,0.8490450996,3,4,31,29
0.0,240,26316.66,26462.88,1.0,3,4,22,33
52.0,300,0.0,62050.11,1.0,4,2,27,2
0.0,360,0.0,136958.57,0.7391757431,5,2,10,18
53.0,240,52713.93,51290.92,0.0,1,2,77,2
70.0,236,20283.49,19189.29,0.9318260342,3,2,16,55
24.98,204,52353.3,44626.94,0.0,5,2,34,14
24.98,240,100492.41,101356.4,0.0,5,2,14,14
9.0,120,0.0,6894.03,0.3108650949,2,2,82,38
5.0,300,0.0,82723.91,1.0,4,2,16,1
3.0,240,10902.69,11634.27,0.06288147,3,2,46,9
0.0,240,0.0,98220.32,1.0,5,2,28,3
25.0,240,19221.72,19793.65,0.9702924928,3,2,22,39
70.0,236,13141.11,14253.17,0.9391482737,3,2,11,57
1.0,204,52464.15,54257.55,0.0,5,2,19,24
1.0,240,622746.63,553755.48,0.0,5,2,22,10
1.0,240,0.0,37913.07,1.0,5,2,41,27
1.0,240,0.0,41901.25,1.0,5,2,11,11
10.0,240,0.0,77687.14,1.0,5,2,28,4
24.98,240,102330.17,100314.93,0.0,5,2,14,2
52.0,300,0.0,49118.85,1.0,4,2,17,4
29.0,360,0.0,84494.84,0.8398192568,5,2,19,28
24.98,240,52802.83,41587.42,0.0,5,2,9,4
1.0,236,4501.14,5167.73,0.1289908722,3,4,54,21
0.0,360,108866.5,102565.23,0.0,5,2,18,9
10.0,120,95873.71,92289.82,0.0,5,2,30,18
93.0,240,18211.75,18932.23,0.909328695,3,2,20,35
9.0,240,55211.5,52578.64,0.0,4,2,20,20
24.98,280,37517.65,35402.41,0.0,5,2,12,15
9.0,300,0.0,43323.52,0.8239485399,4,2,11,19
24.98,156,12971.07,11787.73,0.0,4,2,8,9
5.0,240,26237.5,26524.18,0.987583405,3,4,20,38
94.0,240,10116.96,11409.8,0.0,3,2,33,23
40.0,225,11344.48,11553.29,0.0,3,2,46,22
0.0,360,131977.43,112521.31,0.0,5,2,7,16
8.0,300,0.0,59776.87,1.0,4,2,18,2
1.0,240,212325.97,174547.29,0.0,5,2,21,16
24.98,240,144374.78,125055.62,0.0,5,2,15,12
77.0,240,18211.83,18668.1,0.9400040711,3,2,20,35
1.0,240,0.0,144590.7,1.0,5,2,34,7
1.0,360,134509.06,142632.06,0.0,5,2,13,23
24.98,240,148275.88,170307.53,0.0,5,2,24,16
2.0,230,7487.93,11432.39,0.9352663791,3,4,19,61
94.0,240,0.0,113048.42,1.0,5,2,20,7
12.0,240,43178.88,52705.13,0.0,5,2,44,24
24.98,300,0.0,85938.62,1.0,4,2,10,6
6.0,240,0.0,179902.08,0.6921093522,5,2,12,5
24.98,240,0.0,70168.5,1.0,4,2,13,1
24.98,230,20375.0,21989.04,0.9086658626,3,2,28,31
24.98,236,21056.82,19238.95,0.9592056739,3,2,17,54
56.0,240,12515.42,12990.95,0.0366047133,3,2,56,4
1.0,240,10002.11,11330.93,0.1172736925,3,2,36,21
1.0,240,19669.1,23205.23,0.9102835869,3,2,26,31
24.98,240,32879.13,32034.66,0.0,1,2,54,2
24.98,360,134693.8,128334.4,0.0,5,2,7,4
1.0,240,11821.16,12372.9,0.811916678,4,2,44,29
1.0,360,92904.41,93026.48,0.001312207,5,2,14,2
1.0,240,120888.02,121628.15,0.0060851867,4,2,14,1
94.0,300,80683.67,79027.44,0.0,4,2,24,2
44.0,240,0.0,156259.1,0.6878322792,5,2,49,25
0.0,300,31336.68,31655.95,0.0100856237,4,2,13,10
86.0,240,0.0,91372.7,1.0,5,2,36,0
1.0,240,0.0,105113.83,0.7936779496,5,2,19,1
0.0,300,0.0,50897.06,1.0,4,2,18,1
1.0,180,0.0,53927.01,1.0,4,2,20,12
94.0,240,72085.31,71880.96,0.0,4,2,28,1
1.0,222,13455.71,4872.83,0.9734733204,3,2,27,40
24.98,240,20600.33,19706.79,0.0,3,2,28,19
24.98,230,20374.95,22023.33,0.9024148483,3,2,28,31
14.0,360,97716.05,98637.69,0.00934369,5,2,10,0
56.0,240,35346.05,34756.6,0.0,3,4,46,9
37.0,240,0.0,96330.48,0.7003532093,5,2,11,55
89.0,84,36154.75,37975.47,0.0,5,2,47,2
94.0,240,42317.39,43588.41,0.0,4,2,25,3
0.0,300,69285.03,69666.92,0.0054816547,4,2,24,1
90.0,204,10884.43,29123.68,0.7450841433,4,3,38,51
2.0,240,129552.73,131724.19,0.0164848992,5,2,19,1
9.0,360,0.0,150696.52,1.0,5,2,19,1
94.0,230,8251.55,9657.11,0.885850943,3,2,28,52
1.0,300,59720.93,61197.36,0.0241257139,4,2,11,4
4.0,240,0.0,74642.02,1.0,4,2,7,13
64.0,240,13065.59,13207.02,0.0,4,2,17,7
0.0,360,136805.71,127882.55,0.0,5,2,8,6
0.0,240,199009.98,125155.75,1.0,5,2,17,34
37.0,360,99266.46,98971.8,0.0,5,2,8,7
5.0,300,91660.75,92081.0,0.0045639166,4,2,20,5
0.0,240,312441.13,247873.04,0.0,5,2,25,19
11.0,240,42141.3,46656.39,0.0967732394,4,2,35,10
5.0,240,0.0,15631.86,1.0,5,2,17,4
24.98,180,0.0,55968.2,1.0,1,2,8,3
89.0,204,40887.89,42902.45,0.0,4,3,13,16
24.98,240,52737.24,49768.88,0.0,5,2,18,5
1.0,236,14422.09,14582.15,1.0,3,4,19,44
96.0,240,49341.23,49844.62,0.0,5,2,9,7
0.0,240,0.0,130065.45,1.0,4,2,34,10
94.0,213,19560.93,15621.04,0.8283270512,3,4,22,26
2.0,300,60385.24,61073.03,0.0112617632,4,2,14,0
5.0,300,58115.67,60400.94,0.0378350072,4,2,17,3
5.0,360,0.0,117509.19,1.0,5,2,23,8
93.0,240,62884.98,63028.95,0.0,5,2,42,1
1.0,300,69579.38,67414.63,0.0,4,2,8,9
10.0,360,0.0,82785.95,1.0,5,2,26,10
1.0,360,0.0,119693.57,1.0,5,2,29,2
94.0,240,33614.89,33150.39,0.0,4,2,21,15
13.0,240,0.0,80189.45,1.0,5,2,40,4
94.0,240,54871.61,54728.1,0.0,4,2,12,1
1.0,218,28572.13,26962.85,1.0,3,2,49,26
1.0,240,10526.92,11832.75,0.1103572711,3,2,33,21
77.0,240,99850.65,99326.26,0.0,4,2,19,0
1.0,204,16214.63,22521.61,0.7616089163,4,3,26,60
5.0,317,102441.71,103872.04,0.0137701156,5,2,21,13
1.0,300,51033.7,52765.09,0.0328131725,4,2,22,3
2.0,240,21856.37,26648.93,0.1798406165,3,4,48,9
1.0,120,20832.79,28816.66,0.5963635421,5,2,24,32
24.98,240,82240.11,75003.39,0.0,4,2,34,7
1.0,240,0.0,65211.7,1.0,5,2,53,4
24.98,300,0.0,70649.08,1.0,4,2,11,1
10.0,118,53568.96,57294.25,0.0,5,2,25,2
1.0,360,0.0,57513.45,1.0,5,2,15,25
1.0,240,70963.51,40460.62,1.0,5,2,34,39
24.98,240,105719.26,101783.79,0.0,5,2,47,4
1.0,240,35528.98,34934.83,0.0,3,4,41,14
45.0,204,0.0,14157.37,1.0,1,2,81,3
24.98,230,20375.0,21987.3,0.9273162235,3,2,28,31
65.0,340,0.0,115716.32,1.0,5,2,25,3
1.0,300,0.0,47631.62,1.0,4,2,12,15
94.0,236,16075.98,19288.84,0.924157181,3,2,14,65
13.0,240,0.0,81711.73,1.0,4,2,7,1
24.98,240,54370.77,38855.71,0.8672139103,5,2,12,37
24.98,240,36617.5,39733.58,0.0062673488,4,2,44,3
52.0,218,33435.52,17708.46,0.9303637922,3,4,24,40
4.0,240,5617.24,1763.18,0.9190383285,3,4,8,53
3.0,240,0.0,66185.85,0.6638899428,1,2,75,5
2.0,225,4136.82,11565.85,0.0,3,2,46,22
4.0,360,0.0,74693.85,1.0,5,2,13,3
4.0,360,0.0,261858.59,1.0,5,2,20,5
1.0,240,19337.3,14500.21,0.931160997,3,4,20,37
95.0,300,60102.23,60595.07,0.0081333349,4,2,17,5
14.0,120,10243.74,12187.88,0.1595142059,5,2,41,4
0.0,240,15574.08,46470.43,0.7592290796,5,2,23,40
4.0,300,0.0,47137.99,1.0,4,2,20,2
52.0,240,10902.7,11402.52,0.04383417,3,2,50,5
1.0,300,0.0,76466.71,1.0,4,2,15,5
1.0,240,0.0,79447.97,1.0,5,2,30,18
0.0,230,13897.39,13848.86,0.9768486359,3,4,33,29
2.0,300,0.0,36068.42,1.0,4,2,10,6
1.0,240,43941.03,45781.09,0.0,4,2,47,18
1.0,360,467393.96,364336.7,0.0,5,2,16,24
1.0,240,0.0,129350.57,1.0,5,2,42,19
1.0,180,0.0,215414.75,1.0,5,2,40,9
13.0,232,15387.01,9681.04,0.8861651228,3,2,27,36
24.98,300,77569.43,74926.32,0.0,4,2,7,7
0.0,240,0.0,113957.47,1.0,5,2,41,10
24.98,240,22545.84,23390.0,0.0,1,2,77,14
1.0,240,0.0,113044.7,1.0,5,2,11,8
1.0,240,26238.27,26426.01,0.9937050656,3,4,26,32
9.0,300,0.0,42624.22,1.0,4,2,26,1
6.0,360,0.0,51370.7,1.0,5,2,47,1
5.0,300,0.0,43258.3,1.0,4,2,11,1
5.0,300,0.0,52545.74,1.0,4,2,15,4
4.0,228,11638.57,12544.49,0.0722165668,4,2,71,15
14.0,180,0.0,105626.1,1.0,5,2,27,6
52.0,240,32164.56,40979.94,0.79510754,4,2,7,62
24.98,240,190386.39,157127.18,0.0,5,2,21,15
24.98,232,15418.32,12517.1,0.9676298823,3,2,31,32
17.0,222,13549.34,13723.4,0.9654684699,3,4,32,51
94.0,240,40917.38,45302.67,0.0,5,2,13,14
6.0,240,0.0,74601.4,0.7057424355,5,2,18,0
1.0,240,0.0,72307.8,0.7178683653,4,2,24,18
89.0,240,93390.11,90484.05,0.0,5,2,13,15
1.0,240,0.0,19692.31,1.0,4,2,59,8
40.0,240,0.0,114210.5,1.0,5,2,26,7
24.98,360,110344.39,106003.33,0.0,5,2,9,4
53.0,360,48254.39,52878.25,0.0874435141,5,2,14,5
4.0,300,0.0,51403.5,1.0,4,2,10,3
5.0,360,0.0,176358.24,1.0,5,2,23,1
94.0,230,20375.0,22011.42,0.8990819311,3,2,28,31
1.0,360,0.0,137315.21,1.0,5,2,30,1
1.0,240,23436.5,21448.27,0.0,4,2,10,22
56.0,230,10496.91,11653.71,0.9199945768,3,4,38,46
1.0,240,0.0,33986.57,1.0,4,2,54,1
24.98,240,77999.7,86806.36,0.101451783,4,2,44,6
24.98,360,327456.32,323071.39,0.0,5,2,18,1
8.0,220,0.0,28876.73,0.7589908377,4,2,26,2
2.0,360,120781.04,122214.12,0.0117259773,5,2,15,9
1.0,360,0.0,48383.74,1.0,5,2,9,8
22.0,240,25210.26,26637.58,0.9710559293,3,4,13,46
24.98,360,93011.67,101507.38,0.0,5,2,10,10
24.98,240,108848.81,107474.46,0.0,1,2,22,18
30.0,360,0.0,118247.6,1.0,5,2,31,5
11.0,120,0.0,19783.11,1.0,5,2,34,2
64.0,360,79755.76,79469.18,0.0,5,2,12,1
96.0,180,27071.02,34917.86,0.6884891133,5,2,33,34
1.0,222,11956.52,5602.36,0.9228378755,3,2,22,48
77.0,180,52712.05,59952.63,0.1207716826,5,2,50,1
24.98,240,231351.07,215794.07,0.0,5,2,20,6
1.0,220,13969.77,11390.42,0.9421671896,3,4,18,61
73.0,300,0.0,52002.1,1.0,4,2,17,2
94.0,234,13507.03,14125.48,0.9600764009,3,2,14,60
1.0,295,0.0,55781.22,1.0,4,2,11,13
1.0,240,10902.69,12054.38,0.0955412058,3,2,35,20
25.0,232,15189.29,18071.38,0.9288383068,3,2,24,59
52.0,120,0.0,96605.43,1.0,5,2,19,5
0.0,300,0.0,64189.33,1.0,4,2,8,9
24.98,240,106888.49,93536.5,0.0,5,2,14,12
0.0,345,369958.66,326380.69,0.0,5,2,14,10
24.98,300,79430.41,76960.68,0.0,4,2,7,6
21.0,240,0.0,22916.12,1.0,4,2,37,4
17.0,222,13550.35,12643.91,0.9665578132,3,4,30,53
11.0,240,0.0,123051.8,1.0,5,2,19,4
24.98,240,84650.45,75167.9,0.0,5,2,31,11
0.0,240,0.0,25919.44,1.0,4,2,14,10
0.0,300,46986.08,43192.7,0.0,4,2,17,10
24.98,180,14712.44,33367.98,0.7523987099,4,2,26,30
23.0,300,0.0,52867.71,1.0,4,2,26,2
90.0,221,23779.42,20171.85,0.9257088467,3,4,31,33
8.0,300,26135.2,24782.94,0.0,4,2,11,6
94.0,300,0.0,61846.11,1.0,4,2,18,5
1.0,300,0.0,65260.3,1.0,4,2,12,3
68.0,218,33500.33,17724.5,0.9266659144,3,4,24,40
4.0,307,0.0,167290.83,1.0,5,2,15,21
0.0,240,0.0,93393.98,1.0,5,2,35,4
96.0,168,0.0,58052.14,1.0,5,2,14,2
94.0,203,6808.7,8799.2,0.8286014638,3,4,23,42
24.98,240,35407.24,34724.42,0.0,5,2,15,2
1.0,240,0.0,38741.84,1.0,4,2,35,6
24.98,300,0.0,54949.51,1.0,4,2,15,2
61.0,180,30094.95,42644.41,0.0,1,2,71,19
4.0,240,0.0,84230.78,0.8840728108,5,2,25,31
2.0,360,0.0,120943.43,1.0,5,2,13,6
94.0,230,11483.4,13831.38,0.9100357303,3,4,33,29
3.0,300,64387.25,62357.54,0.0,4,2,15,6
94.0,240,85646.4,84348.35,0.0,5,2,13,4
4.0,240,0.0,129117.95,1.0,5,2,17,1
24.98,218,14774.83,9484.14,0.9284458053,3,4,17,32
91.0,222,13473.23,12643.91,0.9697609363,3,4,30,53
96.0,240,46149.46,49842.8,0.6821180475,4,2,42,25
0.0,360,0.0,271790.26,1.0,5,2,10,3
94.0,240,45064.85,54368.96,0.7659661965,4,2,33,32
93.0,218,33712.1,17827.17,0.9033570668,3,4,24,40
1.0,228,24395.9,14093.0,0.8966046974,3,4,14,60
24.98,240,71043.18,77493.74,0.0,4,2,27,12
1.0,240,82803.78,75064.55,0.0,4,2,9,15
14.0,360,144538.93,134367.86,0.0,5,2,17,7
5.0,240,0.0,85139.85,0.7186206968,5,2,23,1
1.0,360,144837.29,149099.19,0.028584327,5,2,8,3
5.0,300,0.0,74656.63,1.0,4,2,7,1
18.0,300,42609.59,40963.32,0.0,4,2,21,3
24.98,240,36205.36,34934.23,0.0,4,2,30,4
0.0,240,191352.54,150504.37,0.0,5,2,16,19
24.98,200,66127.94,70239.98,0.0,5,2,14,14
89.0,224,15026.81,17852.06,0.9312919629,3,2,17,55
53.0,240,84521.03,84650.84,0.0,5,2,12,1
1.0,300,0.0,36430.75,1.0,4,2,19,9
4.0,240,10515.66,8987.99,0.0,3,4,35,18
0.0,48,545.28,60975.19,0.9910573464,5,2,39,12
1.0,300,0.0,30438.85,1.0,4,2,20,9
1.0,232,15190.65,18060.11,0.9272479514,3,2,24,59
61.0,300,93754.25,92204.02,0.0,4,2,14,1
1.0,180,52916.16,51870.82,0.0,4,3,20,3
4.0,300,50838.15,49469.82,0.0,4,2,25,5
44.0,240,54271.03,54430.33,0.0,5,2,32,5
93.0,218,28305.55,24509.64,0.0,3,4,39,17
56.0,204,53049.16,59343.68,0.7761138937,4,2,12,47
4.0,236,21260.47,10966.23,0.0,3,2,55,13
81.0,236,18396.86,17154.46,0.9296806778,3,2,24,41
0.0,275,311073.26,266090.48,0.0,5,2,10,13
13.0,300,0.0,46579.45,1.0,4,2,18,4
56.0,300,0.0,29675.22,0.8534202265,4,2,10,28
1.0,96,27556.66,28213.55,0.0232827843,5,2,32,9
12.0,120,0.0,86890.73,0.6770932853,5,2,23,11
24.98,204,27527.86,28542.06,0.0,4,3,39,6
94.0,180,30174.9,30199.81,0.0008248396,1,2,65,1
0.0,360,29050.0,33252.63,0.0,5,2,16,19
6.0,240,33197.96,38938.1,1.0,4,2,35,27
0.0,222,11455.64,4342.46,0.8772377869,3,2,13,52
4.0,300,0.0,67491.77,1.0,4,2,27,7
24.98,120,15185.23,18760.74,0.0148943697,1,2,60,7
24.98,180,28384.39,28846.01,0.0,5,2,35,23
77.0,240,116465.67,160584.02,0.0,5,2,39,15
1.0,119,0.0,61711.68,1.0,5,2,33,11
1.0,240,26189.38,26826.88,0.023763479,3,4,39,19
24.98,180,122409.94,112568.63,0.0,1,2,19,6
24.98,225,16826.75,19464.36,0.9111519721,3,2,28,52
24.98,236,10021.06,7449.14,0.9732183849,3,2,15,29
56.0,240,0.0,59213.43,1.0,4,2,24,3
24.98,300,0.0,58862.84,1.0,4,2,11,3
73.0,240,67980.83,65120.36,0.0,5,2,29,15
49.0,300,0.0,38773.42,1.0,4,2,7,2
24.98,222,11455.64,4293.1,0.9116908528,3,2,13,52
70.0,240,8309.95,9651.4,0.8894885716,3,2,15,49
0.0,240,45420.09,42071.92,0.0,4,2,30,12
1.0,240,0.0,60612.26,0.5671916059,5,2,28,8
5.0,180,0.0,76428.26,1.0,5,2,39,4
7.0,360,0.0,250527.93,1.0,5,2,8,3
24.98,60,26227.54,38268.17,0.314638249,1,2,23,2
1.0,240,71616.49,69930.37,0.0,5,2,29,20
1.0,234,25481.53,27431.0,0.0710681346,3,4,39,19
1.0,360,0.0,109323.23,1.0,5,2,23,5
3.0,300,63136.82,68300.13,0.0,4,2,8,13
94.0,236,3488.33,5711.66,0.8788951023,3,4,18,64
0.0,300,0.0,68045.14,1.0,4,2,10,8
5.0,223,13116.06,7128.69,0.9282210336,3,2,41,30
45.0,240,54568.42,59608.75,0.0,5,2,15,5
34.0,240,0.0,69762.08,1.0,4,2,60,9
1.0,204,0.0,31654.9,1.0,4,2,27,16
24.98,204,44651.13,58099.33,0.1271894677,4,3,10,3
24.98,228,12641.7,16364.52,0.9103145097,3,4,44,33
93.0,240,60499.64,61236.73,0.0,5,2,29,0
24.98,222,11455.23,4285.37,0.9170246676,3,2,13,52
1.0,240,55012.78,50379.36,0.0,5,2,15,8
1.0,236,10176.11,13231.25,0.2309033538,3,4,46,17
0.0,240,0.0,29681.43,1.0,5,2,18,19
0.0,310,148036.89,114694.5,0.0,5,2,15,22
24.98,240,26816.2,30991.64,0.7644990849,4,2,16,26
0.0,240,260528.16,255036.88,0.0,5,2,15,2
1.0,240,0.0,57470.61,1.0,5,2,37,7
25.0,240,198056.86,187709.36,0.0,5,2,15,7
1.0,310,0.0,214013.58,1.0,5,2,27,5
24.98,300,0.0,74959.32,1.0,4,2,11,5
1.0,236,21302.87,13201.44,0.9345457768,3,2,7,66
8.0,335,0.0,71703.9,1.0,5,2,11,12
1.0,300,0.0,47215.61,1.0,4,2,33,9
13.0,300,0.0,61188.68,1.0,4,2,8,3
4.0,240,97342.61,96399.25,0.0,5,2,24,2
94.0,224,15053.73,17840.36,0.8947212949,3,2,17,55
5.0,300,0.0,43318.26,1.0,4,2,25,6
24.98,204,17763.85,36424.36,0.7574505811,4,3,26,44
24.98,360,193958.72,173244.75,0.0,5,2,9,10
2.0,360,112359.54,113885.07,0.0133953467,5,2,10,15
94.0,240,19221.73,19740.36,0.0,3,2,38,23
24.98,200,197160.33,207414.03,0.0494359036,5,2,19,7
24.98,240,78349.24,70917.81,0.0,5,2,21,9
6.0,240,0.0,76645.65,1.0,5,2,29,2
24.98,240,96526.18,97318.71,0.0,5,2,23,17
1.0,240,14871.81,16816.65,0.1156496686,3,4,41,20
1.0,240,10527.25,11789.42,0.10705955,3,2,34,20
24.98,300,0.0,56035.39,1.0,4,2,12,2
94.0,236,18396.86,17154.71,0.9265775988,3,2,24,41
5.0,120,0.0,1960.87,1.0,2,2,114,6
1.0,360,0.0,23535.96,1.0,5,2,39,4
24.98,240,77050.0,70359.1,0.0,5,2,41,5
19.0,240,0.0,57356.56,1.0,4,2,18,17
31.0,230,22641.04,23080.6,0.9642704262,3,4,29,46
1.0,360,34993.34,33621.31,0.0,5,2,12,4
1.0,240,25356.87,26623.33,0.9777548488,3,4,13,46
94.0,230,11483.41,13830.91,0.9317441875,3,4,33,29
75.0,236,15882.33,21420.75,0.8557510825,3,4,24,37
56.0,230,11554.53,13835.15,0.9450848021,3,4,33,29
1.0,236,19985.41,21720.54,1.0,3,4,19,42
96.0,230,9460.59,9703.59,0.0,3,2,28,23
4.0,300,0.0,61316.93,1.0,4,2,22,3
1.0,300,68316.33,62285.41,0.0,4,2,10,13
94.0,224,14961.61,17840.36,0.8940609943,3,2,17,55
24.98,60,9592.02,13783.82,0.0237060601,5,2,23,5
19.0,360,168821.03,172945.78,0.0238499604,5,2,11,0
0.0,360,0.0,119011.6,1.0,5,2,11,3
0.0,240,57607.46,56311.78,0.0,5,2,37,2
0.0,240,105348.61,108551.16,0.0,5,2,22,1
24.98,240,65165.0,55240.35,0.0,5,2,17,15
0.0,300,77008.08,71074.55,0.0,5,2,27,21
30.0,204,11607.73,14227.26,0.0,4,3,64,23
24.98,240,162053.23,144725.58,0.0,1,2,40,14
70.0,240,10001.24,11346.09,0.0,3,2,33,24
18.0,360,0.0,24255.42,1.0,5,2,13,2
77.0,360,0.0,121196.48,1.0,5,2,19,0
76.0,180,75302.86,101815.03,0.7019404239,5,2,19,32
65.0,240,247880.71,232197.29,0.0,5,2,20,6
4.0,240,0.0,64466.86,0.7541667287,4,2,18,20
1.0,300,0.0,73992.5,1.0,5,2,21,1
4.0,360,0.0,78319.17,1.0,4,2,21,1
1.0,240,0.0,59777.14,1.0,5,2,26,20
17.0,240,10516.45,8972.09,0.0,3,4,35,18
1.0,120,158959.76,147626.66,0.0,1,2,15,3
0.0,300,25664.5,28074.33,0.0858374893,4,2,33,3
70.0,236,21260.47,9860.01,0.9649067293,3,2,28,40
24.98,240,199267.88,194765.73,0.0,5,2,7,2
9.0,240,33789.96,33340.32,0.0,5,2,27,2
46.0,300,0.0,145156.42,1.0,5,2,27,0
24.98,232,15418.32,12529.44,0.967661763,3,2,31,32
0.0,360,203339.93,214419.48,0.0516723107,5,2,9,2
5.0,234,21124.83,28145.42,0.9009625722,3,4,28,32
1.0,240,0.0,53505.53,0.789079304,5,2,38,33
56.0,229,15067.1,18001.08,0.8990488348,3,2,33,50
1.0,240,115123.8,73339.12,1.0,5,2,16,38
94.0,216,8307.29,10630.89,0.8844019645,3,4,15,49
1.0,360,114066.46,115691.52,0.0,5,2,14,1
41.0,204,44925.53,45567.85,0.0140959031,4,2,33,1
0.0,240,82336.21,72342.84,0.0,5,2,12,12
2.0,360,142316.4,134513.02,0.0,5,2,25,5
1.0,240,60984.79,68072.07,0.10411436,5,2,19,5
10.0,240,26316.66,26410.13,0.9751917162,3,4,25,30
24.98,240,42523.21,38725.48,0.0,4,2,25,8
45.0,240,122798.57,130569.79,0.7497865615,1,2,10,27
56.0,360,0.0,118602.69,1.0,5,2,12,1
68.0,218,32678.44,15751.6,0.9019553569,3,4,22,43
1.0,300,0.0,57219.13,1.0,4,2,21,2
24.98,180,73671.87,71448.6,0.0,4,3,30,18
0.0,300,54402.99,51631.85,0.0,4,2,9,9
8.0,300,0.0,45788.92,1.0,4,2,24,4
2.0,80,0.0,16288.62,1.0,5,2,35,4
24.98,222,7645.42,5537.84,0.9276577149,3,2,17,55
24.98,218,14775.27,9546.59,0.9284006122,3,4,17,32
5.0,300,0.0,86771.52,1.0,5,2,27,5
93.0,240,62113.03,59784.67,0.0,4,2,29,8
67.0,240,25210.25,27907.31,0.0,3,4,37,22
6.0,240,0.0,72006.54,1.0,4,2,31,3
24.98,300,183716.96,201531.76,0.0883969852,5,2,9,4
5.0,300,0.0,39179.89,1.0,4,2,22,1
24.98,240,40305.62,45066.81,0.0,5,2,16,5
24.98,120,54567.0,69110.91,0.21044304,1,2,25,6
0.0,180,0.0,13526.8,0.6412340699,1,2,52,36
22.0,240,0.0,105205.26,1.0,5,2,36,2
24.98,360,0.0,156018.48,1.0,5,2,14,1
52.0,360,0.0,119861.97,0.7863159396,4,2,23,26
0.0,300,79546.18,57940.02,0.0,4,2,14,14
13.0,300,0.0,38605.22,1.0,4,2,20,2
94.0,216,5710.35,8869.51,0.8793653764,3,4,18,52
24.98,220,13928.64,11390.42,0.9371981016,3,4,18,61
1.0,300,0.0,69459.04,1.0,4,2,19,16
1.0,236,21260.47,9859.99,0.9830466359,3,2,28,40
24.98,300,59650.86,55991.0,0.0,4,2,9,9
24.98,240,70944.86,62603.72,0.0,5,2,12,23
0.0,332,0.0,115917.41,1.0,5,2,17,17
24.98,300,94654.41,89383.08,0.0,4,2,11,6
24.98,240,42589.34,51164.49,0.0,5,2,27,16
24.98,222,7645.42,5537.83,0.9277009226,3,2,17,55
1.0,300,0.0,44079.46,1.0,4,2,15,4
1.0,360,0.0,125421.7,1.0,5,2,15,12
1.0,240,10249.71,11986.19,0.9723848863,3,2,23,32
83.0,229,15120.22,17930.3,0.9395224843,3,2,24,59
1.0,300,64755.61,78292.78,0.1729044492,4,2,10,12
5.0,300,0.0,43376.89,1.0,4,2,20,3
1.0,240,0.0,30651.21,1.0,4,2,39,11
24.98,27,3070.78,11924.34,0.7424779904,1,2,26,1
0.0,240,20396.96,22628.46,0.0986147533,3,2,41,17
4.0,180,21019.55,25657.86,0.7121082344,5,2,22,33
24.98,240,67331.7,75356.4,0.0124476573,5,2,24,11
24.98,204,85422.5,94141.86,0.0926193725,4,2,28,4
38.0,180,56225.23,56295.02,0.0,5,2,11,1
24.98,360,0.0,130084.97,1.0,5,2,9,6
1.0,300,0.0,38956.06,1.0,4,2,27,1
5.0,360,0.0,136415.01,1.0,5,2,16,2
94.0,230,8256.86,9612.49,0.8951031418,3,2,28,52
2.0,236,21223.83,11065.88,0.0,3,2,54,14
24.98,240,39193.49,44303.89,0.0,1,2,41,8
53.0,300,0.0,61368.67,1.0,4,2,11,8
3.0,234,9793.75,10616.96,0.0775372611,3,2,75,6
94.0,240,69744.14,64485.47,0.0,5,2,16,18
5.0,180,0.0,41310.04,0.9378129025,5,2,15,31
11.0,300,86299.21,93741.08,0.0793875001,4,2,27,7
24.98,300,0.0,54717.68,1.0,4,2,15,3
0.0,236,21260.47,9850.66,0.9839645262,3,2,28,40
2.0,300,0.0,41775.88,1.0,4,2,25,1
1.0,360,0.0,193283.33,1.0,5,2,19,2
1.0,240,0.0,134757.74,1.0,5,2,23,2
24.98,240,75541.77,70547.88,0.0,5,2,19,6
24.98,300,38403.21,38053.76,0.0,4,2,17,1
1.0,300,0.0,78257.04,1.0,4,2,21,2
0.0,240,108627.44,82692.55,0.0,5,2,17,24
2.0,222,15438.79,17226.18,0.0,3,2,63,11
24.98,239,52999.68,60176.96,0.0,5,2,52,4
28.0,202,151283.84,164421.97,0.0,5,2,9,8
0.0,300,0.0,85616.96,1.0,5,2,11,16
1.0,228,15187.72,17288.87,0.1215319451,3,4,54,12
1.0,360,0.0,96544.26,1.0,5,2,10,4
2.0,300,0.0,74862.83,1.0,4,2,10,8
65.0,300,0.0,53706.37,1.0,4,2,18,5
11.0,240,0.0,76191.75,1.0,5,2,25,5
24.98,180,159587.53,146559.79,0.0,5,2,40,7
2.0,225,11346.02,11558.32,0.0,3,2,46,22
24.98,232,15412.64,9633.86,0.94147621,3,2,27,36
94.0,240,12515.97,14818.41,0.8776245225,3,2,27,33
17.0,300,0.0,36496.57,1.0,4,2,37,1
5.0,180,98354.79,103019.98,0.0,5,2,12,5
0.0,300,71765.64,71330.05,0.0,4,2,23,1
13.0,300,0.0,81720.66,1.0,4,2,15,1
24.98,360,98993.78,90072.63,0.0,5,2,14,9
13.0,240,124735.07,130855.27,0.0,5,2,15,21
45.0,300,0.0,54481.49,1.0,4,2,26,1
9.0,360,0.0,28444.09,1.0,5,2,13,12
0.0,240,0.0,132475.89,1.0,5,2,23,0
82.0,300,40186.78,39871.23,0.0,4,2,28,6
0.0,300,31082.41,30506.83,0.0,4,2,18,2
7.0,120,20033.3,52305.29,0.6331911922,4,2,12,44
24.98,240,19368.44,20950.98,0.0,3,2,26,21
0.0,300,59286.35,59573.24,0.0048157528,4,2,10,12
2.0,300,0.0,123070.28,1.0,5,2,28,5
1.0,240,7587.44,9074.94,0.1639129295,3,2,33,24
12.0,240,0.0,108080.44,1.0,5,2,19,1
1.0,300,0.0,51573.54,1.0,4,2,19,1
56.0,218,32777.21,15683.59,0.9196255449,3,4,22,43
13.0,240,0.0,64744.34,0.6990501462,5,2,44,13
94.0,234,13502.94,14178.79,0.9497326641,3,2,14,60
9.0,300,0.0,88414.64,1.0,4,2,24,8
4.0,240,114682.98,125225.36,0.0841872605,5,2,13,22
2.0,119,30050.32,44081.16,0.6245362563,5,2,41,26
94.0,240,25381.48,28011.38,0.0938868417,4,2,45,3
31.0,234,7451.93,9821.72,0.881722346,3,2,30,55
65.0,360,0.0,445041.02,1.0,5,2,26,1
1.0,229,15067.09,16631.18,0.094045642,3,2,72,11
56.0,240,12814.37,14964.59,0.9105869255,3,2,26,37
1.0,220,14236.71,11441.53,0.927324405,3,4,18,61
29.0,240,54073.85,63237.01,0.1449018542,5,2,48,11
24.98,240,47968.95,67343.42,0.7121876851,1,2,64,45
10.0,360,93539.45,91449.57,0.0,5,2,33,16
11.0,240,0.0,41270.53,1.0,4,2,25,7
1.0,228,13211.32,12084.79,0.9803562991,3,2,23,39
24.98,240,46409.25,41612.14,0.0,5,2,20,8
24.98,360,95902.55,92507.88,0.0,5,2,9,5
1.0,240,26316.66,26470.34,0.9879449981,3,4,22,33
1.0,300,38017.21,36001.21,0.0,4,2,11,9
15.0,218,32757.11,15691.5,0.9175419813,3,4,22,43
44.0,180,0.0,18433.81,1.0,5,2,42,1
0.0,340,84477.54,73423.91,0.0,5,2,13,12
13.0,225,0.0,55542.12,1.0,4,2,19,1
24.98,120,0.0,66875.93,1.0,5,2,13,5
1.0,300,0.0,73323.69,1.0,4,2,11,1
85.0,240,19221.67,19908.59,0.9680092864,3,2,19,42
1.0,240,42825.5,37184.46,0.0,5,2,7,11
45.0,360,0.0,84038.46,1.0,5,2,20,2
46.0,240,0.0,121090.02,1.0,5,2,28,6
2.0,240,11057.87,11441.84,0.9762214819,3,2,25,30
24.98,60,26900.6,25468.81,0.0,5,2,40,3
24.98,240,85401.23,85704.11,0.0,5,2,20,13
73.0,300,0.0,42794.76,1.0,4,2,39,2
1.0,360,0.0,108955.76,1.0,5,2,23,3
3.0,360,206265.89,205184.45,0.0,5,2,29,2
12.0,240,0.0,183567.53,1.0,5,2,23,20
85.0,240,33969.05,33432.85,0.0,1,2,93,4
1.0,240,10902.69,12053.77,0.0954954342,3,2,35,20
1.0,360,94759.56,92322.46,0.0,5,2,15,2
1.0,222,11450.79,4301.37,0.9336699703,3,2,18,47
96.0,180,13528.55,17123.17,0.0,1,2,50,19
1.0,228,16095.37,18734.37,0.8598063346,3,2,43,28
24.98,240,88888.86,79103.28,0.0,5,2,18,11
94.0,96,24304.28,27881.98,0.0,1,2,59,9
1.0,240,0.0,101505.92,1.0,5,2,36,4
7.0,240,0.0,34868.44,0.8001373286,4,2,27,1
24.98,220,60571.87,66010.31,0.0,5,2,31,10
6.0,240,0.0,109118.44,0.7639149094,5,2,26,18
17.0,300,0.0,66502.71,1.0,4,2,26,2
32.0,236,21262.15,15615.22,0.0,3,2,58,10
90.0,60,860.03,24993.37,0.0,5,2,29,22
24.98,240,79458.73,73873.94,0.0,5,2,16,6
5.0,300,56771.81,55292.27,0.0,4,2,20,5
18.0,360,123830.15,127188.61,0.7579372507,5,2,15,34
1.0,360,80345.37,79485.13,0.0,5,2,13,1
24.98,240,87182.89,80194.41,0.0,4,2,20,8
0.0,300,0.0,65736.57,1.0,4,2,14,12
1.0,360,0.0,92446.01,1.0,5,2,9,12
1.0,234,14892.43,14550.84,0.9731967364,3,2,32,48
7.0,120,13114.62,23982.12,0.0,1,2,68,19
41.0,360,98736.52,99674.49,0.0094103316,5,2,21,1
95.0,300,0.0,56460.47,1.0,4,2,23,3
24.98,240,35629.03,35582.1,0.0,3,4,39,1
56.0,360,0.0,185956.45,1.0,5,2,25,1
8.0,240,0.0,39010.98,0.7520760865,5,2,37,31
0.0,360,0.0,267472.25,1.0,5,2,8,3
24.98,180,41512.97,39364.31,0.0,5,2,48,4
24.98,240,23531.37,24245.97,0.0,4,2,26,23
5.0,222,13116.06,7128.69,0.9282210336,3,2,41,30
0.0,360,0.0,94671.22,1.0,5,2,13,6
5.0,236,9493.28,9551.46,0.9717729017,3,2,46,40
24.98,240,64910.82,72090.9,0.0,5,2,22,18
0.0,360,0.0,56927.62,1.0,5,2,12,6
1.0,240,153609.2,98610.78,0.6979432579,5,2,15,44
85.0,240,39101.37,38445.45,0.0,4,2,16,13
35.0,300,0.0,40494.04,1.0,4,2,21,1
24.98,240,80902.7,79507.17,0.0,5,2,10,7
60.0,240,10220.42,12003.89,0.8621396897,3,2,21,33
90.0,240,68851.91,67191.61,0.0,5,2,31,3
24.98,240,180242.63,165604.69,0.0,5,2,23,6
94.0,240,19805.46,10326.84,0.0,3,4,15,21
67.0,300,0.0,79149.8,1.0,4,2,12,3
5.0,240,2972.51,6365.53,0.8299156277,4,2,37,50
24.98,180,51205.05,52035.75,0.0,5,2,36,3
90.0,120,62956.7,65970.86,0.0,5,2,38,19
6.0,240,0.0,22495.22,1.0,4,2,48,6
24.98,62,102707.85,92933.25,0.0,5,2,8,5
24.98,250,68107.13,59452.6,0.0,5,2,14,12
1.0,240,43843.6,40113.54,0.0,5,2,29,7
24.98,204,15272.09,14427.26,0.0,4,3,21,7
77.0,300,0.0,71612.59,1.0,4,2,19,1
0.0,240,0.0,62365.17,1.0,5,2,38,25
6.0,358,0.0,65479.65,1.0,5,2,18,9
24.98,360,148118.62,138051.7,0.0,5,2,11,6
1.0,240,0.0,19113.55,0.7771789256,4,2,19,3
4.0,240,22488.53,23707.47,0.0,4,2,22,8
1.0,240,0.0,11546.46,0.7845474727,4,2,46,14
1.0,240,0.0,50338.56,0.7529268669,4,2,26,2
24.98,240,49740.97,48011.84,0.0,5,2,27,2
17.0,220,5663.63,7137.24,0.908732227,3,2,18,65
94.0,240,32546.52,32836.33,0.0,4,2,31,2
94.0,236,3585.94,5640.18,0.8923598183,3,4,18,64
5.0,360,306461.28,317372.6,0.0343801576,5,2,17,1
4.0,240,0.0,80150.19,0.0,4,2,42,13
0.0,240,71198.67,65264.27,0.0,5,2,30,7
13.0,218,33627.21,17708.46,0.9303637922,3,4,24,40
0.0,240,71210.64,71161.08,0.0,5,2,24,2
76.0,180,14336.07,20874.61,0.6624810482,5,2,18,55
26.0,194,77807.2,77415.76,0.0,5,2,13,6
26.0,360,80299.01,80078.16,0.0,5,2,24,1
0.0,240,83882.28,80671.81,0.0,5,2,59,3
14.0,240,43664.38,52523.88,0.0,5,2,65,15
7.0,360,162959.64,162308.66,0.0,5,2,24,0
4.0,300,82511.69,84527.74,0.0238507501,5,2,11,1
1.0,240,0.0,16909.72,1.0,4,2,36,36
2.0,291,0.0,274884.68,1.0,5,2,16,7
24.98,300,0.0,102579.24,1.0,4,2,9,4
6.0,230,20374.99,22001.8,0.9373437628,3,2,28,31
0.0,240,20755.33,20945.65,0.0090863735,3,4,39,23
24.98,180,0.0,422020.07,1.0,1,2,12,4
1.0,360,0.0,48305.37,1.0,5,2,19,3
17.0,240,119324.68,116770.4,0.0,5,2,28,15
1.0,224,14435.24,16943.26,0.8610904867,3,2,50,26
94.0,224,14956.45,17840.36,0.9238148782,3,2,17,55
24.98,240,103779.76,92624.41,0.0,5,2,42,10
1.0,230,7788.13,8900.69,0.1249970508,3,2,48,19
17.0,360,146846.75,143463.24,0.0,5,2,10,3
0.0,300,70912.95,66760.58,0.0,4,2,12,9
24.98,240,83471.44,74646.08,0.0,5,2,14,10
4.0,240,0.0,103769.78,1.0,4,2,17,6
94.0,240,63167.96,69748.91,0.7332538725,1,2,29,28
24.98,240,23303.63,21712.88,0.0,4,2,30,17
3.0,240,0.0,62028.55,1.0,5,2,54,1
24.98,240,14055.48,48129.46,0.0,1,2,89,23
6.0,236,17504.87,16209.94,0.9327684125,3,2,24,41
1.0,240,0.0,28642.01,0.6845918793,4,2,7,3
8.0,225,11346.02,11574.47,0.0,3,2,46,22
24.98,222,26678.93,5925.51,0.9534504203,3,2,18,25
5.0,240,0.0,107201.06,1.0,5,2,25,2
3.0,239,0.0,84946.12,0.0,5,2,14,23
18.0,300,0.0,63266.26,1.0,4,2,27,2
1.0,180,0.0,191133.04,0.8070957271,5,2,13,6
89.0,240,106633.54,106783.86,0.0,5,2,16,3
1.0,240,0.0,44558.64,0.8799948629,4,2,10,29
2.0,360,0.0,166504.26,1.0,5,2,21,4
3.0,240,0.0,63629.6,1.0,4,2,22,1
8.0,234,9861.55,12992.13,0.9001464733,3,2,25,56
1.0,360,209410.05,185893.14,0.0,5,2,11,13
90.0,218,28317.99,24273.25,0.0,3,4,39,17
24.98,240,108566.65,106445.26,0.0,5,2,11,1
2.0,360,112975.86,107411.82,0.0,5,2,10,14
1.0,358,27795.68,29872.21,0.0695137722,5,2,19,3
2.0,300,83271.0,79706.12,0.0,4,2,7,7
45.0,230,13653.01,15967.72,0.9150930753,3,2,23,53
96.0,300,0.0,51913.18,1.0,4,2,20,1
24.98,180,116094.52,101290.46,0.0,1,2,47,9
24.98,222,26707.78,4399.68,0.9411722094,3,2,7,36
1.0,240,63288.97,59198.06,0.0,5,2,9,7
24.98,300,98811.38,94919.5,0.0,5,2,10,5
11.0,360,0.0,78060.95,0.7163728041,5,2,13,3
2.0,360,0.0,251310.11,1.0,5,2,9,11
24.98,360,0.0,120895.16,1.0,5,2,12,0
1.0,300,0.0,76432.03,1.0,4,2,18,8
91.0,240,19427.96,19484.57,0.0,4,2,39,4
1.0,300,0.0,60914.4,1.0,4,2,10,2
24.98,218,14774.88,9484.36,0.9379104125,3,4,17,32
70.0,232,15286.44,18060.11,0.9259633524,3,2,24,59
67.0,240,86660.87,86342.71,0.0,4,2,43,1
45.0,240,0.0,56458.19,1.0,4,2,41,5
46.0,360,13521.64,189243.92,0.9285491444,5,2,24,4
1.0,300,132272.54,120299.21,0.0,5,2,13,9
81.0,240,159874.31,141053.63,0.0,5,2,10,11
77.0,360,0.0,84090.3,1.0,5,2,14,5
11.0,360,0.0,43290.85,1.0,5,2,14,3
9.0,240,57993.27,58836.72,0.0143354354,4,2,40,2
95.0,236,18396.86,17152.53,0.92853649,3,2,24,41
64.0,204,44100.47,47212.91,0.0,4,3,40,9
1.0,237,0.0,39328.55,1.0,4,2,21,7
2.0,360,0.0,105241.87,1.0,4,2,9,1
2.0,360,0.0,259042.12,1.0,5,2,18,2
26.0,300,57325.6,56388.63,0.0,4,2,9,7
24.98,240,35619.47,35575.04,0.0,3,4,39,1
9.0,300,132282.81,130713.03,0.0,5,2,23,2
52.0,239,114014.94,114160.64,0.0012762718,5,2,22,1
2.0,240,0.0,75354.98,1.0,4,2,26,3
0.0,300,0.0,62429.65,1.0,4,2,8,3
1.0,236,11487.7,11900.78,1.0,3,4,20,51
91.0,180,88541.15,76239.6,1.0,4,2,21,25
40.0,240,108687.41,110605.8,0.0,5,2,15,2
1.0,234,14892.43,16023.46,0.9650287766,3,2,20,60
25.0,236,21262.15,15615.21,0.0,3,2,58,10
24.98,236,16108.8,19288.84,0.9208454215,3,2,14,65
0.0,228,17844.98,18744.6,1.0,3,4,34,32
56.0,240,30837.8,34352.03,0.0,4,2,32,11
25.0,300,37745.41,38818.1,0.0276337585,4,2,21,1
1.0,204,31122.98,27862.25,0.0,4,3,71,11
71.0,357,0.0,185081.79,1.0,5,2,28,7
1.0,228,13213.6,11973.01,0.9728338989,3,2,28,34
64.0,180,39216.74,46383.08,0.1545033232,4,3,58,13
31.0,240,0.0,46507.46,0.8035081556,4,2,22,3
0.0,300,20698.93,20757.16,0.0028052971,4,2,26,0
25.0,236,21260.47,15615.07,0.0,3,2,58,10
0.0,360,0.0,45055.43,1.0,5,2,20,3
5.0,300,0.0,68575.49,1.0,4,2,9,1
93.0,218,28245.8,24367.12,0.0,3,4,39,17
56.0,240,22154.31,21593.08,0.890818721,4,2,9,28
1.0,228,13215.18,12101.54,0.0,3,2,48,14
1.0,234,21347.05,15215.04,0.9796931194,3,2,18,40
24.98,240,63647.69,71790.49,0.0,5,2,23,13
96.0,300,0.0,149876.64,1.0,5,2,25,2
24.98,240,79385.72,74785.74,0.0,5,2,16,5
0.0,240,0.0,38199.09,1.0,4,2,30,18
3.0,240,0.0,77221.77,1.0,4,2,25,7
2.0,300,0.0,53745.83,1.0,4,2,29,3
9.0,240,0.0,101926.19,0.7254901909,4,2,21,2
1.0,239,0.0,17647.84,0.4726844572,1,2,56,2
12.0,239,0.0,65504.92,0.73397827,5,2,21,45
41.0,360,0.0,137325.27,1.0,5,2,23,1
6.0,240,0.0,189715.81,1.0,5,2,18,4
2.0,142,70404.51,68267.17,0.0,5,2,65,2
93.0,240,35457.85,57286.91,0.7752042365,5,2,16,25
3.0,295,0.0,190062.83,1.0,5,2,46,4
91.0,360,137245.82,135508.67,0.0,5,2,11,2
1.0,204,2097.26,36809.04,0.9430232356,5,2,60,8
14.0,240,0.0,91612.5,1.0,5,2,23,1
44.0,360,0.0,80726.94,1.0,5,2,33,5
1.0,222,11969.98,5545.67,0.9462661861,3,2,22,48
5.0,360,179539.03,170195.77,0.0,5,2,12,6
24.98,240,35355.49,47052.0,0.9629467056,1,2,82,29
24.98,228,28719.42,26803.61,0.0,3,4,41,18
24.98,204,80882.15,76662.56,0.0,1,2,37,4
93.0,360,152671.42,154146.98,0.0,5,2,15,6
24.98,180,37068.24,41676.37,0.0,5,2,16,8
0.0,240,10578.62,11848.36,0.1071658862,3,2,34,21
23.0,240,19917.25,20932.98,0.0,4,2,21,18
94.0,300,0.0,68837.05,1.0,4,2,43,2
2.0,180,0.0,27169.46,1.0,1,2,77,1
1.0,300,0.0,73554.97,1.0,4,2,15,16
5.0,360,0.0,112560.28,1.0,5,2,19,2
4.0,204,0.0,71519.26,0.7422490968,4,3,47,12
24.98,222,13455.71,4823.11,0.9846115888,3,2,27,40
23.0,360,195950.13,188438.55,0.0,5,2,19,4
4.0,240,0.0,44715.75,0.7133452909,5,2,31,5
24.98,240,67905.5,65660.85,0.0,5,2,8,7
1.0,240,26204.92,26790.59,1.0,3,4,21,38
1.0,300,84769.21,85631.32,0.0100676949,4,2,22,10
1.0,240,31862.48,36260.16,0.1212813181,5,2,57,5
24.98,240,117173.11,104798.7,0.0,5,2,13,10
1.0,180,7783.78,95881.26,0.918818547,5,2,37,3
83.0,300,0.0,47773.87,1.0,4,2,24,3
5.0,218,33725.38,17827.17,0.9033570668,3,4,24,40
0.0,300,0.0,117404.88,1.0,5,2,12,1
5.0,218,33427.46,17708.46,0.9303637922,3,4,24,40
24.98,204,17203.85,16889.36,0.0,4,3,26,2
8.0,300,0.0,72437.75,1.0,4,2,21,5
24.98,124,81798.55,90474.25,0.0,5,2,23,9
22.0,300,0.0,41908.25,1.0,4,2,22,1
2.0,300,0.0,38779.34,1.0,4,2,24,2
90.0,300,46103.33,47158.66,0.0223782864,5,2,15,1
89.0,240,41676.82,43228.16,0.0,5,2,23,1
2.0,120,0.0,40104.59,0.7088307134,5,2,46,29
0.0,233,21688.04,23721.48,0.0857214643,3,4,36,24
1.0,360,0.0,161448.82,1.0,5,2,23,1
0.0,360,0.0,51241.6,1.0,5,2,8,2
24.98,300,0.0,74896.59,1.0,4,2,12,1
0.0,240,0.0,22204.06,1.0,5,2,21,2
55.0,60,33213.55,44658.14,0.2562710852,1,2,21,3
5.0,222,13116.06,7176.04,0.9015780291,3,2,41,30
4.0,240,35619.41,37338.49,0.0460404264,4,2,38,13
93.0,236,7328.95,11491.06,0.8999622315,3,4,31,46
89.0,180,11096.91,41644.41,0.5915630694,1,2,58,31
93.0,240,0.0,52848.0,1.0,5,2,71,2
1.0,300,0.0,60821.38,1.0,4,2,9,6
1.0,300,0.0,15986.5,1.0,4,2,33,1
94.0,230,7419.42,11457.46,0.8909391785,3,4,19,61
1.0,300,0.0,102365.44,1.0,5,2,29,1
2.0,360,0.0,111112.61,1.0,5,2,12,11
24.98,300,48135.59,51097.1,0.0579584751,4,2,11,7
94.0,120,77670.06,95796.54,0.476646506,5,2,11,32
1.0,120,91594.18,63914.39,0.7202987928,5,2,23,55
1.0,300,79151.04,75207.36,0.0,4,2,17,8
4.0,240,35346.05,34914.6,0.0,3,4,43,12
1.0,240,0.0,61442.04,0.7633082495,5,2,23,33
53.0,300,0.0,83694.77,1.0,4,2,17,5
70.0,240,18211.83,18657.35,0.9460271689,3,2,20,35
1.0,240,21073.67,14500.21,0.9180232562,3,4,20,37
1.0,218,28572.13,28937.67,0.0126319776,3,2,59,16
24.98,180,50381.91,54253.58,0.0713624797,5,2,44,0
7.0,240,0.0,73477.21,1.0,1,2,116,11
10.0,218,0.0,92741.76,1.0,5,2,43,2
60.0,300,0.0,85237.6,1.0,4,2,15,3
24.98,240,103334.82,119219.76,0.0,5,2,21,11
24.98,240,43086.19,39516.22,0.0,5,2,14,7
24.98,232,15412.64,12509.38,0.9589827793,3,2,31,32
79.0,240,50402.6,49736.51,0.0,5,2,30,2
7.0,300,39214.58,38138.82,0.0,4,2,16,5
24.98,204,60856.09,66251.6,0.0,4,3,42,21
1.0,240,0.0,162624.37,1.0,5,2,35,2
56.0,300,82861.02,83765.41,0.0,5,2,12,24
1.0,360,0.0,71587.43,1.0,5,2,9,12
1.0,119,0.0,76136.56,1.0,5,2,9,4
1.0,222,12698.85,7656.59,1.0,3,2,39,30
24.98,240,26091.92,29958.78,0.0,4,2,20,18
93.0,230,11483.44,13832.12,0.9405261088,3,4,33,29
1.0,234,14892.43,14864.22,1.0,3,2,47,33
2.0,240,0.0,126367.47,0.0,5,2,30,23
1.0,360,0.0,158411.98,1.0,5,2,14,12
84.0,228,20653.39,23065.07,0.0,3,2,41,17
1.0,300,150476.17,165131.4,0.0887488994,5,2,16,2
11.0,360,0.0,112475.06,1.0,5,2,17,5
56.0,204,24023.44,23539.47,0.0,4,3,36,7
4.0,300,0.0,73637.88,1.0,4,2,14,2
94.0,222,7641.54,5537.83,0.9304583203,3,2,17,55
10.0,300,57571.28,57922.54,0.0,4,2,7,1
0.0,300,0.0,33445.08,1.0,4,2,26,2
4.0,240,7589.0,2401.5,0.8963897564,3,4,8,53
24.98,224,14968.37,18106.58,0.8836119245,3,2,17,55
44.0,300,0.0,65283.76,1.0,4,2,14,2
13.0,240,0.0,27710.42,0.8431450591,4,2,15,5
2.0,225,11346.01,11567.64,0.0191594828,3,2,46,22
8.0,240,20711.94,26428.96,0.7785278136,4,2,22,44
1.0,222,11450.79,4285.36,0.9196613587,3,2,13,52
85.0,240,87134.01,87233.98,0.0011459984,5,2,23,1
24.98,300,0.0,97369.7,1.0,4,2,15,3
4.0,236,13141.11,14188.64,0.9524387115,3,2,11,57
96.0,240,21510.7,21817.65,0.0,5,2,6,2
8.0,228,11795.93,17951.95,0.8717331543,3,4,32,41
2.0,240,0.0,213552.69,1.0,5,2,29,8
1.0,300,0.0,81430.09,1.0,4,2,19,1
89.0,72,0.0,1727.36,0.4473090636,4,1,20,52
1.0,300,40239.59,39112.32,0.0,4,2,11,3
5.0,240,0.0,166528.96,1.0,5,2,31,7
70.0,240,11452.4,12954.85,0.0,4,2,43,15
3.0,204,64418.41,66619.78,0.0,4,3,28,7
94.0,234,19894.65,23057.09,0.9258050344,3,4,31,28
70.0,240,82172.25,27531.46,0.599239263,5,2,7,26
32.0,360,0.0,105814.9,1.0,5,2,12,8
33.0,180,0.0,30240.54,1.0,1,2,82,6
24.98,216,7241.61,8482.96,0.0,3,4,27,24
24.98,300,0.0,97365.44,1.0,4,2,13,1
1.0,220,13408.46,11390.42,0.9389741555,3,4,18,61
1.0,218,28572.13,28937.52,0.0126268595,3,2,59,16
2.0,360,0.0,104847.21,1.0,5,2,15,1
94.0,240,18571.33,14521.52,0.8538286626,3,4,20,37
15.0,360,0.0,100447.43,1.0,5,2,8,1
10.0,240,0.0,22455.94,0.8209566309,4,2,16,25
1.0,204,64438.22,61322.21,0.0,4,2,56,4
0.0,240,190705.96,188410.03,0.0,5,2,20,3
1.0,240,9123.02,8028.57,1.0,3,4,19,34
6.0,360,0.0,34143.66,1.0,5,2,19,1
24.98,180,62220.65,74005.72,0.0,5,2,25,13
3.0,300,0.0,66740.72,1.0,4,2,16,2
91.0,240,28559.9,27411.92,0.0,3,2,55,8
37.0,240,32968.71,44249.14,0.763013006,4,2,31,32
1.0,230,23820.35,22908.51,1.0,3,4,23,52
1.0,240,57157.2,55580.28,0.0,5,2,24,3
4.0,204,0.0,16814.63,1.0,4,3,77,12
24.98,300,60129.76,63231.72,0.0490570239,4,2,15,3
3.0,360,0.0,134179.94,1.0,5,2,15,9
0.0,240,17378.53,19149.53,0.0924826876,3,2,52,15
46.0,300,0.0,68691.81,1.0,4,2,22,8
0.0,240,0.0,78331.54,0.8312584805,5,2,18,1
2.0,240,0.0,100875.09,1.0,4,2,15,1
8.0,234,15900.14,19817.23,0.8639794764,3,2,30,44
4.0,310,207327.25,196132.03,0.0,5,2,16,5
13.0,300,70976.73,70091.6,0.0,4,2,17,2
12.0,240,0.0,107255.62,0.814577744,5,2,10,27
89.0,240,84599.34,82424.49,0.0,5,2,22,6
1.0,228,13738.07,16695.72,0.9209803471,3,4,39,38
64.0,236,18396.86,17154.71,0.930614974,3,2,24,41
4.0,180,64721.9,74277.64,0.1286489447,5,2,66,5
1.0,240,0.0,51998.1,1.0,5,2,16,6
3.0,300,0.0,56114.02,1.0,4,2,29,5
1.0,240,10703.94,11073.71,0.0333916998,4,2,55,12
24.98,240,61550.63,61935.75,0.0062180566,5,2,26,5
1.0,360,249898.27,234103.61,0.0,5,2,9,5
40.0,240,0.0,82798.37,1.0,4,2,28,1
1.0,240,10249.71,12081.4,0.9541311437,3,2,21,34
0.0,300,82637.85,80544.54,0.0,4,2,13,5
24.98,239,6440.25,6898.23,0.0,1,2,58,10
94.0,236,18395.41,17164.39,0.9247989588,3,2,24,41
94.0,230,20374.99,22001.8,0.9039719477,3,2,28,31
94.0,224,14956.45,17852.06,0.8980722673,3,2,17,55
4.0,234,21059.81,26723.04,0.2119231195,3,4,41,17
1.0,280,0.0,134599.18,1.0,5,2,18,13
24.98,221,33287.43,31067.27,0.0,3,4,49,9
5.0,360,0.0,101342.92,1.0,5,2,25,5
1.0,231,7862.07,8916.32,0.1182382418,3,2,60,18
0.0,240,35528.98,34940.38,0.0,3,4,41,14
1.0,300,39680.7,38772.17,0.0,4,2,11,16
24.98,300,49967.23,48596.57,0.0,4,2,9,6
76.0,240,0.0,45294.01,1.0,5,2,33,3
1.0,234,13516.46,14117.12,0.9617089038,3,2,14,60
24.98,240,59798.05,56141.45,0.0,4,2,43,6
6.0,240,16596.78,53034.41,0.7173130225,5,2,13,54
0.0,240,0.0,71668.65,0.8069718916,5,2,13,7
24.98,228,25693.64,24316.98,0.0,3,4,41,18
81.0,240,36065.75,36647.83,0.0,4,2,9,5
0.0,240,0.0,86900.02,0.7632085764,4,2,16,19
1.0,236,21249.77,10894.03,0.9400469799,3,2,38,30
94.0,236,18363.86,17374.75,0.8857928891,3,2,24,41
56.0,228,12000.2,18078.22,0.8801994887,3,4,27,43
24.98,300,89925.57,87182.43,0.0,4,2,9,6
3.0,180,0.0,29899.33,1.0,5,2,36,5
24.98,240,13137.08,26086.05,0.1541498624,5,2,22,24
4.0,300,0.0,57658.54,1.0,4,2,35,1
4.0,235,0.0,42140.54,1.0,4,2,11,2
1.0,360,0.0,137707.81,1.0,5,2,24,6
24.98,240,49129.21,55279.76,0.7095446193,5,2,10,39
1.0,236,19918.0,19217.01,0.9135167229,3,2,21,52
1.0,300,0.0,60460.01,1.0,4,2,15,3
1.0,120,6129.19,8654.87,0.2918218298,5,2,56,9
79.0,240,45730.52,45054.86,0.0,4,2,19,6
0.0,360,24785.39,21884.98,0.0,5,2,31,9
2.0,240,0.0,18250.71,1.0,5,2,69,1
93.0,240,83373.34,80551.66,0.0,4,2,30,4
40.0,360,111626.26,111493.72,0.0,4,2,24,4
94.0,224,14923.81,17926.37,0.8861827576,3,2,17,55
1.0,222,11455.23,4285.36,0.9161587358,3,2,13,52
13.0,230,13653.02,15973.0,0.9121830589,3,2,23,53
1.0,119,0.0,78929.6,0.7802214815,5,2,17,6
2.0,300,0.0,74921.83,1.0,5,2,40,9
24.98,240,28449.46,26504.16,0.0,4,2,30,8
13.0,270,0.0,67354.46,1.0,5,2,23,3
94.0,216,6271.12,7078.05,0.1140045634,3,4,51,2
1.0,222,11432.48,4460.24,0.8085304827,3,2,14,51
24.98,240,12989.66,15343.46,0.0,5,2,29,24
1.0,236,14621.95,14668.47,1.0,3,4,19,44
89.0,240,102409.24,104788.36,0.0,5,2,16,4
1.0,240,0.0,25183.34,1.0,4,2,19,15
24.98,204,17957.76,14383.73,0.0,4,3,23,24
1.0,300,0.0,40331.45,1.0,4,2,12,5
1.0,300,0.0,39509.31,1.0,4,2,13,22
24.98,218,33764.73,17708.46,0.9307839304,3,4,24,40
1.0,360,0.0,114462.98,1.0,5,2,20,2
24.98,218,33680.25,17708.46,0.925394416,3,4,24,40
2.0,300,0.0,64920.23,0.8184480692,4,2,12,4
0.0,360,54751.56,48004.45,0.0,5,2,14,11
77.0,300,0.0,47477.36,1.0,5,2,33,2
26.0,240,0.0,47006.04,0.7137180556,5,2,30,4
1.0,360,153806.36,135257.87,0.0,5,2,11,12
1.0,240,0.0,30805.18,1.0,4,2,49,17
70.0,180,0.0,96565.29,1.0,4,2,13,1
1.0,240,0.0,61878.22,1.0,5,2,18,3
20.0,300,0.0,57830.49,1.0,4,2,16,3
24.98,240,61178.58,61289.71,0.0,5,2,40,1
5.0,300,22350.43,22481.13,0.0058137647,4,2,19,1
24.98,240,104931.29,98287.39,0.0,5,2,22,5
18.0,240,67112.14,76336.8,0.1208415862,4,2,58,9
94.0,300,33164.44,33286.83,0.0,4,2,16,6
1.0,240,0.0,26703.1,1.0,4,2,22,3
0.0,120,0.0,38022.45,0.5536345312,5,2,18,6
24.98,240,26318.38,26235.76,0.9619606979,3,4,18,46
24.98,240,0.0,112900.55,0.6608892854,5,2,18,3
24.98,180,50679.5,70754.29,0.0,1,2,89,22
94.0,360,0.0,171778.55,1.0,5,2,20,1
1.0,240,0.0,107517.03,1.0,5,2,17,5
1.0,228,13211.32,12089.68,0.0,3,2,42,20
9.0,233,18084.55,21658.26,0.1650044833,3,4,59,1
13.0,240,22361.52,29409.63,0.7872515786,4,2,31,52
24.98,240,0.0,12639.18,1.0,5,2,62,7
24.98,204,34459.28,30666.37,0.0,4,2,30,15
4.0,240,0.0,40027.73,0.8507732225,4,2,40,19
2.0,240,0.0,10641.42,1.0,4,2,47,13
76.0,360,91554.72,89330.72,0.0,5,2,18,2
94.0,350,142251.45,138064.76,0.0,5,2,10,8
24.98,218,32940.82,15792.89,0.922028837,3,4,22,43
56.0,230,10496.9,11650.01,0.9322884701,3,4,38,46
1.0,236,21260.47,9860.0,0.9832403651,3,2,28,40
9.0,240,41150.92,59032.14,0.7274116059,5,2,16,63
68.0,218,32545.28,15725.53,0.908717862,3,4,22,43
1.0,300,57594.38,50128.52,0.0,4,2,11,23
15.0,360,0.0,161678.81,1.0,5,2,32,10
1.0,240,20754.74,20951.56,0.0093940499,3,4,39,23
1.0,240,111252.39,75403.1,1.0,5,2,22,33
1.0,240,10116.95,11917.33,0.8886252206,3,2,23,33
16.0,240,55498.78,55696.54,0.0,1,2,77,1
0.0,360,319259.5,267012.83,0.0,5,2,7,15
6.0,300,34821.81,32761.54,0.0,4,2,12,10
2.0,300,0.0,24312.17,0.0,4,2,7,14
28.0,145,78427.64,81199.67,0.0,5,2,26,6
24.98,240,73801.28,82611.38,0.0,5,2,14,6
56.0,300,0.0,22058.03,1.0,4,2,29,1
5.0,200,1884412.05,2083829.54,0.095697602,5,2,22,2
24.98,240,22979.73,27844.75,0.0,1,2,44,13
1.0,240,20755.02,20952.51,0.009425601,3,4,39,23
24.98,240,37234.03,34270.51,0.0,4,2,26,12
8.0,360,123220.39,112224.71,0.0,5,2,12,8
24.98,232,15416.86,12512.16,0.9589926919,3,2,28,32
1.0,300,62301.2,59681.17,0.0,5,2,12,4
44.0,315,0.0,76105.27,1.0,4,2,45,1
4.0,240,0.0,142253.24,1.0,5,2,12,1
40.0,240,80473.64,84541.56,0.0481173993,4,2,47,8
1.0,240,10116.96,11403.0,0.1127808471,3,2,35,21
4.0,350,0.0,238566.14,1.0,5,2,13,10
10.0,230,10496.9,11646.56,0.9225453696,3,4,38,46
1.0,222,12680.6,7680.84,1.0,3,2,39,30
5.0,300,0.0,82952.41,1.0,4,2,31,3
18.0,360,139328.48,144501.36,0.0357981406,5,2,12,8
1.0,300,51158.02,47296.37,0.0,4,2,16,14
0.0,300,43164.7,46831.96,0.8103005459,4,2,12,28
1.0,300,87206.17,86012.1,0.0,4,2,7,12
0.0,360,0.0,91599.51,1.0,5,2,22,13
24.98,240,30366.39,27605.18,0.0,5,2,22,11
11.0,72,0.0,40194.52,1.0,5,2,45,2
94.0,360,131730.58,124668.19,0.0,5,2,21,6
64.0,180,147611.62,145603.76,0.0,5,2,31,3
96.0,300,46010.6,48813.51,0.0574207837,4,2,21,4
3.0,300,0.0,85227.08,1.0,4,2,20,6
93.0,218,28300.81,24330.89,0.0,3,4,39,17
1.0,228,13214.91,12063.73,0.0,3,2,42,20
10.0,300,54365.27,53655.42,0.0,4,2,19,5
24.98,360,153684.98,140214.05,0.0,5,2,10,9
1.0,236,16103.56,19641.79,0.9507341235,3,2,15,59
24.98,221,33287.37,26217.23,0.0,3,4,38,20
1.0,231,7861.28,8853.16,0.9632515396,3,2,52,26
86.0,240,27788.5,35366.04,0.0,5,2,44,13
3.0,308,0.0,267078.1,1.0,5,2,21,1
94.0,236,9347.58,10850.98,0.9103942685,3,4,9,62
2.0,240,0.0,42637.01,1.0,4,2,18,6
94.0,240,19221.73,19705.76,0.9242353505,3,2,34,27
94.0,232,15191.33,18071.38,0.9216501451,3,2,24,59
24.98,218,14560.3,9591.01,0.9074841961,3,4,17,32
0.0,240,0.0,32186.47,1.0,4,2,48,1
24.98,240,111875.76,124214.87,0.0060429069,5,2,25,3
24.98,180,33957.16,30907.0,0.0,1,2,27,6
1.0,234,21343.41,15243.65,0.9751070118,3,2,18,40
25.0,240,24518.42,25077.52,0.0,4,2,7,9
5.0,300,0.0,34100.91,1.0,4,2,23,2
24.98,300,40103.35,38605.18,0.0,4,2,7,6
0.0,360,171184.82,190249.37,0.1002082162,5,2,13,16
24.98,222,11455.64,4342.46,0.8823408851,3,2,13,52
24.98,240,80287.62,70602.77,0.0,4,2,28,11
5.0,222,13116.06,7128.71,0.9276250542,3,2,41,30
93.0,240,44872.77,39534.12,0.9387165693,5,2,11,25
31.0,360,0.0,64505.28,1.0,5,2,22,5
71.0,342,163959.31,181647.02,0.097374072,5,2,26,5
24.98,180,53419.79,62923.6,0.7044491506,5,2,13,25
18.0,240,0.0,185142.18,1.0,5,2,28,0
24.98,360,167233.84,162547.0,0.0,5,2,18,9
0.0,360,0.0,119914.26,1.0,5,2,14,14
52.0,232,15190.65,18060.11,0.9318902266,3,2,24,59
1.0,240,10577.37,11414.54,0.0733424212,3,2,36,19
24.98,120,17381.15,20384.31,0.0,4,2,18,19
1.0,300,15204.28,15455.48,0.0162531348,4,2,21,2
44.0,236,18498.98,17154.71,0.9306132252,3,2,24,41
1.0,240,9124.88,8014.42,1.0,3,4,19,34
3.0,360,0.0,198903.96,1.0,5,2,21,0
3.0,240,26843.64,25662.0,0.0,5,2,36,10
60.0,240,152623.48,156568.94,0.0251995064,5,2,48,7
95.0,300,0.0,249904.4,1.0,5,2,15,1
2.0,240,19221.72,19912.16,0.9679843874,3,2,19,42
24.98,240,63045.11,69044.5,0.0868916423,4,2,24,5
24.98,60,445242.03,373373.1,0.0,1,2,14,8
26.0,204,0.0,33682.26,0.7691395248,4,3,28,8
0.0,240,151451.51,112793.24,1.0,5,2,16,26
0.0,240,60110.8,63212.03,0.0490607563,5,2,38,10
24.98,240,119220.21,93293.93,0.0,5,2,35,20
24.98,240,35262.9,35603.95,0.0095789933,3,4,39,1
24.98,360,33608.38,31674.87,0.0,5,2,12,6
24.98,236,20283.48,19199.5,0.9291679471,3,2,16,55
2.0,240,52342.91,59735.47,0.0,4,2,37,16
1.0,300,69512.38,69128.2,0.0,4,2,24,1
86.0,300,0.0,38586.31,1.0,4,2,27,4
0.0,300,0.0,55417.68,1.0,4,2,13,7
1.0,300,104042.83,93549.16,0.0,4,2,9,17
2.0,200,9034.77,10623.44,0.874916223,3,4,21,58
23.0,240,14902.8,14705.03,0.0,4,2,18,5
1.0,300,0.0,45879.09,1.0,4,2,17,4
24.98,240,123934.34,102864.46,0.0,5,2,17,16
1.0,222,13549.34,13723.25,0.9615717851,3,4,32,51
24.98,60,28347.93,18475.78,0.0,1,2,45,15
8.0,225,11346.01,11558.89,0.0,3,2,46,22
24.98,240,134224.15,127027.42,0.0,5,2,20,6
2.0,300,0.0,82742.26,1.0,5,2,31,1
2.0,300,0.0,48014.85,0.9232420444,4,2,22,26
2.0,240,26748.46,48842.38,0.452351421,5,2,48,8
0.0,300,0.0,59207.73,1.0,4,2,22,6
94.0,236,3612.9,5711.81,0.8762143699,3,4,18,64
1.0,300,30108.6,28958.82,0.0,4,2,25,7
24.98,222,26679.63,4340.45,0.962803396,3,2,7,36
1.0,300,61957.24,55140.12,0.0,4,2,7,17
24.98,180,28658.96,32895.45,0.1287865039,5,2,38,5
1.0,360,113160.12,103435.97,0.0,5,2,22,9
1.0,222,8447.0,4880.63,0.9717618422,3,2,27,40
91.0,234,13493.1,14178.79,0.9497326641,3,2,14,60
22.0,240,17369.92,20587.5,0.8980794171,3,2,21,40
4.0,240,0.0,115758.7,1.0,5,2,23,4
7.0,240,0.0,116140.78,0.8025720622,5,2,22,8
24.98,30,20846.15,20011.14,0.0,1,2,29,2
22.0,240,0.0,29324.2,0.7748498724,4,2,17,5
0.0,240,0.0,148351.27,1.0,5,2,22,11
1.0,240,166347.81,94798.27,1.0,5,2,8,66
1.0,240,61977.1,63525.08,0.0,5,2,25,2
1.0,240,26318.38,25841.67,0.9899050642,3,4,24,40
13.0,300,0.0,56927.84,1.0,4,2,19,2
24.98,360,82166.34,77748.5,0.0,5,2,18,5
13.0,240,53436.87,53014.91,0.0,5,2,29,2
0.0,240,81412.68,100912.81,0.8720777462,5,2,15,35
0.0,360,52521.71,53939.74,0.0262891516,4,2,10,14
96.0,230,20375.37,21996.18,0.9201565908,3,2,28,31
54.0,300,0.0,76021.34,1.0,4,2,13,2
7.0,360,47105.79,51150.94,0.0790826131,5,2,13,7
4.0,240,20753.82,18083.49,0.9727419873,3,4,23,39
9.0,229,15065.75,18530.94,0.8808910935,3,2,46,37
1.0,240,0.0,43134.08,1.0,4,2,13,15
66.0,240,118935.8,104684.0,0.0,5,2,14,11
24.98,180,136706.87,133166.69,0.0,5,2,29,2
24.98,240,102745.85,78374.04,0.0,1,2,25,17
80.0,180,132655.15,137224.3,0.0,5,2,37,1
24.98,240,222370.27,205365.19,0.0,5,2,11,7
2.0,236,14260.36,14414.62,0.9567154736,3,2,32,51
2.0,240,87283.62,91626.86,0.0,5,2,32,2
24.98,180,29837.61,32170.64,0.0,5,2,33,13
24.98,222,11455.23,4284.07,0.9237874264,3,2,14,51
31.0,300,0.0,34990.89,1.0,4,2,32,2
1.0,240,20748.79,20994.89,0.0117218999,3,4,39,23
8.0,236,14260.36,14440.1,0.9635819697,3,2,34,49
1.0,360,137670.6,133344.22,0.0,5,2,9,12
10.0,266,0.0,56121.34,1.0,4,2,16,8
68.0,218,34542.32,17865.87,0.8946264582,3,4,24,40
24.98,228,29909.9,27974.45,0.0,3,4,41,18
94.0,240,17028.26,18618.76,0.9063557401,3,2,33,39
24.98,220,13354.59,11390.42,0.9425157281,3,4,18,61
0.0,300,0.0,57133.87,1.0,4,2,16,10
1.0,240,0.0,43022.11,0.724891459,4,2,10,23
1.0,240,0.0,38124.81,1.0,5,2,41,12
1.0,240,10249.71,11497.12,0.1084976064,3,2,33,22
24.98,240,66778.29,74474.1,0.0,5,2,18,4
2.0,300,0.0,53672.82,1.0,4,2,15,1
22.0,300,63305.06,60195.04,0.0,4,2,19,6
24.98,240,57807.44,57479.98,0.0,5,2,19,1
2.0,360,0.0,125644.77,1.0,5,2,28,1
1.0,180,95301.04,85610.11,0.0,5,2,30,11
24.98,119,121924.92,70060.14,1.0,5,2,13,43
9.0,360,0.0,36614.82,1.0,5,2,25,3
2.0,300,0.0,88960.98,1.0,4,2,12,1
12.0,180,9720.55,6949.27,0.0,1,2,54,20
52.0,240,0.0,137904.04,0.0,5,2,15,17
1.0,60,0.0,34311.48,1.0,5,2,17,18
25.0,240,0.0,8274.68,0.0,4,2,10,16
1.0,240,26316.66,26471.77,1.0,3,4,22,33
1.0,300,0.0,36428.16,0.8340110606,4,2,14,1
16.0,60,0.0,331600.45,1.0,5,2,34,2
24.98,240,129142.33,119620.92,0.0,5,2,28,17
1.0,240,10159.67,11154.7,0.0892027576,3,2,38,16
0.0,360,0.0,80055.19,1.0,4,2,23,28
1.0,225,16828.9,19478.03,0.8890560288,3,2,30,50
1.0,232,15252.71,18090.26,0.9338743611,3,2,24,59
0.0,360,0.0,89937.05,1.0,5,2,13,8
94.0,236,21302.81,13292.58,0.9125745341,3,2,7,66
3.0,180,29603.75,26521.2,0.0,1,2,63,10
4.0,300,0.0,42217.67,1.0,4,2,27,2
89.0,300,0.0,64983.77,1.0,4,2,31,7
1.0,230,22658.18,22915.36,1.0,3,4,23,52
24.98,204,41477.53,38511.4,0.0,5,2,55,10
0.0,300,0.0,56601.12,1.0,4,2,7,6
1.0,300,0.0,66199.23,1.0,4,2,16,2
94.0,240,71082.45,73546.88,0.0,4,2,34,11
37.0,300,0.0,57315.68,1.0,4,2,29,3
24.98,240,54867.85,51382.95,0.0,1,2,58,5
3.0,180,73722.37,72617.29,0.0,5,2,21,9
0.0,360,155912.19,151546.21,0.0,5,2,19,5
11.0,240,0.0,49735.57,1.0,5,2,15,9
0.0,240,36530.06,37845.93,0.0347691284,5,2,57,1
1.0,240,9123.02,8028.53,1.0,3,4,19,34
0.0,240,148746.41,89530.66,0.9392465119,5,2,10,42
1.0,300,41208.02,43674.71,0.0564786807,4,2,20,3
1.0,230,13653.01,15965.84,0.941006549,3,2,23,53
70.0,204,43898.07,62598.49,0.7995378167,4,3,7,29
1.0,240,26316.66,26480.36,0.9703833332,3,4,30,25
1.0,240,13584.06,17516.75,0.9215448071,3,4,29,32
90.0,240,18871.52,23068.06,0.9125236366,3,4,21,34
24.98,240,60079.02,62651.05,0.0,5,2,19,11
1.0,240,9125.68,8008.87,1.0,3,4,19,34
1.0,300,0.0,56981.19,1.0,4,2,12,2
8.0,300,0.0,49767.66,1.0,4,2,13,4
29.0,240,169999.95,169371.9,0.0,5,2,12,4
24.98,226,15626.07,15903.3,0.017432231,4,2,66,7
1.0,240,0.0,72740.13,1.0,5,2,24,16
24.98,179,75903.07,73946.37,0.0,5,2,12,2
1.0,235,13081.03,13178.96,0.9992905358,3,2,43,32
1.0,240,55500.88,55932.93,0.7280679174,5,2,26,39
2.0,96,0.0,57373.93,1.0,1,2,72,3
1.0,240,0.0,66704.33,1.0,5,2,36,13
1.0,120,0.0,24868.79,1.0,5,2,28,5
4.0,180,0.0,32271.11,1.0,4,2,43,2
1.0,240,0.0,42339.86,0.7592684635,4,2,27,31
1.0,240,79313.31,59158.34,0.8660386904,5,2,36,31
1.0,180,78713.71,81730.96,0.0,5,2,15,1
0.0,360,80902.14,74259.56,0.0,5,2,18,8
94.0,240,40902.54,42983.05,0.0,4,2,43,15
1.0,228,24089.12,14198.0,0.8520157769,3,4,14,60
0.0,360,0.0,75877.82,1.0,5,2,33,2
61.0,180,0.0,71596.63,0.0,4,2,13,20
93.0,240,18211.81,18658.12,0.9494075502,3,2,20,35
45.0,360,232982.54,230324.86,0.0,5,2,18,0
68.0,218,33486.0,17724.5,0.9266659144,3,4,24,40
1.0,240,29689.37,26872.42,0.7462487676,5,2,37,42
94.0,232,15265.59,18067.33,0.916958953,3,2,24,59
2.0,236,21260.47,10904.5,0.9484112064,3,2,40,28
24.98,240,64968.95,52284.69,0.0,1,2,97,16
56.0,236,18202.68,13201.44,0.9327997552,3,2,7,66
2.0,360,0.0,169724.93,1.0,5,2,7,7
24.98,228,24646.83,14117.0,0.9083495077,3,4,14,60
24.98,300,0.0,57228.75,1.0,4,2,10,2
9.0,360,180692.66,168097.27,0.0,5,2,26,8
2.0,240,19221.72,19926.32,0.963988333,3,2,19,42
1.0,360,0.0,180364.16,1.0,5,2,21,11
1.0,234,13573.15,14117.12,0.9617089038,3,2,14,60
24.98,120,87349.52,81076.11,0.0,5,2,51,5
24.98,300,0.0,89619.53,1.0,4,2,15,5
1.0,300,93444.46,89261.55,0.0,4,2,15,9
24.98,240,72834.78,51049.91,1.0,5,2,25,30
11.0,218,28572.15,20763.58,0.9688700118,3,2,42,33
90.0,240,41496.77,42422.56,0.0218230583,4,2,27,4
0.0,240,26316.66,26470.34,1.0,3,4,22,33
5.0,180,0.0,76292.68,0.7085128096,5,2,35,1
1.0,240,0.0,80177.31,1.0,4,2,32,6
7.0,230,13650.67,15964.56,0.8880714533,3,2,23,53
24.98,240,42567.06,45511.33,0.0012743321,4,2,17,3
24.98,360,0.0,129868.13,1.0,5,2,13,3
64.0,300,57424.81,57189.59,0.0,4,2,19,1
94.0,221,33288.76,26528.35,0.0,3,4,36,22
1.0,360,0.0,95065.73,1.0,5,2,8,1
5.0,360,0.0,105290.96,1.0,5,2,37,10
16.0,228,16095.37,18852.03,0.9256748477,3,2,43,28
5.0,236,3971.32,5743.86,0.8548258488,3,4,46,31
14.0,234,7453.0,7919.45,0.0588992922,3,2,81,4
0.0,360,236674.27,206261.56,0.0,5,2,12,12
10.0,300,50104.53,48399.25,0.0,4,2,8,7
4.0,310,0.0,141110.82,1.0,5,2,17,7
17.0,360,61662.01,61250.4,0.0,5,2,18,2
1.0,200,13461.95,11382.38,0.9528806805,3,4,18,61
94.0,300,71757.16,69916.38,0.0,4,2,9,14
24.98,360,0.0,96237.65,1.0,5,2,7,0
2.0,233,0.0,144072.96,1.0,5,2,11,1
24.98,300,0.0,95909.23,1.0,4,2,11,2
74.0,240,0.0,18152.49,0.7835110799,4,2,13,37
26.0,236,6435.48,8381.7,0.9082632402,3,4,33,27
1.0,240,63616.51,72497.63,0.1225022115,5,2,33,8
1.0,228,15345.98,19707.78,0.9735698288,3,2,33,44
24.98,240,19325.21,22698.58,0.7582997356,4,2,10,27
1.0,204,0.0,17018.63,0.8363421913,4,2,15,29
1.0,224,14844.74,17926.37,0.9100955743,3,2,17,55
1.0,300,0.0,79613.95,1.0,4,2,9,3
2.0,240,26316.66,26344.02,0.9812397652,3,4,25,30
76.0,240,0.0,18473.52,1.0,4,2,42,1
29.0,360,0.0,229750.4,1.0,5,2,21,1
56.0,234,14892.43,14624.24,0.9618626335,3,2,32,48
1.0,360,0.0,146902.09,1.0,5,2,13,12
0.0,360,0.0,89869.92,1.0,5,2,29,11
1.0,236,21262.15,10880.67,0.947987578,3,2,38,30
1.0,180,58407.4,47688.74,0.8363882792,5,2,19,26
85.0,180,133711.87,133724.0,0.0,5,2,10,1
4.0,240,101763.23,101006.11,0.0,5,2,22,2
76.0,300,35263.07,37400.16,0.0,4,2,16,15
18.0,240,0.0,39869.69,1.0,4,2,25,6
24.98,200,32895.48,35454.63,0.0,5,2,26,5
93.0,240,65475.87,66134.84,0.0,5,2,21,1
25.0,236,21260.47,9851.59,0.9624639271,3,2,28,40
1.0,222,13455.71,4880.59,0.9717616108,3,2,27,40
2.0,300,0.0,67678.68,1.0,4,2,11,6
7.0,240,61042.16,72049.69,0.7026900317,5,2,13,50
0.0,300,62842.1,58514.32,0.0,4,2,12,12
24.98,240,46886.17,44063.15,0.0,5,2,28,5
24.98,240,41930.38,46810.83,0.0,5,2,18,8
38.0,236,21056.84,19214.08,0.960399353,3,2,16,55
89.0,240,25721.64,30294.68,0.7859105424,4,2,21,27
23.0,360,0.0,103189.96,1.0,5,2,23,7
1.0,240,0.0,32507.87,1.0,5,2,51,4
24.98,119,34132.56,40386.5,0.0,5,2,33,18
0.0,84,0.0,40037.2,1.0,1,2,26,58
16.0,60,59040.98,52181.07,0.0,1,2,14,11
2.0,240,0.0,18217.24,1.0,4,2,38,8
24.98,240,126727.77,124589.06,0.0,5,2,36,2
64.0,230,12071.97,13833.36,0.9401750551,3,4,33,29
94.0,230,11626.36,13833.85,0.9146976438,3,4,33,29
0.0,240,101695.72,77380.05,0.8837227311,4,2,9,40
2.0,360,47850.76,46196.5,0.0,5,2,23,4
90.0,240,20378.28,16903.64,0.9924287748,4,2,32,32
0.0,300,117784.22,104891.22,0.0,5,2,12,12
24.98,218,14775.44,9546.29,0.9182163961,3,4,17,32
24.98,300,0.0,80766.19,1.0,4,2,7,0
17.0,300,0.0,74292.82,1.0,4,2,26,5
54.0,360,67960.69,66085.78,0.0,5,2,19,3
1.0,218,32687.66,17899.77,0.8870091627,3,4,24,40
1.0,228,10918.44,11301.73,0.0339142768,3,4,37,23
10.0,240,0.0,88092.39,1.0,5,2,37,3
96.0,240,0.0,34147.89,1.0,4,2,38,1
1.0,240,61749.33,60292.54,0.0,4,2,25,3
1.0,228,24268.26,14104.0,0.893447249,3,4,14,60
0.0,41,0.0,111832.37,1.0,5,2,24,17
91.0,240,10716.69,12107.14,0.0,3,2,31,23
0.0,230,84341.86,59933.66,1.0,4,2,59,26
1.0,236,21260.47,10935.35,0.0,3,2,46,22
55.0,225,16831.49,20062.76,0.8752599343,3,2,45,35
44.0,204,0.0,50422.77,1.0,4,3,86,1
24.98,360,86953.72,84879.54,0.0,5,2,22,2
96.0,360,0.0,327347.72,1.0,5,2,22,2
1.0,119,0.0,54996.39,1.0,5,2,24,5
0.0,360,147942.34,123992.46,0.0,5,2,9,18
1.0,204,0.0,16173.71,1.0,4,3,60,1
5.0,360,0.0,372955.38,0.6785017861,5,2,15,1
1.0,222,13542.93,12717.01,0.946026621,3,4,30,53
0.0,180,37424.57,38190.56,0.0200570507,5,2,52,5
56.0,240,35528.98,34756.57,0.0,3,4,46,9
96.0,300,0.0,49508.9,1.0,4,2,22,3
1.0,234,14892.43,14877.66,0.9904622098,3,2,32,48
5.0,300,0.0,84138.46,1.0,4,2,13,1
0.0,300,0.0,52632.69,1.0,4,2,24,6
94.0,236,16182.77,14819.19,0.9243912791,3,2,24,41
1.0,200,14137.86,10623.44,0.9621817415,3,4,21,58
15.0,240,0.0,75002.43,0.7137520396,5,2,27,19
1.0,220,85558.83,79958.1,0.0,5,2,10,22
96.0,300,0.0,43650.26,1.0,4,2,34,3
52.0,233,18082.53,23071.65,0.0,3,4,43,17
77.0,324,0.0,309586.91,1.0,5,2,16,4
45.0,300,0.0,69444.43,1.0,4,2,11,4
1.0,236,21260.47,10867.87,0.947153398,3,2,38,30
1.0,222,13550.35,12643.91,0.9656585661,3,4,30,53
68.0,218,32651.06,15675.62,0.9217109116,3,4,22,43
1.0,222,13549.34,12653.85,0.9650959985,3,4,30,53
5.0,300,0.0,31353.08,1.0,4,2,47,1
56.0,120,10361.71,15718.93,0.6399249169,5,2,11,33
5.0,222,13116.06,7303.75,0.8456176622,3,2,41,30
3.0,360,0.0,94504.86,1.0,5,2,12,7
24.98,240,152142.7,140953.66,0.0,5,2,17,7
24.98,240,33280.42,38581.41,0.0,5,2,16,16
70.0,240,10083.7,10296.47,0.0,4,2,30,1
46.0,360,0.0,144062.97,1.0,5,2,20,1
25.0,360,0.0,83735.19,1.0,5,2,13,5
17.0,240,0.0,53461.58,1.0,4,2,13,2
9.0,300,75039.18,72229.57,0.0,4,2,21,8
8.0,236,21249.77,15700.62,0.0,3,2,58,10
1.0,360,0.0,109564.03,1.0,5,2,37,2
13.0,300,0.0,80212.64,1.0,4,2,12,3
20.0,240,62060.34,61832.4,0.0,5,2,32,3
1.0,360,164979.91,139668.22,0.0,5,2,13,19
24.98,180,30527.16,29415.02,0.0,1,2,63,5
1.0,300,45276.91,42235.92,0.0,4,2,9,21
4.0,225,11347.25,11568.39,0.0191158839,3,2,46,22
1.0,360,0.0,268501.63,1.0,5,2,25,1
4.0,240,69690.61,65307.34,0.0,4,2,49,6
0.0,300,73383.95,65490.57,0.0,4,2,17,20
24.98,204,53657.33,63006.11,0.0,4,3,21,18
94.0,230,13653.04,16036.84,0.9005963768,3,2,23,53
1.0,240,0.0,81159.18,1.0,5,2,21,14
24.98,240,98679.05,121289.04,0.1864141228,5,2,18,7
1.0,300,0.0,69251.35,1.0,4,2,8,12
1.0,234,21341.46,15255.57,0.9731960196,3,2,18,40
1.0,236,21249.77,9860.0,0.9830466531,3,2,28,40
24.98,204,16014.3,14661.0,0.0,4,3,17,11
27.0,240,36007.14,35058.62,0.0,4,2,30,8
2.0,236,9493.28,9513.0,0.9807484495,3,2,52,34
60.0,180,0.0,71563.0,0.7240485346,5,2,32,20
4.0,300,0.0,66731.11,1.0,4,2,22,2
94.0,240,47179.94,46910.22,0.0,4,2,28,1
56.0,300,0.0,83736.57,1.0,4,2,19,1
24.98,240,53120.66,47908.63,0.0,5,2,39,16
24.98,240,0.0,80772.2,1.0,5,2,20,49
1.0,240,10481.31,11881.85,0.9353905326,3,2,23,30
0.0,240,0.0,42540.72,0.7372574041,4,2,16,3
1.0,300,80438.88,75136.56,0.0,4,2,7,12
44.0,236,16072.78,19288.84,0.9159752479,3,2,14,65
1.0,210,0.0,105707.02,0.6588997752,5,2,15,23
24.98,240,30138.12,28507.03,0.0,5,2,23,5
24.98,270,116048.59,123892.08,0.0,4,2,20,18
24.98,100,39540.61,36251.13,0.0,1,2,58,5
1.0,240,12514.48,15059.79,0.9419387654,3,2,22,38
24.98,240,90351.55,81490.43,0.0,5,2,7,14
24.98,204,85084.11,81036.22,0.0,4,3,23,4
24.98,240,63661.36,55570.21,0.0,5,2,15,13
0.0,360,0.0,289619.38,1.0,5,2,14,8
24.98,222,11454.57,4283.58,0.9277146686,3,2,14,51
1.0,240,0.0,63796.65,1.0,4,2,21,13
18.0,204,0.0,26562.01,0.8229444877,4,3,41,2
24.98,360,53997.75,59242.95,0.8065678905,5,2,9,29
4.0,240,0.0,112621.95,1.0,5,2,30,6
90.0,204,5671.65,7224.38,0.7202103934,4,2,48,31
24.98,120,31261.03,31821.11,0.0,1,2,81,1
24.98,240,66254.74,74697.37,0.0,4,2,30,12
77.0,300,0.0,52322.18,1.0,4,2,25,2
0.0,360,0.0,123835.6,1.0,5,2,16,2
90.0,240,16147.25,16878.38,0.0,4,2,35,7
5.0,300,0.0,57269.74,1.0,4,2,12,8
20.0,360,172371.37,176457.6,0.0231570077,5,2,16,1
65.0,240,145427.36,142373.86,0.0,5,2,19,7
1.0,240,26318.38,25888.0,0.9880245674,3,4,23,41
1.0,240,9126.17,8005.1,1.0,3,4,19,34
30.0,297,0.0,65292.68,1.0,5,2,22,1
24.98,240,81697.01,79295.94,0.0,5,2,21,3
11.0,300,0.0,72728.43,1.0,4,2,17,8
1.0,200,127277.13,78424.07,1.0,5,2,35,31
58.0,300,0.0,62778.6,1.0,4,2,19,4
0.0,240,0.0,79339.99,1.0,4,2,18,28
16.0,300,0.0,96356.18,1.0,4,2,19,7
27.0,240,0.0,46322.41,1.0,4,2,14,1
2.0,240,82889.58,81218.72,0.0,4,2,16,3
4.0,240,25189.14,25633.59,0.0,4,2,8,1
94.0,240,11052.8,11513.31,0.0,3,2,31,24
1.0,236,21262.15,10838.14,0.9477834758,3,2,38,30
1.0,236,10837.56,12110.09,0.9319806872,3,4,17,45
24.98,360,125139.36,124098.5,0.0,5,2,12,1
24.98,222,11455.23,4293.09,0.919943444,3,2,13,52
26.0,360,101184.62,105178.68,0.0,5,2,11,19
0.0,360,0.0,192532.13,1.0,5,2,12,21
1.0,300,0.0,38437.5,1.0,4,2,30,4
24.98,240,262633.11,243827.24,0.0,5,2,36,5
25.0,360,0.0,155041.91,1.0,5,2,24,2
5.0,300,56840.13,54545.21,0.0,5,2,13,5
1.0,204,0.0,47695.93,0.7093346939,4,3,54,4
5.0,230,20374.99,21995.84,0.9177912733,3,2,28,31
24.98,240,64084.79,62823.65,0.0,5,2,31,1
1.0,236,9347.57,11219.69,0.881887111,3,4,41,30
1.0,240,26318.38,26382.41,1.0,3,4,33,31
8.0,240,0.0,35384.94,1.0,4,2,34,24
11.0,240,0.0,101487.72,1.0,5,2,24,1
24.98,240,152950.87,179102.25,0.1460136877,5,2,13,17
94.0,240,11108.89,11485.0,0.0,3,2,31,23
24.98,240,53635.95,62848.66,0.0,4,2,18,13
73.0,300,29868.08,32746.85,0.0,4,2,10,22
64.0,234,7453.13,9265.41,0.9076770483,3,2,41,44
24.98,224,52756.93,51266.17,0.0,5,2,19,2
24.98,240,68712.8,80222.46,0.0,5,2,13,18
25.0,300,0.0,68263.58,1.0,4,2,19,1
1.0,300,0.0,67749.91,1.0,4,2,16,5
94.0,230,20375.0,22123.54,0.8954665483,3,2,28,31
24.98,240,79041.15,78638.03,0.0,5,2,40,0
0.0,240,95269.77,125962.96,0.9791062286,5,2,20,42
24.98,120,13919.23,31503.8,0.0,2,2,58,17
24.98,228,12145.98,16708.19,0.8972851039,3,4,39,38
46.0,360,0.0,121896.91,1.0,5,2,13,1
2.0,300,0.0,30910.77,1.0,4,2,21,5
2.0,300,0.0,73465.62,1.0,4,2,14,5
0.0,216,18656.79,18893.28,1.0,3,4,16,36
1.0,300,0.0,56136.14,1.0,4,2,22,5
1.0,180,0.0,167260.5,1.0,5,2,25,7
1.0,218,32646.96,15675.62,0.9217109116,3,4,22,43
52.0,360,137962.39,141508.79,0.0,5,2,15,2
24.98,300,0.0,92069.24,1.0,4,2,10,1
1.0,300,0.0,43414.85,1.0,4,2,22,3
94.0,236,18395.41,17164.14,0.9247978635,3,2,24,41
1.0,240,0.0,58212.19,1.0,1,2,116,20
93.0,351,119309.86,178128.25,0.3302024805,5,2,32,3
24.98,360,0.0,95715.99,1.0,5,2,9,4
24.98,240,91585.69,55907.5,1.0,5,2,9,39
1.0,268,223524.77,191522.87,0.0,5,2,10,16
24.98,180,11070.86,10661.29,0.0,1,2,75,2
1.0,236,21249.77,10893.09,0.9474722049,3,2,38,30
1.0,300,0.0,56140.25,1.0,4,2,27,1
24.98,300,555303.22,557092.32,0.0032114964,5,2,10,0
9.0,239,15894.25,18573.15,0.7858518483,4,2,61,27
13.0,300,9449.68,10324.6,0.0847412975,4,2,10,8
24.98,240,36568.97,31014.82,0.0,4,2,27,19
0.0,322,0.0,32424.57,0.981415984,5,2,13,23
24.98,96,5658.78,9304.57,0.0563773116,1,2,81,3
16.0,360,0.0,85078.91,1.0,5,2,20,7
1.0,300,55711.07,55185.43,0.0,4,2,10,3
2.0,168,44037.64,43505.69,0.0,4,2,14,12
18.0,300,51218.37,50123.26,0.0,4,2,13,3
1.0,360,0.0,151090.45,1.0,5,2,27,4
1.0,222,8447.0,4880.64,0.9717619001,3,2,27,40
2.0,360,135767.18,123054.06,0.0,5,2,12,15
0.0,240,119603.12,111488.87,0.0,5,2,27,6
1.0,224,14961.61,17825.49,0.9163720044,3,2,19,53
65.0,240,146142.35,143673.65,0.0,5,2,16,2
0.0,240,0.0,96714.65,1.0,5,2,36,1
2.0,240,13993.45,14533.62,0.0371669274,5,2,47,20
0.0,72,0.0,7179.73,1.0,1,2,44,28
4.0,239,116562.58,108365.01,0.0,5,2,27,7
2.0,140,0.0,107153.0,1.0,5,2,46,2
7.0,360,0.0,108419.38,1.0,5,2,30,2
25.0,120,0.0,20638.27,1.0,5,2,30,5
65.0,216,39866.79,37761.98,0.0,4,2,71,7
24.98,360,46686.0,47787.85,0.0123087372,5,2,12,3
13.0,240,164797.17,176151.25,0.0,5,2,18,1
4.0,180,51785.17,49560.56,0.0,1,2,41,5
0.0,360,140705.04,121257.39,0.0,5,2,13,15
10.0,240,0.0,40164.61,0.8462561469,4,2,10,15
1.0,222,8010.16,7860.8,1.0,3,2,39,30
15.0,240,88255.42,89883.39,0.0181120227,5,2,52,1
53.0,240,86410.9,87553.59,0.0,5,2,16,1
10.0,240,45006.33,43983.84,0.0,4,2,42,3
2.0,360,0.0,118791.13,1.0,5,2,29,1
24.98,240,117594.63,107310.56,0.0,5,2,28,9
23.0,240,59335.72,62265.89,0.0,4,2,20,23
24.98,239,81152.85,81046.55,0.0,4,2,34,3
0.0,240,0.0,71407.33,1.0,5,2,34,1
56.0,240,18688.27,14495.09,0.8741773939,3,4,20,37
52.0,240,69159.05,72304.59,0.0,1,2,30,4
24.98,204,17274.62,14224.97,0.0,4,3,24,24
93.0,300,42542.26,42617.53,0.0,4,2,23,1
1.0,240,0.0,33071.78,1.0,4,2,30,8
94.0,240,10162.3,11969.71,0.8845644548,3,2,22,32
2.0,240,0.0,112585.85,0.7097946179,5,2,17,3
4.0,300,80156.89,76900.99,0.0,4,2,10,7
70.0,236,21249.77,9913.64,0.9593549897,3,2,28,40
4.0,360,0.0,58358.0,0.7313553362,5,2,11,5
24.98,240,29207.6,29113.36,0.0,4,2,38,14
56.0,240,131072.29,129252.52,0.0,5,2,30,3
24.98,240,89665.93,85441.09,0.0,5,2,9,4
87.0,240,30258.51,28719.66,0.0,4,2,33,3
1.0,300,42347.99,45907.43,0.0775351615,4,2,14,12
1.0,300,0.0,88585.94,1.0,4,2,25,1
0.0,264,384040.54,346860.24,0.0,5,2,7,8
24.98,240,83163.54,91069.64,0.0,1,2,22,23
1.0,240,0.0,34914.11,1.0,4,2,45,6
24.98,120,64220.54,63636.16,0.0,1,2,16,0
4.0,240,10501.79,9098.95,0.0,3,4,35,18
2.0,300,0.0,55740.62,1.0,4,2,15,2
46.0,180,0.0,5302.44,1.0,1,3,136,5
5.0,240,45668.28,40778.12,0.63451588,5,2,31,48
4.0,240,24871.9,29974.49,0.7874082256,4,2,18,33
1.0,180,134885.98,131099.44,0.0,5,2,25,3
1.0,240,83343.73,65587.88,0.8480508561,5,2,19,27
24.98,180,35321.49,31600.3,0.0,5,2,32,10
37.0,240,25365.2,27239.09,0.0,4,2,20,9
2.0,300,0.0,60117.61,1.0,4,2,17,10
5.0,240,0.0,37344.51,1.0,4,2,61,2
0.0,240,0.0,93367.83,1.0,5,2,26,2
1.0,132,0.0,52805.4,1.0,5,2,47,2
1.0,230,8844.74,11432.39,0.9128502439,3,4,19,61
24.98,300,89433.34,112276.09,0.2034515986,5,2,22,5
94.0,230,10496.84,11645.76,0.9181066757,3,4,38,46
64.0,300,41196.59,39712.22,0.0,4,2,17,7
94.0,230,8256.14,9618.56,0.9003291553,3,2,28,52
11.0,240,0.0,52902.81,0.0,4,2,46,13
5.0,223,13116.06,7179.87,0.9016305309,3,2,41,30
17.0,204,0.0,23286.58,1.0,4,2,71,2
9.0,360,0.0,182645.05,1.0,4,2,21,23
1.0,240,0.0,72722.1,0.7813924397,5,2,10,12
24.98,240,358202.7,301198.3,0.0,1,2,54,11
0.0,236,21249.77,9913.62,0.9771990454,3,2,28,40
1.0,228,13800.57,16374.72,0.9294308544,3,4,40,37
24.0,300,0.0,33066.05,1.0,4,2,14,2
4.0,240,38834.69,39517.12,0.0,4,2,29,11
77.0,300,0.0,68936.63,1.0,4,2,33,2
24.98,360,0.0,116856.84,1.0,5,2,8,5
1.0,222,13549.34,12653.85,0.9619941757,3,4,30,53
24.98,180,40860.17,40219.49,0.0,4,2,22,3
1.0,300,0.0,51320.36,1.0,4,2,25,19
5.0,240,126059.53,117607.24,0.0,5,2,40,6
96.0,340,39320.44,98858.86,0.8038643835,5,2,18,29
0.0,360,0.0,71710.1,1.0,5,2,27,7
2.0,240,12515.42,13684.1,0.0854042283,3,2,49,11
24.98,240,21217.42,19816.93,0.0,5,2,27,5
1.0,240,0.0,95459.96,0.7865400337,5,2,15,2
1.0,236,6772.94,8133.66,0.1672949201,3,4,43,23
26.0,240,0.0,14587.23,1.0,4,2,51,7
1.0,144,5623.59,5633.12,0.927590749,3,4,20,58
1.0,204,0.0,13656.94,0.7554989805,4,3,22,24
24.98,236,10040.16,7441.58,0.9737354164,3,2,15,29
24.98,240,43636.54,45807.53,0.0473937364,4,2,20,6
1.0,300,0.0,59725.56,1.0,4,2,17,3
1.0,240,55946.32,51702.2,0.0,4,2,25,12
23.0,240,0.0,6219.15,0.8136512972,4,2,19,20
22.0,132,12969.87,18484.49,0.2983376874,1,2,87,6
65.0,180,44317.91,53813.54,0.6075990358,1,2,48,26
24.98,240,35598.2,35575.03,0.0,3,4,39,1
33.0,218,33656.86,17724.5,0.9266659144,3,4,24,40
2.0,240,29746.71,29381.75,0.0,4,2,30,14
1.0,218,28572.13,16309.09,0.9572379575,3,2,29,46
25.0,240,75096.9,74490.11,0.0,5,2,18,3
1.0,240,10239.47,11218.99,0.0873091071,3,2,43,12
6.0,360,120428.1,123435.26,0.0243622446,5,2,11,2
2.0,228,13215.56,12092.16,0.0,3,2,49,13
1.0,360,0.0,64763.56,1.0,5,2,9,9
24.98,180,56126.45,49702.24,0.0,1,2,90,10
1.0,300,0.0,66571.06,1.0,4,2,9,4
24.98,300,0.0,56359.65,1.0,4,2,12,1
77.0,180,93507.95,125613.06,0.6562853488,5,2,14,30
24.98,300,56505.02,43568.36,0.0,5,2,15,24
1.0,240,0.0,88860.86,0.0,5,2,48,11
1.0,204,32173.85,37588.98,0.1440616372,4,3,53,14
4.0,220,5686.83,7467.54,0.8863159755,3,2,33,50
9.0,240,0.0,150288.97,1.0,5,2,41,2
91.0,300,0.0,63386.92,1.0,4,2,12,1
1.0,300,110851.17,105416.07,0.0,5,2,27,4
24.98,240,43994.53,48793.54,0.0,4,2,15,10
1.0,240,10717.22,11756.44,0.0883958069,3,2,40,14
9.0,240,0.0,110175.07,1.0,5,2,27,1
13.0,240,10249.7,11868.87,0.9152488822,3,2,23,32
56.0,240,0.0,53176.3,1.0,4,2,55,4
89.0,120,0.0,84923.48,0.6310266892,5,2,10,29
2.0,300,54037.4,51339.89,0.0,4,2,27,10
2.0,240,0.0,65214.58,1.0,5,2,66,6
0.0,240,0.0,85972.01,1.0,4,2,38,19
4.0,341,0.0,78535.65,0.7280409424,5,2,9,17
94.0,234,15758.57,22890.85,0.8809118054,3,4,27,41
1.0,300,46310.19,48026.49,0.0,4,2,9,19
1.0,240,12512.49,13855.28,0.0969153998,3,2,46,14
8.0,240,0.0,63318.9,1.0,4,2,15,1
0.0,240,133769.85,82010.89,0.8920614403,4,2,21,54
24.98,300,0.0,66004.16,1.0,4,2,7,3
13.0,240,38425.14,38416.77,0.0,4,2,31,8
1.0,228,13214.58,12070.51,0.0,3,2,40,22
24.98,240,75673.31,72293.65,0.0,5,2,41,4
83.0,347,91003.33,86671.86,0.0,5,2,24,6
8.0,180,0.0,21382.71,0.6982528172,5,2,34,1
96.0,120,40771.93,44320.8,0.0,5,2,49,6
25.0,180,0.0,24627.03,0.0,5,2,16,20
2.0,300,0.0,74635.35,1.0,4,2,16,1
2.0,300,0.0,71582.3,1.0,4,2,17,2
68.0,240,35506.48,36095.52,0.0,4,2,15,1
90.0,240,19219.5,19912.16,0.9696311199,3,2,19,42
0.0,360,151912.64,121720.53,0.0,5,2,13,19
1.0,120,0.0,184241.13,1.0,1,2,7,1
22.0,240,0.0,101708.76,1.0,5,2,24,2
24.98,240,48868.23,50572.26,0.0,4,2,21,23
1.0,240,8285.47,9929.69,0.8955647155,3,2,27,37
4.0,360,0.0,35155.95,1.0,5,2,39,3
90.0,240,70179.19,72645.7,0.0,4,2,31,4
24.98,240,23294.57,24735.97,0.0,4,2,23,13
1.0,234,9793.75,11126.61,0.1197903045,3,2,65,16
73.0,240,0.0,32058.16,1.0,4,2,60,1
1.0,240,0.0,104280.18,1.0,5,2,45,17
24.98,240,192883.9,142453.48,0.0,5,2,32,23
64.0,240,10902.7,11431.15,0.0462289446,3,2,50,5
24.98,240,38929.89,40456.0,0.0,5,2,33,16
8.0,300,0.0,43504.06,1.0,4,2,17,10
94.0,60,27832.43,26395.58,0.0,1,2,33,2
18.0,300,0.0,34724.18,1.0,4,2,14,1
1.0,222,13550.35,12643.91,0.9564841888,3,4,30,53
77.0,360,145559.58,142449.55,0.0,5,2,16,3
1.0,222,12553.63,4872.86,0.9734734837,3,2,27,40
5.0,360,135441.37,122883.9,0.0,5,2,7,10
24.98,228,13388.1,16699.13,0.9225169215,3,4,39,38
1.0,360,352119.9,358818.94,0.0186696945,5,2,14,7
18.0,300,70178.06,70902.6,0.0102188072,4,2,19,1
52.0,240,0.0,42587.05,1.0,5,2,52,1
24.98,204,56450.19,52438.21,0.0,4,2,12,10
1.0,234,14892.43,14616.62,0.9640881408,3,2,32,48
0.0,240,0.0,58134.9,1.0,5,2,39,11
29.0,204,20848.86,21533.14,0.0,4,2,26,1
65.0,240,35528.98,34726.06,0.0,3,4,47,8
24.98,180,35902.57,39641.03,0.0,1,2,48,15
1.0,222,11449.99,4290.47,0.9155780136,3,2,12,53
1.0,240,0.0,42261.01,1.0,4,2,56,8
94.0,236,17088.71,15768.89,0.9265522177,3,2,24,41
1.0,222,12685.39,7733.44,1.0,3,2,39,30
0.0,240,0.0,139391.46,0.89071719,5,2,18,3
1.0,300,0.0,52465.28,1.0,4,2,16,5
4.0,300,0.0,50149.87,1.0,4,2,22,1
17.0,240,17322.79,21562.76,0.8868512194,3,2,18,44
24.98,120,22.04,7372.61,0.9970105566,5,2,31,9
24.98,180,58886.3,58231.99,0.0,5,2,43,1
4.0,180,0.0,98711.71,0.7084591654,5,2,34,16
94.0,240,18573.04,14508.29,0.8719201229,3,4,20,37
13.0,229,15065.75,17861.61,0.9011578464,3,2,49,34
1.0,360,140640.61,153421.53,0.0833059089,5,2,12,5
24.98,218,14776.11,9665.49,0.8986280054,3,4,17,32
2.0,224,14435.25,18349.8,0.8740373192,3,2,32,44
1.0,222,13550.35,12643.91,0.958493852,3,4,30,53
94.0,224,14956.45,17840.36,0.8907589309,3,2,17,55
5.0,240,0.0,44394.11,1.0,4,2,25,1
52.0,300,35877.03,36345.23,0.0128820206,4,2,17,1
56.0,236,20283.49,19202.17,0.9267603609,3,2,19,52
24.98,240,170804.32,153760.34,0.0,5,2,16,8
1.0,236,4627.45,5866.99,0.8979323299,3,4,36,46
2.0,60,0.0,84110.45,0.3172015322,1,2,27,33
24.98,232,15423.21,12594.35,0.9752055485,3,2,31,32
1.0,223,11655.78,7672.67,1.0,3,2,39,30
0.0,240,145981.02,121889.33,0.0,5,2,24,15
0.0,300,0.0,51930.61,1.0,4,2,8,4
65.0,204,87225.21,87889.59,0.0,5,2,14,5
0.0,119,149504.53,118228.76,0.0,5,2,10,19
0.0,240,0.0,34312.93,1.0,4,2,23,14
5.0,300,69597.34,67195.27,0.0,4,2,14,6
8.0,240,48975.14,51184.88,0.0,5,2,26,10
8.0,240,0.0,75557.42,0.8104719569,4,2,11,21
45.0,240,10116.96,10782.83,0.0617528052,3,2,50,6
67.0,300,0.0,69416.42,1.0,4,2,16,12
0.0,240,97944.87,90067.09,0.0,5,2,17,8
0.0,300,86812.34,81386.83,0.0,4,2,13,10
0.0,230,22720.28,22952.9,1.0,3,4,25,50
94.0,360,93948.69,94780.15,0.008772512,5,2,15,1
94.0,240,17585.74,36496.9,0.0,5,2,40,24
0.0,300,0.0,45935.74,1.0,4,2,24,13
24.98,240,22170.17,23420.87,0.0,4,2,16,19
9.0,230,8256.82,9612.49,0.9117034192,3,2,28,52
8.0,360,0.0,215474.79,1.0,5,2,31,4
1.0,120,99038.85,72186.48,1.0,5,2,20,27
1.0,180,0.0,109145.23,1.0,5,2,27,5
1.0,240,0.0,47660.76,0.8588378155,5,2,47,5
96.0,360,0.0,138807.14,1.0,5,2,23,3
65.0,240,0.0,37451.65,1.0,4,2,47,2
94.0,300,0.0,59667.33,1.0,4,2,22,3
1.0,240,71248.18,65476.21,0.0,4,2,57,8
1.0,360,0.0,123466.15,1.0,5,2,16,2
4.0,360,0.0,142832.27,1.0,5,2,9,3
24.98,240,39633.7,45604.04,0.13091691,1,2,53,3
17.0,222,41290.2,40113.73,0.0,4,2,30,11
8.0,360,0.0,45623.48,0.7535811747,4,2,10,1
94.0,240,19221.72,19752.33,0.9573144029,3,2,24,37
1.0,240,10249.71,12087.47,0.9624139708,3,2,21,34
24.98,240,93573.72,90891.07,0.0,5,2,11,3
1.0,300,25663.41,25335.38,0.0,4,2,19,8
0.0,360,0.0,85876.4,1.0,5,2,22,5
2.0,360,0.0,216139.56,1.0,5,2,19,8
4.0,300,35636.94,34317.58,0.0,4,2,21,7
1.0,119,0.0,183895.61,1.0,5,2,19,17
1.0,300,0.0,70861.92,1.0,4,2,9,1
1.0,260,71299.52,65585.44,0.0,4,2,8,12
2.0,180,0.0,74922.42,0.6158022275,1,2,79,54
70.0,236,21223.83,9885.37,0.9627580961,3,2,28,40
6.0,360,0.0,103532.47,1.0,4,2,19,18
24.98,120,0.0,85371.3,1.0,1,2,13,2
24.0,300,0.0,23669.47,0.8792463371,4,2,17,3
5.0,300,0.0,65385.0,1.0,4,2,14,3
0.0,240,155104.26,99645.66,1.0,4,2,10,42
17.0,193,0.0,26674.79,1.0,5,2,14,2
13.0,300,0.0,54105.47,1.0,4,2,12,1
6.0,240,0.0,41914.35,1.0,5,2,22,10
1.0,300,65464.06,62539.67,0.0,4,2,13,8
0.0,360,0.0,20249.76,1.0,5,2,10,5
61.0,360,0.0,140802.82,1.0,5,2,24,1
24.98,240,51671.67,56449.33,0.084636257,4,2,24,7
8.0,240,0.0,40165.55,1.0,5,2,28,6
2.0,300,0.0,24822.47,1.0,4,2,13,8
24.98,222,11930.27,5586.13,0.9099054265,3,2,20,50
1.0,300,56121.04,49904.15,0.0,4,2,17,19
23.0,240,40731.22,38722.59,0.0,1,2,91,8
96.0,240,61637.53,62222.4,0.0093996696,5,2,42,3
5.0,300,0.0,53172.05,1.0,4,2,33,2
77.0,204,0.0,52233.31,1.0,5,2,30,2
24.98,300,61336.07,59820.31,0.0,4,2,9,4
77.0,360,0.0,137833.34,1.0,5,2,15,1
2.0,240,0.0,56997.58,0.0,5,2,22,24
2.0,240,108712.6,105471.79,0.0,5,2,8,7
5.0,180,0.0,58825.2,1.0,5,2,56,5
2.0,240,107559.26,107320.74,0.0,5,2,31,5
93.0,300,0.0,47661.98,1.0,4,2,31,2
0.0,240,156571.96,144545.69,0.0,5,2,15,4
0.0,240,12514.48,13709.6,0.0,3,2,44,16
7.0,204,41734.53,54345.29,0.7056756017,5,2,16,42
1.0,222,7641.54,5537.84,0.9276577149,3,2,17,55
24.98,205,81374.8,106381.98,0.666251192,1,2,47,41
31.0,240,90101.96,80321.49,0.0,5,2,18,21
92.0,225,63155.42,67633.39,0.0,5,2,29,15
0.0,300,44362.71,44012.38,0.0,4,2,13,3
2.0,300,39940.48,40426.64,0.0120257335,4,2,14,2
46.0,300,23658.63,23536.8,0.0,4,2,12,1
24.98,300,55049.88,52573.04,0.0,4,2,8,8
92.0,240,128476.3,130626.31,0.0,5,2,11,3
12.0,300,0.0,53434.79,1.0,4,2,30,1
0.0,360,134659.59,121550.95,0.0,5,2,23,10
94.0,240,30875.91,31631.33,0.0238820182,4,2,39,3
24.98,240,19157.01,34291.14,0.7688592858,4,2,23,32
75.0,360,0.0,206409.83,1.0,5,2,14,1
0.0,119,0.0,38676.73,0.7614092815,5,2,33,2
24.98,235,8838.18,9122.76,0.0228012137,3,4,24,20
5.0,240,0.0,20236.56,1.0,4,2,41,4
1.0,222,12685.39,7733.49,1.0,3,2,39,30
1.0,360,0.0,153999.69,1.0,4,2,25,1
16.0,240,24548.32,26239.43,0.0,5,2,38,4
24.98,180,54379.41,65367.87,0.0,1,2,53,10
24.98,180,28931.35,33584.48,0.0,1,2,28,24
49.0,360,0.0,91838.28,1.0,5,2,21,0
64.0,232,15190.66,18060.11,0.9228924962,3,2,24,59
61.0,360,0.0,129701.97,1.0,5,2,13,1
54.0,360,0.0,73416.05,1.0,5,2,21,1
2.0,300,0.0,91205.7,1.0,4,2,11,5
1.0,120,0.0,48070.24,1.0,1,2,76,1
24.98,191,43424.08,51422.92,0.0,1,2,119,10
11.0,300,0.0,74667.11,1.0,4,2,18,3
2.0,228,13213.6,11989.78,0.971728422,3,2,28,34
24.98,204,60318.06,62374.81,0.0,4,3,31,13
94.0,240,121026.59,75835.89,0.0,5,2,17,6
9.0,240,39013.37,39120.83,0.0,4,2,28,2
94.0,240,28559.9,27408.81,0.0,3,2,55,8
24.98,240,25571.78,4357.02,0.9280540369,3,2,8,55
10.0,300,0.0,45555.28,1.0,4,2,27,1
24.98,300,55254.7,51949.22,0.0,4,2,10,10
24.98,300,78719.25,76427.85,0.0,4,2,7,5
2.0,240,0.0,57125.52,1.0,5,2,27,3
53.0,300,0.0,144093.15,1.0,5,2,21,1
24.98,300,0.0,92702.13,1.0,4,2,9,6
1.0,236,21262.15,9851.61,0.9656979925,3,2,28,40
0.0,300,90422.43,85829.51,0.0,4,2,8,8
1.0,234,23680.93,27009.64,0.1232415538,3,4,38,19
90.0,230,11483.41,13830.89,0.922597895,3,4,33,29
5.0,240,13235.0,14514.74,0.0881683034,5,2,43,20
10.0,228,0.0,48625.73,1.0,4,2,80,2
0.0,228,13257.85,17534.1,0.2438819215,3,4,56,15
94.0,240,22281.73,22534.37,0.0,4,2,29,1
24.98,204,61546.26,56657.33,0.0,5,2,28,7
24.98,240,101011.87,99264.25,0.0,5,2,7,1
24.98,240,1952.45,122475.46,0.9840584391,5,2,20,4
90.0,300,0.0,35470.46,1.0,4,2,15,3
24.98,240,281037.85,186393.29,1.0,5,2,7,32
1.0,236,14661.55,9913.63,0.9704528008,3,2,28,40
24.98,180,18840.93,35758.9,0.2926026938,5,2,24,19
