,eta,max_depth,gamma,subsample,colsample_bytree,min_child_weight,opt_rounds
0,0.024084354161479648,4.0,9.595836338769152e-08,0.4982474284249854,0.970460815026903,66.0,331.0
